sarcomeric,
sarcophaga,
sarcophagal,
sarcophagi,sarcophagy
sarcophagy,sarcophagi
sarcophagic,
sarcophagid,
sarcophagidae,
sarcophagine,
sarcophagize,
sarcophagous,
sarcophagus,esophagus
sarcophaguses,
sarcophile,
sarcophilous,
sarcophilus,
sarcoplasm,
sarcoplasma,
sarcoplasmatic,
sarcoplasmic,
sarcoplast,
sarcoplastic,
sarcopoietic,
sarcopsylla,
sarcopsyllidae,
sarcoptes,
sarcoptic,
sarcoptid,
sarcoptidae,
sarcorhamphus,
sarcosepsis,
sarcosepta,
sarcoseptum,
sarcosin,marcussen,parkison,markuson
sarcosine,parkesine
sarcosis,narcosis
sarcosoma,
sarcosomal,
sarcosome,
sarcosperm,
sarcosporid,
sarcosporida,
sarcosporidia,
sarcosporidial,
sarcosporidian,
sarcosporidiosis,
sarcostyle,
sarcostosis,
sarcotheca,
sarcotherapeutics,
sarcotherapy,
sarcotic,
sarcous,marcus,arcus,markus,markkas,archeus,farkas,sarkis,barcus,carcass,barkus
sarcoxie,
sarcura,
sard,
sardachate,
sardana,
sardanapalian,
sardanapallos,
sardanapalos,
sardanapalus,
sardanas,
sardar,vardar,ardour
sardars,
sardegna,
sardel,mccardell,mccardle,fardel,cardol,kardell,nardil,mcardle
sardella,umbrella,casella,minella,barela,luella,fenella,cannella,ella,nela,leola,vela,dibella,daniella,daniela,pella,bela,della,corella,campanella,villella,ariella,mirella,zanella,rotella,avella,bella,marbella,cappella,prunella,gabriella,selah,petrella,fabela,goodfella,sabella,favela,carmela,novella,marcella,cella,sela,petronella,gabriela,citronella,stela,bellah,fella,adela,mirabella,sella,mandella,ardella,parella,ela,patella,rosella,tele,cinderella,arabella,annabella,labella,mandela,donella,salmonella,vendela,chela,rella,fela,marella,kinsella,isabella,viyella,abela,flagella,meloplasty,capella,estrella,michaela,rubella,kwela,fellah,marvella,candela,nella,gazella,vella,abella,estella,dela,stella,cela,marcela,louella,muscarella,mella
sardelle,
sardes,
sardian,
sardine,bromine,vien,clean,lean,peregrine,canteen,mean,reconvene,marine,wean,protein,clementine,foreseen,intervene,contravene,thirteen,submarine,augustine,fifteen,convene,sunscreen,gene,figurine,spleen,murine,tourmaline,baleen,umpteen,cuisine,routine,hygiene,opaline,philistine,casein,amphetamine,unforeseen,caffeine,tangerine,aberdeen,nene,wolverine,scene,quarantine,dean,halloween,limousine,undine,guillotine,green,amin,demean,irene,byzantine,obscene,sabine,selene,labyrinthine,lien,geraldine,between,saline,seen,serene,holstein,trampoline,aquamarine,agin,mien,florentine,libertine,gasoline,careen,magazine,glean,latrine,leen,sheen,feine,queen,kerosene,preteen,mezzanine,ravine,argentine,aniline,jean,machine,mein,evergreen,vaccine,treen,preen,screen,eugene,bean,internecine,gelatine,keen,sistine,teen
sardines,menes,fifteens,appleans,slovenes,phillipines,opalines,mangosteens,philistines,saenz,teens,viens,limousines,screens,evergreens,skeens,marines,cuisines,quarantines,eritreans,betweens,queans,submarines,penes,sunscreens,figurines,eanes,jeanes,greens,peregrines,jeans,routines,intervenes,soybeans,smithereens,keens,weans,argentines,alkenes,libertines,preteens,wiens,weins,brenes,sixteens,convenes,amphetamines,martines,denes,geans,liens,gleans,cleans,means,proteins,gabardines,sheens,latrines,careens,newsmagazines,reconvenes,psenes,ravines,deines,vaccines,miens,nitrosamines,leans,queens,scenes,carotenes,genes,demeans,magazines,philippines,canteens,spleens,peens,tangerines,eighteens,fourteens,gasolines,beans,machines,caesareans,deans,bylines
sardinewise,
sardinia,neurasthenia,slovenia,herminia,erminia,vaccinia,genioplasty,armenia,schizophrenia,eugenia,albinia,zinia,xenia,alenia,robinia
sardinian,
sardinians,
sardis,sardas,cardiss,cardis,pardus,ardis,mardis,dardis
sardius,
sardiuses,
sardo,denardo,dinardo,bennardo,pardo,berardo,girardot,dileonardo,gagliardo,dibernardo,guagliardo,pichardo,velardo,ricardo,gerardo,edoardo,bernardo,gallardo,accardo,attardo,bardo,lombardo,nardo,eduardo,alvardo,elardo,vilardo,pappalardo,leonardo,riccardo,lopardo,guzzardo,fajardo,lonardo,gucciardo,guajardo,milardo
sardoin,ardoyne
sardonian,
sardonic,hedonic,vanik,hydroponic,hypersonic,blahnik,panasonic,hyaluronic,varitronic,laconic,tectonic,propionic,planktonic,kronick,tranzonic,supersonic,respironic,conic,tronic,histrionic,avionic,electronic,neoplatonic,ironic,platonic,embryonic,photronic,chronique,napoleonic,flextronic,ganglionic,audiotronic,plutonic,diatonic,synchronic,allophonic,medtronic,connick,phonic,bubonic,telectronic,isotonic,leptonic,chronic,hanak,harmonic,clonic,chthonic,symphonic,monophonic,miltonic,stronach,hegemonic,gnomonic,pharaonic,hypertonic,personic,environic,pneumonic,yonic,ionic,plantronic,isoelectronic,masonic,tonic,lexiphonic,nucleonic,fibronic,ebonic,ultrasonic,mnemonic,polyphonic,telephonic,ovonic,catatonic,canonic,philharmonic,lasersonic,diasonic,demonic,teutonic,microelectronic,sonic
sardonical,
sardonically,conically,tonically,electronically,chronically,ironically,sonically,phonically
sardonicism,
sardonyx,
sardonyxes,
sardou,tardo,cardo,nardoo
sards,courtyards,lards,yards,junkyards,safeguards,stockyards,bodyguards,cards,flashcards,shipyards,blowhards,bernards,jards,nards,retards,scorecards,disregards,regards,guards,mastercards,lifeguards,lumberyards,hards,graveyards,hildegardes,bards,postcards,backyards,datacards,discards,boulevards,diehards,bankcards,shards
sare,faire,aer,pair,compare,nightmare,guerre,thoroughfare,nowhere,affair,threadbare,spare,beware,clair,unfair,mohair,aware,healthcare,bear,hare,declare,pear,scare,unaware,lare,flair,rare,solitaire,elsewhere,daycare,where,dare,swear,malware,medicare,fair,welfare,snare,fare,care,square,ensnare,armchair,hardware,air,mer,cookware,blare,forswear,cher,stare,bair,prepare,altair,everywhere,ware,chair,blair,flare,wear,pare,airfare,eyre,repair,anywhere,footwear,timeshare,glare,debonair,fanfare,mare,their,share,extraordinaire,tear,terre,lair,warfare,gare,childcare,ere,err,heir,stair,impair,forebear,software,questionnaire,despair,dispair,underwear,there,hair,earthenware,claire,prayer,doctrinaire,millionaire,bare
saree,bourree,laree,doree
sarees,borghese,varese,urease,currys,boreas
sarelon,
sarena,
sarene,bromine,vien,clean,lean,peregrine,canteen,mean,reconvene,marine,wean,protein,clementine,foreseen,intervene,contravene,thirteen,submarine,augustine,fifteen,convene,sunscreen,gene,figurine,spleen,murine,tourmaline,baleen,umpteen,cuisine,routine,hygiene,opaline,philistine,casein,amphetamine,unforeseen,caffeine,tangerine,aberdeen,nene,wolverine,scene,quarantine,sardine,dean,halloween,limousine,undine,guillotine,green,amin,demean,irene,byzantine,obscene,sabine,selene,labyrinthine,lien,geraldine,between,saline,seen,serene,holstein,trampoline,aquamarine,agin,mien,florentine,libertine,gasoline,careen,magazine,glean,latrine,leen,sheen,feine,queen,kerosene,mezzanine,ravine,argentine,aniline,jean,machine,mein,evergreen,vaccine,treen,preen,screen,eugene,bean,internecine,gelatine,keen,sistine,teen
sarepta,
saretta,
sarette,quartet,gimlet,heavyset,clarinet,vette,typeset,internet,beset,brunette,subset,let,antoinette,outlet,cigarette,tete,dragnet,reset,baronet,upset,cornet,baguette,soviet,marmoset,lorgnette,charrette,smet,et,lafayette,beget,abet,roulette,pret,inlet,whet,cabriolet,gazette,avocet,ethernet,get,octet,sublet,minuet,rosette,outset,regret,parapet,asset,sextet,debt,pet,corvette,fret,silhouette,vet,tibet,nett,met,wet,coronet,mindset,headset,stet,net,barrette,chet,jet,vignette,sobriquet,cadet,minaret,quintet,cassette,anisette,epithet,yet,set,colette,bayonet,bet,duet,brett,joliet,piet,suffragette,offset,flageolet,sunset,alphabet,sweat,onset,preset,ret,inset,tet,calumet,forget,pipette,threat,vedette
sarex,
sargasso,grasso,jasso,brasso,vaso-,asco-,el-paso,spasso,dassow,sasso,brasow,imasco,basso,passow,tasco,lasso,masso,paso,casso
sargassos,
sargassum,
sargassumfish,
sargassumfishes,
sarge,lafarge,marje,countercharge,large,discharge,charge,sparge,telecharge,targe,overcharge,enlarge,marge,farge,turbocharge,supercharge,barge,recharge,surcharge,parge,mischarge
sargeant,chargeant,sargent,largent,argent,sergeant
sargent,chargeant,largent,argent,sargeant,sergeant
sargents,
sargentville,
sarges,
sargo,spargo,tamargo,mccargo,key-largo,margot,largo,camargo,vargo,margo,embargo,argo
sargodha,
sargonic,
sargonid,
sargonide,
sargos,
sargus,
sari,ari,gharry,montanari,gari,villari,gortari,amakudari,laurie,lipari,anbari,colombari,bottari,chary,altomare,bihari,hari,abare,lauri,mascari,laari,safari,degutare,ansari,decesare,jarry,dimare,starry,albukhari,licari,centauri,dibari,saari,cundari,baldassarre,vari,furnari,harare,knarry,zary,funari,sparry,amari,massari,frory,atari,baccari,lazzari,baldassare,butare,dicesare,lamarre,ulibarri,shari,calamari,cribari,zangari,macari,kuranari,baldassari,callari,canevari,mari,solari,halbutogullari,pary,ferrari,sorry,lohrey,callegari,cagliari,scolari,vicari,correi,legare,gaspari,molinari,bari,popolare,imari
sarid,
sarif,
sarigue,harig,carrig,carrigg,rahrig
sarilda,
sarin,cohron,garren,aren,darren,guarin,foreign,caryn,ahren,farin,mcclaren,marohn,marren,charen
sarina,
sarinda,
sarine,teenie,weeny,bodine,sheeny,aveline,sabatini,dildine,dorine,castine,greenie,giannini,rossini,bimini,orsini,rini,vini,bellini,maurine,leany,mcsweeney,baldini,latini,paganini,heaney,sweeny,queenie,reny,pini,meany,provine,ardine,guarini,pacini,celestine,domine,martini,florine,sweeney,feeney,toscanini,verine,genii,feeny,leontine,fini,fettuccine,linguine,bonine,yemeni,santini,wahine,meiny,deline,zucchini,lienee,spleeny,maline,cherubini,dini,perrine,lamborghini,larine,lepine,cassini,rosine,morini,cellini,fellini,ballentine,teeny,genie,puccini,delphine,beanie,carine,tweeny,jeannie,beany,mancini,lentini,meanie,jeanie,marini,greeny,mussolini,gilbertine,cabrini,eugenie,piccinini,lapine,victorine,agostini,angelini,bikini,houdini,albertini,balentine,pellegrini,seraphine
sarins,
sarip,
saris,charis,baris,safaris,armendariz
sarita,
sark,arc,trademark,marke,hallmark,barque,park,sparc,starck,postmark,quark,barke,darke,stark,demark,bismark,starc,marque,embark,disembark,parc,landmark,ballpark,arche,dark,pockmark,goldmark,matriarch,bsarch,skylark,narc,mark,clark,lark,oligarch,spark,ark,clarke,patriarch,saarc,chark,aardvark,parke,karch,meadowlark,earmark,shark,watermark,merc,benchmark,bismarck,ozark,remark,starke,harc,bark,snark,hark,monarch,hashmark,yarke,birthmark,barch,denmark,marc,garch
sarkar,subpar,revoir,far,motorcar,akbar,mar,carr,par,commissar,myanmar,registrar,scar,spar,csar,streetcar,navarre,caviar,guitar,lamar,parr,boxcar,ar,qatar,memoir,bazaar,zanzibar,cigar,reservoir,seminar,dinar,voir,adar,star,starr,feldspar,foobar,railcar,aargh,hectare,car,tar,mylar,afar,sandbar,alcazar,czar,sar,azar,barr,millibar,cinnabar,char,mawr,lumbar,renoir,barre,amritsar,dar,bar,nascar,jar,repertoire,radar,superstar,marr,are,disbar,boyar,rebar,bazar,thar,sitar,lodestar,bizarre,gar,tsar,crowbar,har,r,haar,alar,amar,jaguar,avatar,handlebar,babar,ajar,dakar,sidebar,saar,lar,magyar
sarkaria,
sarkful,
sarky,sharkey,larkey,archi-,hierarchy,patriarchy,parky,harkey,lamarche,trimarchi,marchi,matriarchy,marky,narky,sparky,snarky,archey,markie,marcie,demarchi,malarkey,larky,darky,darcie,oligarchy,darkey,parcae,mullarkey,archi,darkie,barky,archae
sarkical,
sarkier,
sarkiest,
sarkine,
sarking,arcing,sparking,remarking,barking,embarking,larking,harking,sharking,marking,carking,parking,earmarking
sarkinite,
sarkis,sarcous,marcus,arcus,markus,markkas,archeus,farkas,barcus,carcass,barkus
sarkit,
sarkless,
sarks,
sarlac,garlic,garlick,narlock,harlock,karlik,garlock
sarlak,
sarles,marls,karls,gnarls,snarls,carles,arles,charles,charls,carls
sarlyk,
sarmatia,
sarmatian,location,conversation,observation,population,vocation,approbation,obfuscation,evaluation,configuration,articulation,dedication,information,designation,situation,revelation,integration,dissertation,abomination,transformation,medication,precipitation,communication,adaptation,collocation,affirmation,generation,collaboration,civilization,radiation,cooperation,notation,consternation,variation,administration,reconciliation,foundation,correlation,segregation,ramification,reservation,transportation,implication,remediation,constellation,connotation,conflagration,abbreviation,quotation,reputation,interpretation,manifestation,aberration,creation,meditation,presentation,implementation,litigation,consideration,vacation,preparation,expectation,gentrification,corporation,innovation,anticipation,affiliation,relation,alliteration,association,nation,appreciation,rehabilitation,remuneration,conservation,trepidation,determination,application,altercation,organization,translation,orientation,citation,education,deviation,discrimination,inspiration,pronunciation,accommodation,aspiration,inclination,motivation,proliferation,obligation,representation,indignation,salvation,compensation,sensation,station,operation
sarmatic,
sarmatier,
sarment,disbarment,debarment,varmint,garment,varment,undergarment,arment
sarmenta,
sarmentaceous,
sarmentiferous,
sarmentose,
sarmentous,
sarments,
sarmentum,
sarna,varna,barna,dharna
sarnath,
sarnen,arnon,carnin,farnan,mcclarnon
sarnia,
sarnoff,
sarod,arid,jarryd,garrod,larid,farad,gared,marad
sarode,
sarodes,
sarodist,
sarodists,
sarods,
saroyan,
saron,
sarona,
sarong,birdsong,chong,ong,stong,gong,yearlong,yong,hmong,plainsong,vong,throng,zhang,bong,pong,kong,song,truong,scuppernong,headlong,furlong,fong,prong,hong,long,kang,klong,belong,headstrong,rong,pudong,mong,vietcong,flong,clong,spong,huang,lifelong,sprong,thong,monthlong,kwong,dwang,kwang,delong,swang,jong,prolong,dong,armstrong,xiong,zedong,schlong,daylong,twang,phuong,tang,quang,strong,zhejiang,along,tong,chuang,weeklong,hwang,kyong,cong,wong,guangdong,wrong,jiang,hourlong
sarongs,longs,throngs,belongs,prongs,dongs,prolongs,alongs,gongs,songs,wrongs,tongs,thongs,pongs,bongs
saronic,
saronide,
saronville,
saros,karos,camaros,nagymaros
saroses,
sarothamnus,
sarothra,
sarothrum,
sarouk,
sarpanch,
sarpedon,
sarpler,
sarpo,carpo-,carpo,harpo
sarra,fanara,shara,carra,omara,yoshihara,malara,tiara,camara,cantara,matsubara,chiara,farra,vizcarra,sciarra,ferrara,parra,ibarra,kotara,chara,ficarra,caracara,navarra,harra,ishihara,vara,uyehara,vergara,segarra,asmara,takara,azzara,beshara,fiumara,cassara,sciara,kuwahara,sankara,carrara,kurihara,amara,kawahara,guadalajara,mara,makara,lazzara,omeara,zangara,tamara,cucchiara,dichiara,ogara,alcantara,miyahara,tara,cynara,komara,mazzara,mortara,jara,marmara,gandara,negara,fujiwara,marra,delara,uehara,madara,bara,barra,ybarra,carbonara,rara,timisoara,aarau,nara,lara,brizzolara,samsara,guevara
sarracenia,
sarraceniaceae,
sarraceniaceous,
sarracenial,
sarraceniales,
sarraf,
sarrasin,carrisyn,characin,barracan,saracen,garrison,larison,larrison
sarraute,
sarrazin,
sarre,gnarr,harr,whare,crare,kesar,harre,sware,zarr,sparr,narre,knarr,labarr,stahr,chare,smarr,charre,klahr,sahr,garr,phare,schnarr,charr,tarre,snarr,debarr,quare
sarrow,
sarrusophone,
sarrusophonist,
sarsa,parsa,larsa
sarsaparilla,
sarsaparillas,
sarsaparillin,
sarsar,
sarsars,
sarsechim,
sarsen,arsen,marzan,carson,tarzan,garzon
sarsenet,sarcenet
sarsenets,
sarsens,
sarsi,
sarsnet,
sarson,
sarsparilla,
sart,
sartage,
sartain,pertain,rein,fain,main,feign,bane,fein,train,gain,mane,slain,germaine,explain,vein,mundane,migraine,terrain,aine,arraign,cain,detain,dane,lane,ane,plane,hurricane,maine,pane,plain,wain,rain,brain,vane,profane,twain,obtain,strain,cocaine,spain,germain,reign,complain,sprain,humane,shane,airplane,sustain,saine,crane,ascertain,bain,partain,entertain,attain,ordain,maintain,germane,trane,retain,wane,swain,disdain,inhumane,crain,remain,thane,refrain,arcane,jane,moraine,stain,again,chain,lain,inane,quain,grain,contain,insane,zane,kane,abstain,fane,campaign,skein,domain,drain,sane,membrane,cane,deign,constrain,vain,champagne,urbane,romaine,legerdemain,restrain,wayne,pain
sartell,
sarthe,marthe
sartin,harton,gartin,smarten,hartin,marton,barton,harten,mcmartin,demartin,mccarten,mccartan,kindergarten,rosengarten,martyn,weingarten,kilmartin,mccartin,darton,hallgarten,guilmartin,parten,barten,garton,parton,hearten,carton,spartan,marten,tartan,bongarten,martin,gilmartin,partin,garten
sartish,
sarto,artow,suharto,barto
sarton,
sartor,karter,nonstarter,hartter,garter,barter,charter,martyr,harter,starter,tarter,darter,vanmarter,smarter,marter,carter,arter,parter,mccarter,mcartor,tartar
sartoriad,
sartorial,pictorial,janitorial,curatorial,conspiratorial,editorial,nomenclatorial,oriol,extraterritorial,ambassadorial,lauriol,raptorial,senatorial,territorial,arboreal,morial,directorial,advertorial,dictatorial,correale,professorial,floreal,equatorial,flonorial,gubernatorial,reportorial,tutorial,auriol,memorial,prosecutorial,immemorial
sartorially,
sartorian,
sartorii,
sartorite,
sartorius,glorious,inglorious,choreus,aureus,victorious,meritorious,notorious,laborious
sartors,
sartre,artra
sartrian,
sartrianism,
sarts,
saru-gaku,
saruk,
sarum,haram,carrom,maremme,karam,param,harim,larum,carum,garum,carom,tarim,marum,muharram
sarus,
sarvarthasiddha,
sarver,garver,whitescarver,mccarver,tarver,woodcarver,marver,wisecarver,farver,carver
sarvodaya,
sarwan,
sarzan,
sas,blass,cas,bluegrass,glas,bass,underpass,repass,vass,trass,fass,pass,wrasse,smartass,kvass,casque,jackass,ras,snodgrass,surpass,sassafras,spyglass,sass,sasse,grasse,plexiglass,cass,outclass,casse,last,brass,impasse,chasse,tasse,strass,class,gras,eyeglass,lasse,masse,eelgrass,contrasts,frass,rasse,gas,overpass,hourglass,underclass,alas,plas,amass,sunglass,fiberglass,landmass,plexiglas,bras,basse,ass,harass,das,mass,alsace,hass,middle-class,grass,morass,lass,crass,yass,nass,tass,trespass,bypass,brasse,glass
sasa,
sasabe,
sasak,
sasakwa,
sasame-yuki,
sasan,
sasani,
sasanqua,
sasarara,
sascha,
sase,
sasebo,
saseno,
sash,noncash,rehash,rasch,dasch,crash,slapdash,lash,kash,ashe,basch,slash,lasch,backlash,cache,cash,balderdash,ash,mash,nash,plash,nashe,potash,rash,shash,trash,dash,brash,stash,gash,backslash,hasch,mishmash,asche,gnash,tash,whiplash,cybercash,smash,eyelash,splash,clash,brasch,jordache,hash,flash,abash,mustache,bash,asch,thrash,pash,moustache
sasha,natasha,cashaw,crashaw,mattea,tasha
sashay,cachet
sashayed,
sashaying,
sashays,
sashed,splashed,fashed,rasht,bashed,unabashed,plashed,trashed,smashed,mustached,lashed,abashed,cashed,slashed,gashed,stashed,mashed,dashed,flashed,clashed,crashed,thrashed,hashed,cached,gnashed
sashenka,
sashery,
sasheries,
sashes,eyelashes,slashes,cashes,crashes,stashes,ashes,mustaches,rashes,mattias,caches,backslashes,smashes,clashes,lashes,dashes,mashes,backlashes,gnashes,gashes,hashes,trashes,bashes,splashes,thrashes,whiplashes,flashes
sashimi,
sashimis,
sashing,
sashless,
sashoon,
sash-window,
sasi,
sasin,hasson,lasagne,assassin,glasson,gassen,hassen,kassen,mcglasson,yassin,kassin,cason,masson,fasten,nason,gascogne,tassin,plasson,classon,pengassan,fason,clason,bassin,yasin,assen,klassen,sasson,chasin,casson,bason,lassen,chason,kasson,glassen,stassen,passon,kassan,classen,dracin,cassin
sasine,glaucine,piscine,vicine,phocine,picine,lycine,decine,fuscine,husain
sasins,
sask,
sask.,
saskatchewan,exon,argon,gabon,coupon,oman,spawn,epsilon,withdrawn,gone,ron,woebegone,denouement,rapprochement,drawn,bon,iran,micron,yawn,tron,echelon,prawn,hexagon,aragon,mastodon,axon,agamemnon,wan,pylon,proton,juan,carillon,swan,aileron,non,don,bygone,chiffon,oregon,hon,crayon,nylon,forgone,moron,amadon,celadon,liaison,yuan,flawn,foregone,octagon,pawn,avalon,pentagon,sean,antiphon,marathon,john,radon,polygon,baton,pantheon,amazon,meson,parmesan,salon,quan,babylon,automaton,khan,photon,yon,capon,boron,pecan,hogan,on,han,phenomenon,upon,braun,emoticon,neutron,dawn,oberon,fawn,con,paragon,lexicon,lawn,pion,brawn
saskatoon,june,maroon,galloon,jeune,pantaloon,strewn,cancun,honeymoon,bethune,magoon,buffoon,picayune,gruen,bassoon,hoon,calhoon,coon,saloon,cardoon,witherspoon,lagoon,cahoon,suine,troon,moone,boon,midafternoon,noon,koon,hewn,immune,cameroon,raccoon,inopportune,calhoun,impugn,toon,laffoon,sassoon,croon,shoon,kuhn,shoen,opportune,platoon,pontoon,baboon,spoon,muldoon,typhoon,noone,boone,kroon,attune,shewn,rune,teaspoon,cocoon,brune,festoon,mattoon,tycoon,yoon,moon,monsoon,poon,harpoon,contrabassoon,tablespoon,commune,lampoon,soon,terhune,afternoon,dune,suen,prune,rangoon,cartoon,clune,goon,loon,balloon,swoon,tune
sasnett,basnett,aspnet
saspamco,
sass,blass,cas,bluegrass,glas,bass,underpass,repass,vass,trass,fass,pass,wrasse,smartass,kvass,casque,jackass,ras,snodgrass,surpass,sassafras,sas,spyglass,sasse,grasse,plexiglass,cass,outclass,casse,last,brass,impasse,chasse,tasse,strass,class,gras,eyeglass,lasse,masse,eelgrass,contrasts,frass,rasse,gas,overpass,hourglass,underclass,alas,plas,amass,sunglass,fiberglass,landmass,plexiglas,bras,basse,ass,harass,das,mass,alsace,hass,middle-class,grass,morass,lass,crass,yass,nass,tass,trespass,bypass,brasse,glass
sassaby,
sassabies,
sassafac,
sassafrack,
sassafras,blass,cas,bluegrass,glas,bass,underpass,repass,vass,trass,fass,pass,wrasse,smartass,kvass,casque,jackass,ras,snodgrass,surpass,sas,spyglass,sass,sasse,grasse,plexiglass,cass,outclass,casse,last,brass,impasse,chasse,tasse,strass,class,gras,eyeglass,lasse,masse,eelgrass,contrasts,frass,rasse,gas,overpass,hourglass,underclass,alas,plas,amass,sunglass,fiberglass,landmass,plexiglas,bras,basse,ass,harass,das,mass,alsace,hass,middle-class,grass,morass,lass,crass,yass,nass,tass,trespass,bypass,brasse,glass
sassafrases,
sassagum,
sassak,
sassamansville,
sassan,
sassandra,
sassanian,
sassanid,
sassanidae,
sassanide,
sassanids,
sassari,askari,vasari,cassiri
sasse,blass,cas,bluegrass,glas,bass,underpass,repass,vass,trass,fass,pass,wrasse,smartass,kvass,casque,jackass,ras,snodgrass,surpass,sassafras,sas,sass,spyglass,grasse,plexiglass,cass,outclass,casse,last,brass,impasse,chasse,tasse,strass,class,gras,eyeglass,lasse,masse,eelgrass,contrasts,frass,rasse,gas,overpass,hourglass,underclass,alas,plas,amass,sunglass,fiberglass,landmass,plexiglas,bras,basse,ass,harass,das,mass,alsace,hass,middle-class,grass,morass,lass,crass,yass,nass,tass,trespass,bypass,brasse,glass
sassed,aghast,amassed,passed,superfast,typecast,bypassed,triplecast,clast,nast,surpassed,ghast,outcast,snast,holdfast,contrast,unsurpassed,telecast,grassed,vast,massed,blast,flabbergast,precast,brast,forecast,asked,chast,everlast,mast-,glassed,last,iconoclast,rast,lymphoblast,rebroadcast,gassed,blast-,overcast,gast,simulcast,polycast,classed,belfast,caste,colorfast,lambaste,tillinghast,mast,outclassed,ast,downcast,amcast,broadcast,assed,sandblast,chloroplast,newscast,outlast,past,bast,fast,plast,miscast,prendergast,enthusiast,qualcast,harassed,pendergast,cast,hast,lightfast,podcast,steadfast,kast,comcast,recast
sassella,
sassenach,
sassenage,
sasser,nassar,grasser,harasser,kassar,passer,masseur,masur,strasser,vasseur,placer,vasser,nasser,asser,vassar,brasseur,crasser,yasser,masser,lasser,glasser,gasser,massar,cassar
sasserides,
sasses,
sassetta,
sassy,cassi,assay,plassey,blassie,stassi,selassie,tassi,brassy,massi,tallahassee,massie,classy,vassey,kasey,glassy,efficacy,grassy,gassy,brassie,bassi,passey,massy,malagasy,uliassi,paspy,chassis,masci,glassey,profligacy,grassi,fasci,passy,thlaspi,passee,rasey,lassi,vasey,lassie,massey,jassy,cassie,hassey,sassi
sassybark,
sassier,brassier,gasior,gassier,classier,grassier,glassier
sassies,
sassiest,classiest,gassiest,brassiest,grassiest,glassiest
sassily,
sassiness,
sassing,amassing,passing,grassing,paseng,glassing,classing,kassing,pasang,bypassing,maseng,surpassing,gassing,harassing,outclassing,massing,hassing,trespassing
sassywood,
sassolin,maslen,asselin,ascalon,maselyn,brasilin
sassoline,
sassolite,
sassoon,june,maroon,galloon,jeune,pantaloon,strewn,cancun,honeymoon,bethune,magoon,buffoon,picayune,saskatoon,gruen,bassoon,hoon,calhoon,coon,saloon,cardoon,witherspoon,lagoon,cahoon,suine,troon,moone,boon,midafternoon,noon,koon,hewn,immune,cameroon,raccoon,inopportune,calhoun,impugn,toon,laffoon,croon,shoon,kuhn,shoen,opportune,platoon,pontoon,baboon,spoon,muldoon,typhoon,noone,boone,kroon,attune,shewn,rune,teaspoon,cocoon,brune,festoon,mattoon,tycoon,yoon,moon,monsoon,poon,harpoon,contrabassoon,tablespoon,commune,lampoon,soon,terhune,afternoon,dune,suen,prune,rangoon,cartoon,clune,goon,loon,balloon,swoon,tune
sasswood,
sasswoods,
sastean,
sastra,lastra,castra,shastra,gastroplasty,astra
sastruga,zastruga
sastrugi,
sat,spat,matt,stat,rat,plutocrat,elat,patte,wildcat,gnat,doormat,kitcat,platt,strat,bratt,polecat,scat,flat,catt,inmarsat,pussycat,gujarat,kat,nonfat,caveat,ziggurat,schmatte,pratt,laundromat,platte,democrat,aerostat,that,chitchat,batt,cat,babysat,gat,aristocrat,bobcat,thundercat,sprat,gatt,tomcat,acrobat,wombat,bat,technocrat,fat,splat,scrat,pat,glatt,bureaucrat,chat,hat,tit-for-tat,scatt,vat,muskrat,combat,mat,format,nat,begat,brickbat,hatte,dat,matte,patt,thermostat,blatt,habitat,placemat,butterfat,sadat,copycat,latke,at,diplomat,slat,tat,autocrat,brat
sat.,
sata,
satable,
satai,
satay,
satays,
satan,payton,straighten,paten,deighton,mayton,peyton,brayton,latten,lateen,clayton,aten,statin,gaytan,eyton,stayton,layton,natan,cayton,gayton,shaytan,ratan,slayton,drayton,shaitan,iatan,leighton,laten,creighton,straiten,platan,crayton,slaten,katyn,dayton,hayton,batan,greaten
satanael,
satanas,
satang,blatting,patting,matting,copycatting,batting,ratting,hatting,chatting,spatting,combating,flatting,vatting,datong,gatting,slatting,fatting,tatting,sating,platting,combatting,wildcatting,catting,scatting
satangs,
satanic,titanic,stefanic,zanuck,yannick,hovanec,atlantic,manik,tanakh,magellanic,transoceanic,stanek,panik,tympanic,fanuc,germanic,jannock,yanik,janick,manak,romanik,volcanic,yanick,chovanec,mechanic,banik,janak,galvanic,kanak,telemecanique,panic,janik,danek,brannick,botanic,subvolcanic,organic,gananoque,stefanik,panek,franek,oceanic,hannoch,midlantic,szczepanik,tannic,inorganic,koranic,janicke,cannock,messianic,nanak,gigantic,stannic,hispanic,banick,brannock,ganic,banach,transatlantic,mazanec,manic,rappahannock,bannick,urbanik,bannock
satanical,
satanically,
satanicalness,
satanism,cronyism,chism,capitalism,atheism,favoritism,imperialism,plagiarism,euphemism,ism,optimism,collectivism,mercantilism,rheumatism,nihilism,individualism,professionalism,antagonism,aneurism,parallelism,zionism,organism,anachronism,criticism,symbolism,positivism,nationalism,altruism,totalitarianism,materialism,botulism,modernism,determinism,darwinism,humanism,escapism,metabolism,chauvinism,populism,judaism,legalism,pragmatism,narcissism,surrealism,catechism,paternalism,alcoholism,colonialism,hedonism,magnetism,naturalism,activism,nepotism,pluralism,egotism,chisum,mannerism,cynicism,socialism,communism,journalism,liberalism,dualism,egalitarianism,astigmatism,patriotism,terrorism,feudalism,relativism,absolutism,feminism,empiricism,autism,nativism,romanticism,racism,recidivism,animism,schism,elitism,dynamism,parochialism,secularism,consumerism,statism,gnosticism,prism,embolism,mechanism,tourism,stoicism,fatalism,pessimism,federalism,egoism,aphorism,mysticism,fascism,despotism,evangelism,skepticism
satanisms,
satanist,platonist,neoplatonist
satanistic,
satanists,platonists
satanity,
satanize,
satanology,
satanophany,
satanophanic,
satanophil,
satanophobia,
satanship,
satanta,
satara,
sataras,
satartia,
satb,
satchel,gatchel,sachel,gatchell,machel,brachial,ratchel,patchell,hatchell,satchell,hatchel
satcheled,
satchelful,
satchels,
satchel's,
sat-chit-ananda,
satcitananda,
sat-cit-ananda,
satd,
sate,articulate,elaborate,manipulate,debate,surrogate,compensate,separate,abate,gate,update,denigrate,cultivate,evaluate,reiterate,rate,facilitate,alleviate,exacerbate,consolidate,create,appreciate,assimilate,adequate,obfuscate,emulate,extrapolate,propagate,desolate,rait,straight,conflate,elucidate,appropriate,stipulate,arrogate,moderate,contemplate,designate,delineate,late,slate,graduate,abdicate,gait,integrate,postulate,wait,estate,trait,collaborate,freight,anticipate,delegate,dedicate,alternate,estimate,intimate,disseminate,plate,fate,procrastinate,relate,weight,date,great,resonate,initiate,mitigate,abrogate,ameliorate,collate,demonstrate,associate,accommodate,mandate,coordinate,vacillate,state,obviate,dissipate,corroborate,subordinate,emanate,deliberate,precipitate,spate,inculcate,advocate,communicate,commiserate,repudiate,incorporate,innate,celebrate,predicate,consummate,mate,indicate,profligate,deprecate
sated,unabated,integrated,associated,truncated,animated,consolidated,incapacitated,educated,slated,exasperated,orientated,related,incorporated,anticipated,located,alienated,exaggerated,aggregated,separated,initiated,bated,emaciated,obligated,saturated,liberated,annotated,emanated,elevated,opinionated,antiquated,concentrated,dissipated,automated,mitigated,belated,excoriated,predicated,devastated,articulated,unmitigated,incarcerated,intimidated,stipulated,delineated,irritated,sophisticated,intimated,indicated,bifurcated,unadulterated,decapitated,isolated,cultivated,substantiated,stated,exacerbated,feted,inundated,mandated,overrated,created,eviscerated,affiliated,perforated,inebriated,consecrated,dilapidated,elated,deprecated,situated,graduated,nauseated,precipitated,dilated,allocated,corrugated,frustrated,encapsulated,appreciated,outdated,understated,contaminated,motivated,aggravated,reiterated,fascinated,prorated,infatuated,agitated,promulgated,abated,relegated,complicated,serrated,interrelated,exonerated,intoxicated,designated,attenuated,dated
satedness,
sateen,
sateens,
sateenwood,
sateia,
sateless,mateless,stateless,weightless,dateless,freightless,bateless,gateless
satelles,
satellitarian,
satellite,hindsight,playwright,kite,dight,highlight,outright,tripartite,despite,delight,indict,uptight,alight,mite,limelight,rite,midnight,feit,might,bright,bite,excite,flight,cite,incite,fight,neophyte,recondite,lignite,contrite,write,overwrite,rewrite,bight,expedite,spotlight,sleight,slight,oversight,lite,acolyte,wight,extradite,fahrenheit,indite,website,backbite,meteorite,white,forthright,knight,ignite,unite,spite,upright,polite,erudite,appetite,plebiscite,sight,fright,alright,frostbite,apatite,goodnight,copyright,blight,recite,byte,finite,smight,moonlight,plight,quite,hermaphrodite,invite,graphite,brite,apartheid,twilight,light,dolomite,foresight,tight,sprite,height,insight,underwrite,fortnight,trite,parasite,twite,overnight,night,wright,right,nite,smite,site,downright,luddite
satellited,
satellites,nights,lights,sprites,frites,stylites,writes,campsites,slights,acolytes,stites,flights,frights,brights,fights,sulfites,shipwrights,apatites,jacobites,backlights,suburbanites,knights,heitz,tights,sites,reits,invites,soundbites,nites,neophytes,bites,ammonites,israelites,sights,excites,delights,incites,lites,phagocytes,recites,reunites,kites,megabytes,rights,mennonites,shiites,crites,uprights,lymphocytes,extradites,floodlights,searchlights,geitz,flashlights,reitz,cites,luddites,highlights,spites,gigabytes,smites,insights,bytes,unites,socialites,dolomites,ignites,skylights,mites,whites,plights,footlights,sleights,appetites,wights,headlights,seitz,overflights,daylights,rewrites,wrights,heights,blights,rites,kilobytes,copyrights,urbanites,dogfights,spotlights,playwrights,parasites
satellite's,
satellitesimal,
satellitian,
satellitic,
satellitious,
satellitium,
satellitoid,
satellitory,
satelloid,
satem,stratum,satcom,statim,atom,hatem,tatom,datum,sense-datum,chatham,tatem,batum,statum
sates,vertebrates,dictates,classmates,relates,necessitates,vacillates,corroborates,mitigates,chordates,demonstrates,predominates,inmates,subordinates,ates,bates,invertebrates,hippocrates,perpetuates,primates,approximates,emulates,grates,accommodates,eights,indicates,commemorates,disseminates,appreciates,traits,accelerates,rates,updates,obviates,facilitates,predicates,emirates,negates,permeates,expatriates,exacerbates,baits,mandates,delegates,delineates,nates,plates,repudiates,plaits,annotates,estimates,fluctuates,coates,graduates,translates,differentiates,equates,estates,weights,allocates,gates,teammates,affiliates,intimidates,anticipates,waits,cates,mates,deviates,coordinates,deteriorates,skates,exaggerates,dates,associates,pates,straits,slates,states,radiates,awaits,fates,creates,yates,dissipates,yeats,advocates,separates,infuriates,illustrates,integrates,resonates,postulates,evaporates,fetes,crates,extrapolates,greats,operates
sathrum,
sati,
satiability,
satiable,insatiable
satiableness,
satiably,
satyagraha,
satyagrahi,
satyaloka,
satyashodak,
satiate,
satiated,
satiates,
satiating,
satiation,
satie,latty,attie,hattie,chati,hatty,strati,mcatee,natty,tattie,fatty,batty,gatti,cratty,mattie,cattie,pattie,flattie,cincinnati,bratty,chatty,matty,gatty,patty,hatti,nattie,patti,scatty,catty,battey,ratty,tatty,ghatti
satieno,
satient,
satiety,
satieties,
satin,platten,platen,patton,mchatton,slaton,manhattan,bratten,brattin,fatten,chattin,staton,matin,batton,bratton,hatton,catain,gratin,baton,braton,grattan,patten,matton,ratten,statton,battin,flatten,catton,slatten,gratton,batten,caton,gatten,paton,flaten,lattin,slatton,platin,staten,pattin,hattan,stratton,laton,hatten,patin,latin,patane,gatton,craton
satinay,
satin-backed,
satinbush,
satine,
satined,
satinet,rattinet,patinate
satinets,
satinette,
satin-faced,
satinfin,
satin-finished,
satinflower,
satin-flower,
sating,blatting,patting,matting,copycatting,batting,ratting,hatting,chatting,spatting,combating,flatting,vatting,datong,gatting,slatting,fatting,tatting,satang,platting,combatting,wildcatting,catting,scatting
satiny,platini,rhatany,catenae,ratany
satininess,
satining,
satinite,
satinity,
satinize,
satinleaf,
satin-leaved,
satinleaves,
satin-lidded,
satinlike,
satin-lined,
satinpod,
satinpods,
satins,latins,battens,flattens,fattens,matins,patons,mattins,pattens
satin-shining,
satin-smooth,
satin-striped,
satinwood,
satinwoods,
satin-worked,
sation,impassion,paschen,cashen,tashin,cashin,bashan,ashen,mcglashan,passion,compassion,ascian,ration,fashion,cashon
satyr,atter,catarrh,flatour
satire,shier,dwyer,wire,guyer,spier,tyer,enquire,acquire,friar,rewire,higher,eyer,supplier,occupier,flier,rectifier,identifier,ayer,shyer,misfire,humidifier,prier,dryer,dire,pacifier,dyer,transpire,tire,squier,liar,multiplier,fire,crier,entire,amplifier,magnifier,prior,conspire,fryer,attire,umpire,cryer,mier,foxfire,emulsifier,homebuyer,gunfire,plyer,hire,frier,sigher,purifier,buyer,retire,fortifier,wryer,require,ceasefire,choir,bonfire,meyer,desire,highflier,nigher,brier,sire,campfire,cease-fire,drier,flyer,qualifier,wrier,pyre,wildfire,hotwire,hier,plier,briar,schier,trier,quagmire,pryer,mire,trior,pryor,stier,meier
satireproof,
satires,liars,hyers,backfires,byars,homebuyers,highfliers,wyers,squires,wildfires,acquires,fliers,ceasefires,pacifiers,syers,driers,amplifiers,squiers,dyers,desires,priors,criers,friers,ayers,plyers,bonfires,viars,fortifiers,magnifiers,styers,hires,transpires,qualifiers,humidifiers,meyers,miers,fires,smyers,stiers,doubtfires,inquires,requires,briars,campfires,pliers,bryars,aspires,tires,dryers,flyers,myers,occupiers,byers,triers,swyers,friars,wires,retires,spiers,purifiers,buyers,expires,fryers,rectifiers,blowdryers,umpires,suppliers,pyres
satire's,
satyresque,
satyress,
satyriases,
satyriasis,
satiric,pyrrhic,siroc,lyric,wyrick,jirik,vampiric,syrek,yearick,viereck,pyhrric,mirick,stratospheric,dirac,wirick,rearick,hemispheric
satyric,
satirical,spiracle,lyrical,miracle,spiricle,empirical
satyrical,
satirically,
satiricalness,
satyrid,
satyridae,
satyrids,
satyrinae,
satyrine,
satyrion,
satirisable,
satirisation,
satirise,
satirised,
satiriser,
satirises,
satirising,
satirism,
satyrism,
satirist,
satirists,
satirizable,
satirize,chastise,rationalize,surmise,supplies,galvanize,guys,realize,disguise,revitalize,pulverize,sympathize,mize,rise,empathize,hypothesize,size,catalyze,fries,otherwise,apologize,subsidize,likewise,wise,surprise,advise,lies,summarize,emphasize,improvise,comprise,energize,criticize,epitomize,supervise,mobilize,demise,aggrandize,utilize,harmonize,disenfranchise,franchise,prise,maximize,revise,prize,polarize,merchandise,compromise,enterprise,memorize,proselytize,marginalize,baptize,characterize,exercise,synthesize,antagonize,authorize,paralyze,sunrise,devise,guise,optimize,finalize,capitalize,arise,patronize,ostracize,scrutinize,flies,crystallize,recognize,despise,metastasize,emprise,analyze,stabilize,amortize,plagiarize,apprise,familiarize,jeopardize,mesmerize,minimize,tantalize,advertise,capsize,ties,prioritize,synchronize,reprise,stigmatize,visualize,materialize,organize,socialize,customize,eyes,allies,belies
satirized,
satirizer,
satirizers,
,
