tarragona,
tarragons,
tarrah,
tarrance,
tarrant,arent,farrant,ahrendt,parrent,arant,garant,current,arhant
tarras,karras,carras,charas,barras,warez,arroz,paras,claros,garroz,varas,arras,tharos,charras
tarrasa,larisa,carisa
tarrass,
tarrateen,
tarratine,
tarre,snarr,stahr,crare,sware,labarr,harre,debarr,whare,schnarr,klahr,sarre,sahr,sparr,chare,zarr,gnarr,phare,narre,smarr,garr,kesar,charr,harr,quare,knarr,charre
tarred,barred,vcard,renard,postcard,bankcard,chouinard,flashcard,shard,chard,knarred,lumberyard,nard,garde,beauregard,bernard,junkyard,boulevard,bard,avant-garde,lazard,brickyard,starred,bongard,card,charred,retard,leotard,billard,backyard,vanguard,barnard,blowhard,pickard,regard,marred,boatyard,bombard,lifeguard,dockyard,mastercard,scarred,wildcard,dillard,disbarred,diehard,lard,broussard,canard,bouchard,jarred,churchyard,belgard,gard,picard,blvd,stockyard,ard,schoolyard,courtyard,graveyard,carde,bodyguard,sparred,guard,menard,fugard,hard,gerard,discard,gnarred,gaspard,barde,disregard,yard,godard,parred,safeguard,tared,scard,farmyard,scorecard,shipyard,barnyard
tarrel,
tar-removing,
tarrer,
tarres,
tarri,
tarry,legendary,adversary,arie,mulberry,dairy,cemetery,strawberry,monastery,visionary,unitary,marry,tributary,salutary,pecuniary,carry,cherry,fairy,primary,seminary,capillary,dictionary,arbitrary,aerie,lapidary,monetary,military,itinerary,sedentary,emissary,preliminary,airy,hereditary,necessary,sanitary,confectionary,missionary,judiciary,cautionary,corollary,bury,imaginary,reactionary,raspberry,eyrie,library,veterinary,mercenary,confectionery,ary,proprietary,harry,very,apothecary,extraordinary,vocabulary,temporary,unnecessary,luminary,revolutionary,pulmonary,epistolary,parry,blueberry,merry,nary,contrary,obituary,canary,dysentery,commentary,secondary,stationery,hairy,culinary,contemporary,gooseberry,fiduciary,subsidiary,discretionary,beneficiary,barre,mary,ordinary,tertiary,solitary,february,literary,prairie,estuary,ferry,stationary,sanctuary,secretary,berry,wary,huckleberry,customary,ancillary,vary,scary
tarriance,
tarry-breeks,
tarrie,
tarried,intermarried,carried
tarrier,carrier,marrier,barrier,charrier,warier
tarriers,
tarries,carries,parries,naris
tarriest,
tarrify,
tarry-fingered,
tarryiest,
tarrying,harrying,carrying,parrying
tarryingly,
tarryingness,
tarry-jacket,
tarry-john,
tarrily,
tarryn,
tarriness,
tarring,barring,scarring,marring,charring,taring,jarring,gnarring,starring,parring,sparring
tarrish,
tarrytown,touchdown,shantytown,midtown,motown,chinatown,cooperstown,drown,renown,around,hometown,shutdown,godown,meltdown,lown,hoedown,markdown,countdown,knockdown,noun,comedown,shakedown,town,crown,down,putdown,uptown,frown,lowdown,tinseltown,jamestown,run-down,downtown,browne,clampdown,boomtown,facedown,drawdown,crosstown,clown,runaround,slowdown,playground,sundown,letdown,lockdown,brown,showdown,crackdown,turndown,georgetown,breakdown,rundown,gown
tarrock,parrock,shahrokh
tar-roofed,
tarrow,
tarrs,
tarrsus,
tars,
tarsadenitis,
tarsal,
tarsale,
tarsalgia,
tarsalia,
tarsals,
tar-scented,
tarse,arsch,farce,parse,barse,sparse,farse,sarse,marse,arce,carse
tar-sealed,
tarsectomy,
tarsectopia,
tarshish,
tarsi,marcy,farsi,darsey,farci,darsy,darcy,carsey,marci,darci,parsi,parsee,farcy,darcey
tarsia,
tarsias,
tarsier,
tarsiers,
tarsiidae,arcidae
tarsioid,
tarsipedidae,
tarsipedinae,
tarsipes,
tarsitis,
tarsius,
tarski,
tarso-,tarso,marso,parsow
tar-soaked,
tarsochiloplasty,
tarsoclasis,
tarsomalacia,
tarsome,
tarsometatarsal,
tarso-metatarsal,
tarsometatarsi,
tarsometatarsus,
tarso-metatarsus,
tarsonemid,
tarsonemidae,
tarsonemus,
tarso-orbital,
tarsophalangeal,
tarsophyma,
tarsoplasia,
tarsoplasty,
tarsoptosis,
tarsorrhaphy,
tarsotarsal,
tarsotibal,
tarsotomy,
tar-spray,
tarsus,arsis,narcisse,catharsis,tarses
tarsuss,
tart,kmart,reinhardt,elkhart,eckhart,sweetheart,mouthpart,capehart,artcc,hobart,start,bart,stuttgart,impart,goulart,multipart,art,hardt,bogart,heart,charte,flowchart,depart,lockhart,lionheart,hart,headstart,bonaparte,mart,tarte,haart,fart,marte,descartes,dart,upstart,parte,scart,newhart,jumpstart,walmart,go-cart,restart,urquhart,harte,cart,smart,part,carte,outsmart,apart,skart,counterpart,oxcart,clart,chart
tartaglia,scaglia,cimaglia,taglia,quaglia,paglia,battipaglia,miraglia
tartago,
tartan,harton,kilmartin,mcmartin,hallgarten,parton,parten,marten,demartin,mccartin,harten,marton,mccarten,mccartan,partin,smarten,martin,darton,barten,guilmartin,bongarten,sartin,martyn,hartin,barton,rosengarten,weingarten,garten,hearten,gartin,kindergarten,gilmartin,carton,garton,spartan
tartana,
tartanas,
tartane,
tartan-purry,
tartans,spartans
tartar,garter,darter,arter,harter,starter,sartor,parter,tarter,barter,mccarter,carter,smarter,charter,martyr,marter,karter,hartter,vanmarter,mcartor,nonstarter
tartarated,
tartare,parterre
tartarean,
tartareous,
tartaret,
tartary,
tartarian,
tartaric,
tartarin,
tartarine,
tartarish,
tartarism,
tartarization,
tartarize,martyrize
tartarized,
tartarizing,
tartarly,
tartarlike,
tartar-nosed,
tartarology,
tartarous,
tartarproof,
tartars,starters,darters,martyrs,carters,dartars,garters,charters,nonstarters
tartarum,
tartarus,
tarte,kmart,reinhardt,elkhart,eckhart,sweetheart,mouthpart,capehart,artcc,hobart,start,bart,stuttgart,impart,goulart,multipart,art,hardt,bogart,heart,charte,flowchart,depart,lockhart,lionheart,hart,headstart,bonaparte,mart,haart,fart,marte,descartes,dart,upstart,parte,tart,scart,newhart,jumpstart,walmart,go-cart,restart,urquhart,harte,cart,smart,part,carte,outsmart,apart,skart,counterpart,oxcart,clart,chart
tarted,
tartemorion,
tarten,
tarter,garter,darter,arter,harter,starter,sartor,parter,barter,mccarter,carter,smarter,charter,martyr,marter,karter,hartter,tartar,vanmarter,mcartor,nonstarter
tartest,
tarty,sarti,hearty,fogarty,hogarty,haggarty,parti,arty,artie,party,moriarty,uriarte,darty,counterparty,marty,marti,martie,mclarty,clarty,multiparty,harty,ugarte,carty,mcclarty,smarty,mccarty,intraparty
tartine,
tarting,
tartini,
tartish,smartish,startish,bartosh
tartishly,
tartishness,
tartle,
tartlet,partlet,heartlet,bartlett,martlet
tartlets,
tartly,gartley,bartley,partly,artly,artley,smartly,hartley
tartness,smartness,hartness
tartnesses,
tarton,
tartralic,
tartramate,
tartramic,
tartramid,
tartramide,
tartrate,
tartrated,
tartrates,
tartratoferric,
tartrazin,
tartrazine,
tartrazinic,
tartrelic,
tartryl,
tartrylic,
tartro,tartro-
tartro-,tartro
tartronate,
tartronic,
tartronyl,
tartronylurea,
tartrous,
tarts,jumpstarts,headstarts,martz,autoparts,darts,sweethearts,farts,hartz,mouthparts,martes,upstarts,counterparts,kartes,barts,bartz,smarts,departs,artz,marts,robarts,castparts,outsmarts,arts,cartes,flowcharts,schartz,cuisinarts,starts,charts,parts,ramparts,hearts,spartz,carts,imparts,harts
tarttan,
tartu,
tartufe,
tartufery,
tartufes,
tartuffe,
tartuffery,
tartuffes,
tartuffian,
tartuffish,
tartuffishly,
tartuffism,
tartufian,
tartufish,
tartufishly,
tartufism,
tartwoman,
tartwomen,
taruma,
tarumari,
taruntius,
tarve,
tarvia,
tar-water,
tarweed,
tarweeds,
tarwhine,
tarwood,barwood
tarworks,
tarzan,an,scran,businessman,chan,bogeyman,japan,tran,suntan,klan,caravan,pecan,ferdinand,deadpan,shan,sudan,yan,sarsen,taliban,superman,catamaran,pakistan,mann,van,loran,tristan,journeyman,doorman,ann,jan,fisherman,rattan,quran,saran,afghanistan,plan,skean,man,began,milan,hitman,sandman,sideman,span,cancan,bhutan,nan,anchorman,saucepan,stan,moran,handyman,flan,dan,cyan,merman,afghan,zan,cannes,anne,san,ran,pan,gran,rodin,batman,tan,lifespan,liane,minuteman,kinsman,caveman,clergyman,than,bran,hann,carson,scan,madman,lan,gan,divan,kan,can,gamesman,sedan,helmsman,bedpan,fan,middleman,snowman,moulin,strongman,clan,iran,caftan,quean,ban
tarzana,
tarzanish,
tarzans,
tas,
tasajillo,
tasajillos,
tasajo,
tasbih,
tasc,
tascal,
tasco,lasso,masso,brasso,sasso,sargasso,paso,basso,jasso,asco-,spasso,passow,dassow,el-paso,brasow,grasso,casso,vaso-,imasco
taseometer,
tash,shash,whiplash,backslash,mash,nashe,brasch,slash,rasch,mustache,noncash,bash,potash,lasch,balderdash,ashe,nash,abash,pash,asche,clash,hasch,stash,thrash,eyelash,rash,gash,cache,basch,splash,dasch,ash,smash,lash,crash,flash,rehash,sash,kash,jordache,dash,mishmash,trash,plash,asch,gnash,brash,moustache,cash,cybercash,hash,backlash,slapdash
tasha,sasha,crashaw,natasha,mattea,cashaw
tasheriff,
tashie,
tashkend,
tashkent,fent,prevent,pent,rent,supplement,ferment,underwent,meant,spent,underrepresent,occident,assent,malcontent,lent,indent,drent,splent,wendt,content,augment,resent,torment,lament,gent,unspent,misspent,ident,scent,event,zent,ghent,circumvent,broadbent,represent,wente,segment,disorient,repent,frequent,dissent,blent,mente,orient,sprent,dent,cent-,ascent,shent,invent,tent,went,glent,outspent,trent,sente,convent,discontent,overspent,advent,cement,dement,president,present,extent,percent,dente,cent,slent,intent,consent,accent,descent,kent,ent,sent,brent,stent,lente,gwent,reinvent,misrepresent,bent,nonevent,relent,vent
tashlich,
tashlik,
tashmit,
tashnagist,
tashnakist,
tashreef,
tashrif,
tashusai,
tasi,
tasia,
tasian,
tasiana,
tasimeter,
tasimetry,
tasimetric,
task,mask,masque,multitask,unmask,ask,basque,pask,flask,pasch,pasque,lask,trask,rask,cask,bask
taskage,
tasked,masked,unmasked,asked,basked
tasker,lascar,lasker,madagascar,asker,masquer,masker
tasking,asking,basking,masking,multitasking
taskit,
taskless,
tasklike,
taskmaster,postmaster,blaster,concertmaster,caster,raster,castor,broadcaster,ringmaster,podcaster,pilaster,aster,pastor,kaster,stratocaster,burgomaster,sportscaster,gaster,alabaster,mcmaster,oleaster,grandmaster,disaster,faster,paster,laster,scoutmaster,jaster,buckmaster,master,schoolmaster,vaster,macmaster,quartermaster,roadmaster,newscaster,lancaster,webmaster,forecaster,plaster,toastmaster,astor,goodpaster,headmaster
taskmasters,
taskmastership,
taskmistress,
tasks,basks,casks,basques,masques,asks,flasks,masks
tasksetter,
tasksetting,
taskwork,
task-work,
taskworks,
tasley,
taslet,
tasm,vasum,assam,ascham,kassem,hassam,bassam
tasman,yasmin,jazmin,jasmin,yasmine,jazzmen,rasmin,jasmine
tasmania,cranioplasty,lusitania,germania,zenia,albania,ruritania,canea,tanzania,mania,dromomania,megalomania,compania,sylvania,romania,mauritania,pomerania,lithuania,rumania,transylvania
tasmanian,lithuanian,ohanian,banian,romanian,vartanian,rumanian,bahrainian,aslanian,panamanian,tanzanian,hovnanian,pennsylvanian,ghanian,arslanian,pomeranian,iranian,ukrainian,mediterranean,stepanian,subterranean,franion,jordanian,albanian
tasmanite,
tass,vass,outclass,plas,ras,fiberglass,sass,chasse,hass,smartass,alsace,gras,sassafras,glas,jackass,class,bluegrass,yass,ass,brasse,hourglass,surpass,nass,fass,overpass,amass,tasse,lasse,mass,crass,das,bras,harass,casque,basse,strass,frass,impasse,repass,cas,plexiglass,cass,underpass,spyglass,rasse,contrasts,middle-class,sunglass,casse,gas,underclass,pass,brass,bass,trespass,masse,kvass,wrasse,morass,eelgrass,lass,sasse,trass,plexiglas,grasse,landmass,glass,bypass,eyeglass,snodgrass,alas,sas,grass,blass,last
tassago,
tassah,
tassal,
tassard,
tasse,vass,outclass,plas,ras,fiberglass,sass,chasse,hass,smartass,alsace,gras,sassafras,glas,jackass,class,bluegrass,yass,ass,brasse,hourglass,surpass,nass,fass,overpass,amass,lasse,mass,crass,das,bras,harass,casque,basse,strass,frass,impasse,repass,cas,plexiglass,cass,underpass,spyglass,rasse,contrasts,middle-class,sunglass,casse,gas,underclass,pass,brass,bass,trespass,masse,tass,wrasse,kvass,morass,eelgrass,lass,sasse,trass,plexiglas,grasse,landmass,glass,bypass,eyeglass,snodgrass,alas,sas,grass,blass,last
tassel,astle,wrastle,vassel,grassel,cassel,kastle,mountcastle,brasil,cassell,brasel,brassell,phasel,tahsil,vassal,yggdrasil,vantassell,newcastle,kasel,kasell,hassell,basle,nacelle,greencastle,ygdrasil,castle,hassel,facile,hardcastle,lassalle,gracile,vantassel,sphacel,grassl,mascle,rassle,hassle,kassel,passel
tasseled,mascled,hassled,tasselled,castled
tasseler,
tasselet,
tasselfish,
tassel-hung,
tassely,
tasseling,hassling,tasselling
tasselled,mascled,hassled,tasseled,castled
tasseller,
tasselly,
tasselling,tasseling,hassling
tassellus,
tasselmaker,
tasselmaking,
tassels,hassles,vassals,cassels,castles,pascals,cassells
tassel's,
tasser,
tasses,hourglasses,landmasses,agassiz,wrasses,eyeglasses,grasses,lasses,brasses,morasses,harasses,boardingpasses,thasos,classes,amasses,glasses,passes,gasses,fasces,outclasses,bypasses,surpasses,gases,sunglasses,asses,molasses,masses,basses,overpasses
tasset,cohasset,masqat,tacet,bassett,facet,lasket,pacate,acet-,tacit,basset,placit,multifacet,massett,gassett,mascotte,hassett,assot,casquet,fascet,placet,fassett,cassatt,flasket
tassets,
tassie,dassie,glasseye,basye
tassies,
tasso,portico,dado,blow,vertigo,bowe,forgo,hydro,willow,ho,patio,hoe,whoa,aglow,tomorrow,mow,fallow,radio,sew,so,go,rainbow,tow,calypso,yoe,rhino,hello,dough,throw,slow,cameo,borrow,plough,micro,co,bio,lo,coco,tomato,joe,veto,below,winnow,glo,rococo,archipelago,adagio,grow,quo,ratio,mo,apropos,tableau,overthrow,low,otto,torso,roe,tornado,espresso,shadow,flow,potato,meadow,although,o,show,woe,grotto,forego,though,virago,foe,doe,plateau,beau,aficionado,undergo,gusto,toe,snow,studio,torpedo,glow,owe,crow,know,no,bestow,tempo,escrow,row,photo,manifesto,indigo,audio,pro,buffalo,portfolio
tassoo,
tastable,
tastableness,
tastably,
taste,lambaste,aced,yorkbased,encased,defaced,haste,chased,placed,erased,cased,spaced,faced,retraced,displaced,debased,waist,raced,kleinpaste,paced,chaste,graced,disgraced,mayst,replaced,waste,laste,allwaste,showcased,interlaced,foretaste,unplaced,broadbased,aist,paste,distaste,aftertaste,embraced,braced,based,outpaced,laced,misplaced,toothpaste,traced,baste
tasteable,
tasteableness,
tasteably,
tastebuds,
tasted,pasted,plaisted,wasted,waisted,basted,lambasted,hasted
tasteful,distasteful,wasteful
tastefully,wastefully
tastefulness,wastefulness
tastekin,
tasteless,wasteless
tastelessly,
tastelessness,
tastemaker,taste-maker
taste-maker,tastemaker
tasten,
taster,traister,maister,waster,eyster,plaister,baster,waister
tasters,wasters
tastes,pastes,toothpastes,foretastes,waists,hastes,aftertastes,wastes,lambastes,bastes
tasty,hastie,hastey,pasty,pastie,hasty
tastier,hastier,pastier
tastiest,hastiest,pastiest
tastily,
tastiness,hastiness,pastiness
tasting,wasting,hasting,lambasting,basting,pasting
tastingly,
tastings,hastings
tasu,
taswell,
tat,matte,slat,bureaucrat,chitchat,that,aerostat,bratt,catt,spat,blatt,gujarat,gnat,combat,pratt,batt,mat,platte,babysat,sprat,patte,bobcat,tit-for-tat,elat,butterfat,nat,nonfat,doormat,matt,hat,pat,laundromat,scat,autocrat,technocrat,thundercat,stat,democrat,scrat,gatt,bat,aristocrat,wildcat,inmarsat,latke,schmatte,chat,patt,tomcat,polecat,cat,wombat,hatte,plutocrat,flat,platt,scatt,acrobat,format,fat,thermostat,strat,copycat,begat,kitcat,gat,splat,at,kat,placemat,sat,diplomat,dat,sadat,habitat,muskrat,brat,caveat,brickbat,ziggurat,vat,rat,glatt,pussycat
ta-ta,mariotta
tatami,atomy,anatomy
tatamy,
tatamis,
tatar,chatter,fatter,vannater,batter,slatter,mater,vanatter,vannatter,hatter,mcfatter,patter,attar,smatter,ratter,sater,satter,schlatter,scatter,shatter,tatter,antimatter,platter,vatter,spatter,flatter,natter,blatter,wildcatter,chitterchatter,splatter,clatter,latter,mcphatter,matter
tatary,
tatarian,
tataric,
tatarization,
tatarize,
tatars,taters,spatters,shatters,patters,splatters,batters,wildcatters,hatters,chatters,flatters,scatters,platters,matters,tatters,clatters,graters
tataupa,
tatbeb,
tatchy,
tate,slate,subordinate,vacillate,advocate,conflate,indicate,moderate,debate,assimilate,gate,state,accommodate,relate,manipulate,predicate,dissipate,estimate,celebrate,ameliorate,coordinate,cultivate,abrogate,alternate,weight,contemplate,postulate,denigrate,appreciate,profligate,date,trait,compensate,intimate,fate,gait,surrogate,integrate,initiate,obviate,anticipate,precipitate,innate,evaluate,straight,rait,repudiate,late,consolidate,delegate,mate,associate,mitigate,elaborate,commiserate,obfuscate,extrapolate,great,designate,deprecate,create,communicate,freight,abdicate,update,separate,appropriate,reiterate,alleviate,stipulate,collate,dedicate,spate,demonstrate,elucidate,adequate,graduate,abate,propagate,resonate,delineate,arrogate,emulate,consummate,disseminate,incorporate,desolate,wait,rate,deliberate,facilitate,corroborate,exacerbate,collaborate,estate,articulate,procrastinate,inculcate,emanate,mandate,plate
tater,traitor,decatur,regulator,carburetor,excavator,speculator,accumulator,insulator,elevator,investigator,integrator,waiter,facilitator,hater,terminator,illustrator,creator,radiator,pater,greater,stater,innovator,mercator,refrigerator,respirator,curator,exterminator,liquidator,incinerator,gladiator,arbitrator,fetor,activator,detonator,ventilator,estimator,freighter,coordinator,indicator,denominator,gator,defibrillator,moderator,navigator,alternator,eighter,perpetrator,commentator,stator,percolator,rater,procrastinator,amphitheater,applicator,mediator,gaiter,decorator,amphitheatre,communicator,viator,incubator,animator,escalator,instigator,negotiator,locator,grater,administrator,imitator,fabricator,cater,legislator,demonstrator,baiter,crater,frater,slater,agitator,dictator,translator,litigator,equator,operator,skater,actuator,infiltrator,later,aviator,accelerator,calculator,simulator,generator,alligator,originator,manipulator,oscillator,illuminator,collaborator,educator,mater
taters,spatters,shatters,patters,splatters,tatars,batters,wildcatters,hatters,chatters,flatters,scatters,platters,matters,tatters,clatters,graters
tates,
tateville,
tath,
tathagata,
tathata,
tati,
tatia,
tatian,
tatiana,adriana,susquehanna,kana,hanna,arcana,gloriana,fontana,guyana,haryana,diana,bwana,sana,arana,urbana,benihana,fauna,parana,hannah,cabana,morgana,rana,havana,anna,thana,khanna,arianna,tropicana,banana,botswana,trona,cana,canna,manna,ivana,gonna,savanna,jnana,shauna,madonna,prana,piano,montana,savannah,oriana,grana,ariana,bandana,levana,mahayana,tswana,sangha,nona,iguana,brianna,liana,louisiana,lackawanna,nirvana,tanna,nana,alana,mariana,mexicana,copacabana,donna,susanna,americana,bophuthatswana,panna,indiana,jana,pollyanna,solana,santana,wanna,juliana,lantana,tijuana,oceana,liliana,humana,ana,santa,hana,amana,nanna,juana,mana,sauna,guiana,atlanta,campana,vana,lana,joanna,marijuana,ghana
tatianas,
tatiania,
tatianist,
tatianna,
tatie,
tatius,
tatler,
tatman,shatman,chatmon,vatman,chatman,patman,atman,stratman,stratmann
tatmjolk,
tatoo,
tatoos,
tatou,battu,battue
tatouay,
tatouays,
tatpurusha,
tats,
tatsanottine,
tatsman,
tatta,patka,matta,blatta,latta,data,wmata,atta,schemata,batta,cata-,beata,sense-data,natka,latah,ameridata,natta,chahta,rata,strata,datta,hatta,kata-
tattan,
tat-tat,
tat-tat-tat,
tatted,blatted,vatted,matted,slatted,fatted,batted,hatted,chatted,scatted,spatted,catted,flatted,dratted,platted,patted,ratted
tatter,chatter,fatter,vannater,batter,slatter,mater,vanatter,vannatter,hatter,mcfatter,patter,attar,smatter,ratter,sater,satter,schlatter,scatter,shatter,antimatter,platter,vatter,spatter,flatter,natter,blatter,wildcatter,chitterchatter,splatter,tatar,clatter,latter,mcphatter,matter
tatterdemalion,
tatterdemalionism,
tatterdemalionry,
tatterdemalions,
tattered,attard,flattered,pattered,splattered,clattered,chattered,battered,shattered,spattered,scattered,mattered
tatteredly,
tatteredness,
tattery,
tattering,
tatterly,
tatters,taters,spatters,shatters,patters,splatters,tatars,batters,wildcatters,hatters,chatters,flatters,platters,matters,scatters,clatters,graters
tattersall,
tattersalls,
tatterwag,
tatterwallop,
tatther,
tatty,patty,fatty,satie,natty,bratty,tattie,pattie,patti,batty,matty,battey,cattie,chatty,latty,ghatti,scatty,catty,gatty,attie,mattie,flattie,hattie,cratty,nattie,ratty,cincinnati,strati,hatti,chati,mcatee,hatty,gatti
tattie,patty,fatty,satie,natty,bratty,pattie,patti,batty,matty,battey,cattie,chatty,latty,ghatti,scatty,catty,gatty,attie,mattie,flattie,hattie,cratty,nattie,ratty,cincinnati,strati,hatti,chati,mcatee,hatty,gatti,tatty
tattied,
tattier,
tatties,fatties,patties,satis,gattis,catties
tattiest,
tattily,cattily,chattily
tattiness,
tatting,matting,catting,platting,flatting,fatting,patting,gatting,scatting,ratting,vatting,slatting,datong,sating,combatting,batting,blatting,wildcatting,chatting,copycatting,satang,spatting,hatting,combating
tattings,
tatty-peelin,
tattle,chattel,attal,prattle,spattle,cattle,brattle,battel,rattle,embattle,seattle,skatol,catel,stratal,hatel,vatful,attle,battle,ratel
tattled,prattled,battled,matilde,embattled,rattled
tattlement,
tattler,atler,sattler,rattler,statler
tattlery,
tattlers,
tattles,prattles,rattles,chattels,battles,battels
tattletale,
tattletales,
tattling,catling,prattling,gatling,battling,flatling,fatling,spratling,rattling
tattlingly,
tattoo,xu,undue,anew,slew,hitherto,dew,bamboo,sue,into,ingenue,u,roux,cuckoo,emu,few,due,undo,vue,ensue,que,thru,yew,poo,shrew,goo,do,q,ado,canoe,overdo,revenue,glue,subdue,residue,flue,stew,flu,two,chew,to,eschew,statue,renew,through,lieu,true,shoe,coo,rendezvous,interview,new,taboo,screw,brew,clue,accrue,tissue,loo,gnu,view,pew,you,yahoo,lulu,crew,debut,shue,breakthrough,construe,queue,askew,too,outdo,purview,strew,adieu,spew,rue,pursue,imbue,guru,skew,vu,zoo,ewe,review,blue,hue,barbecue,overview,coup,redo,cue,hew,avenue,who,woo,retinue,mew,boo
tattooage,
tattooed,likud,feud,amplitude,flewed,spewed,barbecued,longitude,subdued,snood,collude,brood,turpitude,rude,elude,exude,food,screwed,seclude,pursued,canoed,frankenfood,altitude,debuted,trude,delude,strude,preclude,shoed,extrude,prelude,solitude,solicitude,unglued,multitude,brewed,strewed,cooed,exactitude,gratitude,eschewed,aptitude,hewed,blued,cued,platitude,mooed,ineptitude,glued,pseud,conclude,hued,latitude,tude,endued,accrued,allude,lewd,mood,construed,skewed,renewed,booed,rectitude,chewed,dude,servitude,seafood,prude,ensued,denude,exclude,slewed,stewed,verisimilitude,include,jude,interlude,queued,reviewed,gude,obtrude,misconstrued,shrewd,wooed,attitude,nude,imbued,viewed,crude,sued,protrude,fortitude,intrude,certitude,rood,shooed,magnitude
tattooer,
tattooers,
tattooing,debuting,bluing,hewing,truing,overdoing,undoing,interviewing,outdoing,queueing,nonaccruing,strewing,subduing,countersuing,screwing,clewing,crewing,eschewing,cueing,skewing,clueing,renewing,shewing,barbecueing,viewing,pursuing,glueing,mewing,gluing,brewing,trueing,misconstruing,reviewing,slewing,spewing,blueing,zhuang,previewing,redoing,canoeing,stewing,barbequeing,accruing,cuing,queuing
tattooist,
tattooists,
tattooment,
tattoos,roose,clues,suffuse,sous,booz,amuse,dues,clews,abuse,news,luse,revenues,accuse,chuse,chews,whose,defuse,boos,hues,diffuse,hairdos,cruz,disabuse,youse,hews,gurus,cruse,brews,recuse,screws,flews,toulouse,infuse,pews,ensues,eschews,crews,slews,ques,dews,canoes,fuse,chartreuse,blues,soyuz,ewes,excuse,accrues,hughes,zoos,cruze,residues,thews,syracuse,choose,lewes,muse,views,schmooze,queues,ooze,overuse,shmooze,druze,confuse,jews,goos,horseshoes,snooze,booze,bruise,loos,tewes,trews,cruise,ruse,tissues,peruse,transfuse,statues,shoes,refuse,misuse,reuse,moos,hindus,druse,reviews,cues,enthuse,meuse,taboos,kangaroos,avenues,woos,bemuse,creuse,roos,andrews,lose
tattva,
tatu,xu,undue,anew,slew,hitherto,dew,bamboo,sue,into,ingenue,u,roux,cuckoo,emu,few,due,undo,vue,ensue,que,thru,yew,poo,shrew,goo,do,q,ado,canoe,revenue,glue,subdue,residue,flue,stew,flu,two,chew,to,eschew,statue,renew,through,lieu,true,shoe,coo,rendezvous,interview,new,taboo,screw,brew,clue,accrue,tissue,loo,gnu,view,pew,you,yahoo,lulu,crew,debut,shue,breakthrough,construe,queue,tattoo,askew,too,outdo,purview,strew,adieu,spew,rue,pursue,imbue,guru,skew,vu,zoo,ewe,review,blue,hue,barbecue,overview,coup,redo,cue,hew,avenue,who,woo,retinue,mew,boo
tatuasu,
tatukira,
tatum,ultimatum,sense-datum,verbatim,datum
tatums,
tatusia,
tatusiidae,
tau,
taub,hartlaub,weintraub,straube,straub,doub,singlaub
taube,fob,sob,mcjob,aube,naab,bobb,lob,laube,bob,heartthrob,hob,wobbe,knaub,throb,corncob,schaab,staub,raub,krob,staab,gaub,prob,robb,traub,lobb,shaub,knob,robbe,knobbe,snob,daube,haub,haab,laub,job,raabe,stobbe,schwabe,schaub,cob,thingamabob,baab,miserables,glob,glaub,grob,saab,mob,raab,rob,blob,cobb,slob,glaab,dobb,schwab,hobnob,daub,gob,punjab,dob,swab,squab,nobbe
tauchnitz,
taught,boycott,lotte,baht,cot,wrought,snapshot,loquat,argonaut,caught,squat,wat,cosmonaut,clot,nought,watt,taut,swat,aught,juggernaut,pott,rot,crackpot,topknot,ararat,scot,lot,distraught,sot,slot,brought,potshot,forgot,robot,allot,apricot,ocelot,spot,pot,ought,blot,scott,aforethought,haut,earshot,naught,sought,jackpot,hotshot,whatnot,forethought,got,longshot,camelot,hot,scattershot,afterthought,not,slingshot,straught,bought,trot,upshot,shot,knot,overwrought,dot,ot,teapot,fraught,gunshot,lott,begot,fought,dreadnought,thought,alot,croat,aquanaut,snot,astronaut,mascot,plot,tot,yacht,sadat,huguenot,ott,bott,cannot,onslaught,mott,motte,jot,ascot,lat
taula,
taulch,
tauli,
taulia,
taum,
tau-meson,
taun,
taungthu,
taunt,stont,vaunt,dhondt,vipont,oakmont,enfant,jeumont,gauntt,debutante,whitemont,schwandt,avant,labonte,poussaint,ausimont,bromont,graunt,storefront,freemont,savant,commandant,clermont,confidant,newmont,fonte,want,lemont,pont,prashant,coutant,font,lamont,valmont,belmont,bonte,shrikant,gronte,helmont,croissant,daunt,haunt,bondt,cheuvront,dronte,inmont,nonchalant,erbamont,aunt,piedmont,restaurant,bankvermont,pylant,mont,crestmont,lamonte,fairmont,enimont,vermont,ponte,claremont,flaunt,richemont,larchmont,toutant,detente,longmont,pierpont,gaunt,shant,kvant,claymont,poissant,conte,altamont,jaunt,traunt,guimont,laplant,rosemont,dumont,chaunt,lafont
taunted,jaunted,undaunted,vaunted,haunted,flaunted,wanted,daunted,unwanted
taunter,wanter,vermonter,saunter,haunter,monter,gaunter,daunter
taunters,
taunting,vaunting,haunting,flaunting,jaunting,quantong,daunting,wanting
tauntingly,flauntingly,vauntingly,dauntingly,hauntingly
tauntingness,
taunt-masted,
taunton,wanton,swanton,tramontin,simonton,staunton,fontanne,tonton,monton,ponton
tauntress,kontras,auntrous
taunt-rigged,
taunts,clontz,daunts,shontz,flaunts,wants,clonts,shrontz,monts,wantz,montz,klontz,restaurants,yontz,schwantes,frontes,avants,aunts,hontz,jaunts,yonts,haunts,fonts,frontz,etablissements,croissants,debutantes,krontz,ponts,storefronts,quants
taupe,shortstop,hopp,hilltop,sop,tabletop,desktop,eavesdrop,bop,treetop,eyedrop,bookshop,countertop,crop,slop,aesop,rooftop,kopp,popp,dopp,pawnshop,drop,op,sweatshop,nonstop,agitprop,shop,atop,lop,lollipop,sharecrop,mop,cop,hop,blacktop,chop,plop,bellhop,bopp,pop,dunlop,opp,laptop,glop,klopp,fop,shoppe,mountaintop,copp,raindrop,non-stop,stop,turboprop,backdrop,strop,prop,gigaflop,barbershop,knop,whaup,flop,swap,co-op,workshop,hoppe,backstop,malaprop,scaup,top,bebop,wop,whaap
taupe-rose,
taupes,
taupo,tropo,hoppo,capo,swapo,troppo,gestapo
taupou,
taur,
tauranga,piranga,charanga
taurean,dorian,lorean,valedictorian,gregorian,kerkorian,nestorian,singaporean,praetorian,norian,victorian,torreon,krikorian,salutatorian,pythagorean,ecuadorian,delorean,historian,ecuadorean,ivorian,torian,hyperborean,morian,morion,florian
tauri,revelatory,repository,boree,corey,tori,excretory,respiratory,celebratory,auditory,laboratory,aurae,recore,discriminatory,compensatory,promissory,oratory,preparatory,congratulatory,montessori,cacciatore,tory,mandatory,depository,gory,maury,lorrie,laudatory,contributory,storey,cory,conciliatory,torii,rory,category,transitory,obligatory,exculpatory,outlawry,allegory,confirmatory,horae,repertory,expiratory,aleatory,territory,dilatory,torrey,desultory,regulatory,ori,defamatory,hoary,lavatory,dory,saury,accusatory,corrie,migratory,laurie,inflammatory,participatory,quarry,pylori,jory,interrogatory,signatory,declaratory,tempore,explanatory,mori,anticipatory,circulatory,retaliatory,aurei,kauri,lory,observatory,predatory,understory,depilatory,derogatory,exploratory,incantatory,glory,inhibitory,statutory,reformatory,purgatory,oscillatory,ory,morey,lorry,ambulatory,inventory,gorey,story,dormitory,lori
taurian,
tauric,
tauricide,
tauricornous,
taurid,
tauridian,
tauriferous,
tauriform,auriform,poriform,floriform,scoriform
tauryl,
taurylic,horelick,gorelick
taurin,
taurine,warine,chorine,murrhine,purine,serine,ferine,narine,myrrhine,glirine,neurine,farine
taurines,
taurini,
taurite,
tauro-,
tauroboly,
taurobolia,
taurobolium,
taurocephalous,
taurocholate,
taurocholic,
taurocol,
taurocolla,
tauroctonus,
taurodont,
tauroesque,
taurokathapsia,
taurolatry,
tauromachy,
tauromachia,
,
