sainfoins,
saining,
say-nothing,
sains,
saint,straint,repaint,haint,jonassaint,complaint,paint,acquaint,taint,restraint,constraint,feint,faint,maynt,plaint,daint,quaint,bleynte,fingerpaint
saint-agathon,
saint-brieuc,
saint-cloud,
saint-denis,
saintdom,
saintdoms,
sainte,
sainte-beuve,
sainted,painted,repainted,tainted,fingerpainted,feinted,unpainted,acquainted,untainted,fainted
saint-emilion,
saint-errant,
saint-errantry,
saintess,delaurentis
saint-estephe,
saint-etienne,
saint-exupery,
saint-florentin,
saint-gaudens,
sainthood,ironwood,livelihood,adulthood,would,understood,marwood,fatherhood,wedgewood,falsehood,plywood,allgood,cottonwood,girlhood,wedgwood,silkwood,likelihood,deadwood,could,boyhood,hardwood,isherwood,underwood,babyhood,manhood,wildwood,motherhood,rosewood,oakwood,hollywood,atwood,inglewood,osgood,should,blackwood,englewood,womanhood,heartwood,redwood,kenwood,brentwood,hazelwood,knighthood,collingwood,littlewood,logwood,goode,boxwood,ravenswood,fleetwood,childhood,parenthood,elmwood,stood,devilwood,corkwood,misunderstood,dogwood,schuld,greasewood,hood,greenwood,dagwood,neighborhood,westwood,withstood,statehood,pulpwood,smallwood,edgewood,wormwood,beechwood,victimhood,tanglewood,good,rockwood,wood,heywood,brotherhood,haywood,driftwood,firewood,nationhood,softwood,elwood,eastwood,teakwood,leatherwood,sherwood
sainthoods,
sainting,painting,fainting,repainting,tainting,feinting
saintish,faintish
saintism,
saint-john's-wort,
saint-julien,
saint-just,
saint-l,
saint-laurent,
saintless,
saintly,faintly,quaintly
saintlier,
saintliest,
saintlike,
saintlikeness,
saintlily,
saintliness,
saintlinesses,
saintling,
saint-louis,
saint-marcellin,
saint-maur-des-foss,
saint-maure,
saint-mihiel,
saint-milion,
saint-nazaire,
saint-nectaire,
saintology,
saintologist,
saint-ouen,
saintpaulia,
saint-pierre,
saint-quentin,
saints,taints,faints,plaints,constraints,spraints,paints,restraints,feints,complaints
saint-sa,
saintsbury,
saintship,
saint-simon,
saint-simonian,
saint-simonianism,
saint-simonism,
saint-simonist,
sayonara,
sayonaras,
saionji,
saip,
saipan,capen,misshapen,trapan,taipan,shapen
saiph,
sair,
saire,
sayre,swear,prayer,air,fair,care,ensnare,millionaire,hair,rare,impair,aware,err,their,solitaire,medicare,forswear,pear,hardware,earthenware,mohair,unfair,eyre,mer,mare,extraordinaire,thoroughfare,compare,bear,fare,lair,ere,dispair,doctrinaire,heir,everywhere,childcare,glare,snare,armchair,fanfare,guerre,pare,prepare,questionnaire,chair,beware,where,elsewhere,clair,stare,tear,healthcare,hare,bair,cher,anywhere,footwear,stair,spare,terre,ware,malware,flair,repair,gare,forebear,square,debonair,nowhere,blare,claire,cookware,altair,welfare,warfare,unaware,share,pair,declare,lare,underwear,wear,aer,timeshare,scare,nightmare,there,faire,airfare,affair,dare,threadbare,daycare,flare,despair,software,bare,blair
sayres,fairs,bears,prayers,armchairs,airfares,spares,heirs,mairs,thoroughfares,fiduciares,airs,fares,compares,jares,flares,bankshares,unawares,chairs,upstairs,pairs,squares,theres,theirs,backstairs,shares,hares,stairs,millionaires,glares,questionnaires,nightmares,pares,gehres,mares,phares,somewheres,legionnaires,stares,forebears,americares,affairs,ayres,bares,xers,lairs,chaires,ensnares,declares,downstairs,multimillionaires,prepares,wears,tears,cares,daycares,pears,hairs,faires,frontieres,gerres,billionaires,impairs,freres,bures,dares,snares,despairs,housewares,repairs,blares,wares,errs,wheelchairs,scares,berres,khmers,swears
sayreville,
sairy,
sairly,
sairve,
sais,haze,dais,pays,ablaze,dismutase,leis,glaze,anyways,displays,maes,raze,amaze,weighs,rase,always,cliches,appraise,x-rays,praise,rephrase,entrees,fraise,hayes,plays,nowadays,braise,edgeways,malaise,swayze,prase,blaize,pais,craze,blaze,sundays,mayonnaise,drays,dase,paise,leys,ukase,essays,blase,baize,airways,outlays,hays,stays,arrays,smaze,graze,bays,conveys,baze,paraphrase,trays,phase,rays,maize,gaze,protease,portrays,crase,resumes,holidays,days,daze,res,blaise,gays,ways,lays,aways,iras,braze,hase,raise,bayes,lyonnaise,pathways,mores,faze,delays,folkways,mase,relays,phrase,lase,maze,strays,mays,crays,chaise,polonaise,clays,cayes,rnase,sideways
says,gizeh,mayaguez,miguez,baez,marquez,chez,gamez,corteze,tellez,velez,flores,francaise,duenez,alvarez,dartez,blais,baldez,boulez,whizz,torres,swizz,riz,nez,ms,ynez,torrez,bosquez,montez,borquez,jiminez,paez,mendez,chavez,basquez,galvez,his,griz,tis,jimenez,arnaz,francaises,jerez,jacquez,cortez,wiz,deprez,pres,chrys-,fizz,schiz,quiz,ortez,florez,is,czyz,presb,kriz,vazquez,phys-,frizz,natchez,suarez,juarez,jaquez,does,valdes,liz,bermudez,dieguez,biz,marez,tamez,maez,gomes,inez,pez,mez,whiz,chandeliers,buis,vasquez,bouygues,fez,guez,chrys,canez,fresquez,valdez
saishu,
saishuto,
say-so,peso,valparaiso
sayst,
saite,abrogate,alternate,rate,estimate,extrapolate,assimilate,designate,inculcate,precipitate,demonstrate,alleviate,facilitate,compensate,rait,contemplate,freight,abate,delegate,emanate,collate,manipulate,coordinate,cultivate,obfuscate,articulate,obviate,propagate,graduate,celebrate,initiate,separate,stipulate,debate,adequate,consolidate,exacerbate,great,create,dedicate,intimate,evaluate,denigrate,mitigate,trait,gait,deliberate,surrogate,appreciate,procrastinate,elaborate,integrate,deprecate,innate,date,communicate,slate,indicate,corroborate,delineate,elucidate,mandate,late,resonate,vacillate,reiterate,repudiate,state,emulate,subordinate,gate,ameliorate,consummate,mate,conflate,moderate,postulate,spate,profligate,dissipate,fate,anticipate,abdicate,wait,weight,incorporate,associate,accommodate,appropriate,straight,disseminate,collaborate,predicate,update,plate,estate,commiserate,relate,arrogate,desolate,advocate
saith,raith,skaith,wraith,staith,graith,interfaith,faith,haith,greith,galbraith,eighth
saithe,spathe,scathe,mathe,staithe,swathe,rathe,nathe,sunbathe,lathe,bathe,snathe
saitic,
saitis,
saito,archipelago,know,torpedo,tomato,buffalo,aficionado,plough,micro,torso,toe,otto,calypso,hello,quo,coco,row,roe,snow,manifesto,gusto,slow,o,apropos,show,hoe,winnow,portico,foe,adagio,grow,willow,tempo,low,grotto,escrow,glow,bestow,rainbow,rhino,woe,bowe,studio,radio,espresso,indigo,mo,borrow,tomorrow,go,whoa,no,aglow,portfolio,bio,rococo,tow,photo,joe,patio,sew,yoe,doe,co,blow,hydro,audio,potato,below,tornado,forego,throw,lo,mow,crow,owe,ratio,glo,overthrow,shadow,although,virago,ho,pro,veto,vertigo,fallow,dado,tableau,cameo,undergo,though,flow,plateau,forgo,meadow,dough,so,beau
saiva,kamneva,zeva,teva,ava,reva,alleva,deva,geva,eva,leyva,neva,paiva,pleva
sayville,
saivism,
saj,
sajou,
sajous,
sajovich,
sak,yak,pontiac,anorak,soundtrack,pak,attack,yack,lac,stack,black,lumberjack,throwback,rollback,pack,aback,frack,unpack,mac,rack,flack,hack,back,cutback,sidetrack,pac,wisecrack,humpback,kickback,cadillac,blackjack,cardiac,bushwhack,clack,fac,wrack,feedback,quack,amnesiac,nymphomaniac,razorback,paque,crack,tack,payback,plaque,flapjack,flak,jacques,wack,flashback,lack,counterattack,chirac,cognac,rucksack,plack,almanac,dak,smack,snack,whack,comeback,setback,brack,slack,knack,hijack,sac,shack,claque,greenback,backpack,fallback,knapsack,track,hatchback,piggyback,insomniac,skipjack,ransack,lilac,mack,tac,maniac,megalomaniac,tarmac,quarterback,outback,jack,sack,drawback,ack,backtrack,kodak,thwack,eniac,zodiac,knickknack
saka,
sakai,nicolai,flawy,thawy,nakai,sauey,budai,desai,masai,mcgaughy,kraai,braai,pai,rai,nagai,strawy,mcgoey,drawee,mukai,caughey,mcgaughey,kawai,sakurai,stai,adlai,mathai,mccaughey,arai,hirai,kumagai
sakais,
sakalava,
sakdc,
sake,mistake,betake,remake,crake,uptake,wake,retake,partake,pake,ache,shortcake,outbreak,fake,strake,heartache,ake,awake,rake,heartbreak,backache,cupcake,quake,slake,overtake,steak,haik,naik,caique,milkshake,handshake,make,brake,lake,jake,dake,take,straik,shaikh,beefsteak,undertake,headache,blake,hake,sweepstake,opaque,stake,intake,snowflake,fruitcake,namesake,daybreak,shaykh,cheesecake,pancake,muckrake,bellyache,claik,shaik,clake,kittiwake,spake,drake,yake,outtake,cake,bake,keepsake,earthquake,shake,forsake,mandrake,flake,break,rattlesnake,hotcake,paik,snake
sakeber,
sakeen,
sakel,
sakelarides,
sakell,
sakellaridis,
saker,matchmaker,newsmaker,candlemaker,automaker,dealmaker,steelmaker,boilermaker,slaymaker,oddsmaker,fenstermaker,shaker,drugmaker,wanamaker,dressmaker,policymaker,studebaker,wannamaker,waker,faker,codebreaker,glassmaker,quaker,shoemaker,craker,chipmaker,maker,blaker,breaker,lawmaker,achor,rainmaker,aker,taker,haymaker,basketmaker,baker,staker,undertaker,moneymaker,filmmaker,caretaker,acre,strikebreaker,straker,braker,icebreaker,hatmaker,peacemaker,troublemaker,kraker,flaker,muckraker,raker,toolmaker,bakker,pacemaker,laker,printmaker,carmaker,homemaker,moviemaker,lawbreaker,kingmaker,toymaker
sakeret,nacarat
sakers,
sakes,flakes,blakes,headaches,strakes,makes,backaches,cakes,stakes,frakes,snowflakes,outbreaks,namesakes,cupcakes,jakes,aches,snakes,pancakes,heartbreaks,slakes,fruitcakes,fakes,brakes,outtakes,undertakes,crakes,mistakes,keepsakes,rakes,sweepstakes,quakes,hakes,rattlesnakes,steaks,overtakes,wakes,raikes,handshakes,bakes,remakes,takes,breaks,shakes,drakes,hotcakes,lakes,earthquakes
sakha,
sakhalin,jacqueline,jackelyn,spracklen
sakharov,
sakhuja,
saki,balky,aki,talky,masaki,yamasaki,milwaukee,teriyaki,pawky,bockey,cocky,hideaki,miyasaki,gawky,stocky,nobuaki,hyakutake,stalky,iwaki,walkie,okasaki,haughey,kawasaki,arakaki,hockey,jockey,osake,busalacchi,cockey,iwasaki,shockey,yockey,pataki,rocky,okazaki,inaki,machi,docie,sukiyaki,maki,socky,cichocki,talkie,araki,chalky,ibaraki,cawky,kownacki,iwosaki,miyazaki,pocky,khaki,rockey,osaki,lockey,hiroaki,blocky,brockie,crocky,adachi,narazaki,squawky,hamasaki,flocky,yamazaki,zaki,schlocky,masaaki,nagasaki,sasaki,mawky,ozaki,lockie,takaki
sakyamuni,
sakieh,
sakiyeh,
sakis,
sakkara,acara,pakora,saqqara,baccara,saqqarah
sakkoi,
sakkos,pacas,hakas,hakkas,shakos,pacos
sakmar,
sakovich,
saks,fosamax,blacks,aftertax,mesothorax,lacks,vax,cadillacs,overtax,lilacs,contacts,tacks,pentax,wisecracks,parallax,maxx,climax,tracks,cutbacks,tampax,smacks,imax,surtax,greenbacks,cracks,backs,packs,relax,sachs,bax,tax,hacks,stacks,setbacks,quacks,metathorax,sacs,halifax,whacks,awacs,macs,plax,sacks,galax,pretax,flax,fax,equifax,trax,jacks,knacks,snacks,ax,slacks,rax,drawbacks,racks,fairfax,gunnysacks,knickknacks,maniacs,saxe,kickbacks,lax,facts,dax,acts,impacts,attacks,lomax,maces,wax,axe,ajax,borax,yax,shacks,jaques,pax,flashbacks,pacs,plaques,sax,praxes,max,syntax,earwax,pacts,filofax
sakta,
saktas,
sakti,shakti,cacti,bhakti,shakhty
saktism,shaktism
sakulya,
sakuntala,
sal,cal,roubal,duval,thraldom,generale,el-al,locale,unocal,bal,prchal,shall,lasalle,institucional,morale,internacional,cargal,reale,amaral,nasional,chaparral,thal,coufal,quesal,chorale,doral,vitale,halle,schmal,thralldom,mal,pascale,skall,carbajal,wintershall,dolezal,dal,malle,gal,corral,pascal,hal,vidal,lal,al,maneval,carvajal,royale,commerciale,rationale,nadal,kal,yigal,pal,guadalcanal,devalle,chagall,edival,canal,ralegh,kral,perceval,huval,scall,val
sala,meola,rogala,chawla,alcala,kubala,cala,alla,butala,rajala,feola,oglala,cholla,bolla,kampala,fiala,bangala,seppala,koala,odwalla,machala,corolla,zabala,impala,hakala,savala,skala,bala,mccollough,marsala,mancala,kabbalah,sigala,cicala,matala,mollah,ndola,adalah,cipolla,domagala,rolla,tafolla,depaula,vadala,isola,zavala,whala,haapala,cecala,allah,ruhollah,arreola,ayala,stola,nuala,begala,wala,kholah,sabala,wallah,kuala,lasala,scala,holla,guatemala,golla,ojala,mala,ramallah,kerala,paula,abdollah,zappala,magdala,lala,walla,vala,amygdala,neola
salaam,chrom,bohme,qom,cocom,clomb,palme,malm,baum,shalm,sitcom,firebomb,lomb,rhomb,squam,pomme,bomb,strom,com,palm,pom,yom,glaum,traum,salam,stromb,grom,brom,homme,bom,mam,som,intercom,qualcomm,thom,aplomb,thromb,flom,nom,becalm,psalm,prom,glomb,halm,raum,qualm,scomm,saddam,cdrom,bohm,praam,islam,balm,caricom,calm,shawm,guam,surinam,blom,dom,mom,tom,vietnam,daum,rom,somme,quam,salm,fromm,panmunjom,plomb,pogrom,hom,embalm,bombe
salaamed,
salaaming,
salaamlike,
salaams,allums,hallums,alums,slaloms
salability,scalability
salabilities,
salable,sailable,scalable,mailable,inhalable,unsaleable,alible,saleable,unassailable,unavailable,unsalable,bailable,available
salableness,
salably,
salaceta,
salacia,
salacious,hellacious,voracious,mendacious,gracious,capacious,audacious,flirtatious,proteinaceous,cretaceous,spacious,vivacious,crustaceous,herbaceous,tenacious,predaceous,ignatius,rapacious,loquacious,fallacious,ostentatious,horatius,efficacious,vexatious,glacious,sebaceous,ceraceous,perspicacious
salaciously,
salaciousness,fallaciousness
salacity,
salacities,
salacot,
salad,valid,calid,allod,pallid,salud,invalid,ballad
salada,rada,enojada,hamada,granada,yamada,zawada,katragadda,almada,lozada,hada,lada,shimada,armada,cada,cassada,escada,losada,tada,estrada,intefadeh,wada,bollapragada,zada,terada,quesada,spada,tejada,mada,owada,hisada,okada,ghada,strada,cauda,casada,quijada,enchilada,harada,radha,barricada,intifada,yadda,secada,ramada,calzada,espada,nevada,quezada,sada,bada,grenada,prada,andrada,mirada,ahumada,ourada,sanada,moncada,porada,nada,posada,amerada
saladang,
saladangs,
salade,re-laid,scalade
saladero,
saladin,calydon,kallidin,caledon,paladin
salading,
salado,scalado
salads,ballads
salad's,
salago,
salagrama,
salahi,
salay,nationale,kallay,salai
salaidh,
salal,kalal,dalal,maillol,halal
salals,
salamanca,sri-lanka,branca,banka,janka,villafranca,manka,sanka,franca,banca,manca,kanka,zanca,maslanka,casablanca,tanka,lanka,janca,mediobanca
salamandarin,
salamander,vander,wicklander,slander,aleksandr,oleander,santander,lysander,alexander,calamander,landor,gerrymander,sjolander,rosander,highlander,candour,swartzlander,stadtlander,lander,gander,stander,hander,aleksander,leander,mainlander,evander,bystander,glander,bander,skenandore,mander,sandor,mcalexander,subcommander,blander,grander,pander,rander,telander,brander,commander,nederlander,meander,candor,coriander,ander,scalamandre,standre,vandevander,zander,sander
salamanderlike,
salamanders,manders,bystanders,alexanders,highlanders,slanders,zanders,mainlanders,handers,gerrymanders,standers,ganders,landers,commanders,anders,branders,flanders,panders,subcommanders,meanders,glanders,sanders
salamandra,
salamandrian,
salamandridae,
salamandriform,
salamandrin,
salamandrina,
salamandrine,
salamandroid,
salamat,
salambao,
salambria,
salame,
salami,bombie,khatami,palmy,kawakami,tommy,cerami,karami,tsunami,blassingame,fahmy,almy,blasingame,adami,squamae,mommy,saami,pastrami,ajami,kumarisami,balmy,pommy,commy,calame,fillingame,adame,tommie,masami,murakami,calmy,badami,rami,dromi,ami,commie,swami,minami,twomey,ramaswami,itami,yanomami,dommie,cromie,islami
salaminian,
salamis,commies,swamis,mommies,tommies
sal-ammoniac,
salamo,
salamone,saxophone,limestone,brownstone,microphone,condone,hone,capstone,phone,sewn,rhone,moonstone,unknown,alone,prone,crone,shone,pheromone,joan,simone,sloan,bemoan,shown,millstone,cone,rhinestone,earphone,clone,silicone,backbone,loan,overtone,homegrown,hormone,sharon,own,ozone,moan,lodestone,t-bone,zone,cobblestone,mon,cyclone,leone,intone,blown,cornerstone,groan,tombstone,stone,trombone,sown,anemone,headstone,keystone,acetone,argonne,chaperone,lone,baritone,cicerone,overblown,fone,roan,drone,collarbone,megaphone,gemstone,gladstone,xylophone,thrown,tone,scone,homophone,atone,grown,francophone,bone,allophone,undertone,monotone,telephone,flown,overthrown,headphone,milestone,mone,cologne,whetstone,known,throne,postpone,capone,rone,jawbone,testosterone,disown,touchstone
salampore,
salamstone,
salangane,
salangi,
salangia,
salangid,
salangidae,
salar,
salary,valerie,vallery,calorie,valery,gallery,mallory,callery,mallery
salariat,
salariats,
salaried,
salariego,
salaries,galleries,calories,galeries
salarying,
salaryless,
salas,ayatollahs,sallas,salaz
salat,gallet,calotte,mallet,callat,kalat,malet,hallett,palet,pallett,palate,callot,mallett,tallit,palette,fallot,vallot,pallet,salaat,shallot,dalit,callet,ballot,sallet,hallet
salazar,
salba,
salband,
salbu,
salchow,
salchunas,
saldee,
saldid,
salduba,
sale,telltale,ponytail,monorail,resale,stale,kail,rail,upscale,abigail,cocktail,inhale,pale,bale,snail,taille,guardrail,thumbnail,martingale,frail,gale,hale,detail,vale,pail,tale,gail,clydesdale,airmail,yale,assail,exhale,fail,brail,wale,foxtail,grail,orrell,trail,email,horsetail,handrail,wholesale,greenmail,wail,zale,cale,vail,mail,tail,bail,hail,hobnail,dwale,coattail,entail,folktale,biennale,calle,airedale,prevail,swale,quail,retail,derail,veil,flail,gael,scale,female,dovetail,salle,fantail,shale,whale,jail,soleil,blackmail,travail,dail,quale,sail,ail,faille,avail,impale,gmail,fairytale,male,toenail,curtail,ale,unveil,nail,dale,surveil,kale,countervail,voicemail,braille
saleability,
saleable,sailable,scalable,mailable,inhalable,unsaleable,alible,unassailable,salable,unavailable,unsalable,bailable,available
saleably,
salebrous,
saleeite,
saleem,
salegoer,
saleyard,
salele,
salem,bensalem
salema,shima,takashima,ulima,jima,hirosakima,kajima,nakajima,oshima,joakima,hiroshima,bima,abohalima,rima,fima,edema,sema,lema,tajima,ishikawajima,thima,haema,auriemma,rozema,beukema,pima,grima,diprima,demma,bronkema,abouhalima,aoshima,sietsema,cima,noxema,lima,jemima,fukushima,haema-,cosima,kawashima,takeshima,wiersema,sima,prima,septima,nakashima,emphysema,louima,halima,decima,delima,kitajima,schema,sikkema,ritsema,alima,fema,zima,eurofima,jarema,harima,ema
salemburg,
saleme,
salempore,
salena,
salene,
salenixon,
sale-over,
salep,dallop,scallop,gallup,salop,gallop,jalap,shallop,galop
saleps,
saleratus,
salerno,verno,paterno,erno
saleroom,
salerooms,
sales,frails,stales,alles,kayles,sayles,abimaels,males,wales,swailes,handrails,wails,thales,assails,prevails,emails,swails,hails,ailes,galles,entails,hales,mails,vails,resales,sails,wailes,scales,brailles,females,ales,versailles,valles,gayles,quayles,unveils,snails,chontales,curtails,dovetails,fails,cocktails,guardrails,wholesales,cales,rails,calles,clinkscales,quails,coattails,hailes,dales,ayles,fales,jails,bales,cat-o-nine-tails,derails,whales,swales,hayles,pales,vales,tails,bayles,telltales,nails,fingernails,tales,flails,balles,details,qualls,regales,ails,monorails,trails,bails,pails,toenails,bloomingdales,retails,gales,impales,travails,rales,bailes,veils,horsetails,fairytales,airedales,shales
sale's,
salesclerk,
salesclerks,
salesgirl,
salesgirls,
salesian,
salesin,
salesite,
saleslady,
salesladies,
salesman,salesmen
salesmanship,kip,kinship,bip,workmanship,authorship,starship,gunship,pip,spaceship,sponsorship,trip,steamship,ownership,dictatorship,headship,ip,airstrip,consulship,yip,chairmanship,generalship,sportsmanship,slip,lightship,airship,proprietorship,brinksmanship,courtship,fingertip,quip,clip,unzip,lip,outstrip,rip,brinkmanship,zip,professorship,skip,showmanship,hip,internship,relationship,distributorship,dip,fellowship,strip,scrip,leadership,conservatorship,drip,receivership,roundtrip,scholarship,one-upmanship,crip,grippe,citizenship,chip,dealership,gamesmanship,warship,membership,microchip,upmanship,apprenticeship,thrip,ship,stewardship,gyp,snip,partisanship,battleship,grip,directorship,trusteeship,blip,flip,sip,companionship,readership,bipartisanship,partnership,craftsmanship,whip,tip,censorship,equip,championship,governorship,nip,flagship
salesmen,salesman
salespeople,craftspeople,lepal,sheeple,creeple,townspeople,laypeople,spokespeople,congresspeople,chairpeople,sepal,teeple,businesspeople,people,peepul,steeple,seiple,tepal
salesperson,merson,congressperson,weatherperson,mcpherson,worsen,businessperson,urson,macpherson,berson,herson,layperson,chairperson,pherson,person,iversen,gerson,persson
salespersons,
salesroom,
salesrooms,
salesville,
saleswoman,noblewoman,spokeswoman,englishwoman,chairwoman,assemblywoman,trueman,superwoman,councilwoman,policewoman,businesswoman,woman,catwoman,gentlewoman,congresswoman
saleswomen,limon,shimmin,gentlewomen,spokeswomen,councilwomen,simmon,congresswomen,mccrimmon,superwomen,symon,women,dimon
salet,
saleware,
salework,
salfern,
salford,
salfordville,
sali,
sali-,
salian,mammalian,topalian,alien,episcopalian,calean,bachailian,thalian,kalian,malian,balian,raphalian,dalian,talien
saliant,salient
saliaric,
salic,gaelic,blaylock,maleic,malic,scalic,galic
salicaceae,
salicaceous,
salicales,
salicariaceae,
salicetum,
salicyl,
salicylal,salicylol
salicylaldehyde,
salicylamide,
salicylanilide,
salicylase,
salicylate,
salicylic,
salicylide,
salicylidene,
salicylyl,
salicylism,
salicylize,
salicylous,caliculus
salicyluric,
salicin,
salicine,
salicines,
salicins,
salicional,
salicorn,
salicornia,
salida,
salience,
saliences,
saliency,
saliencies,
salient,saliant
salientia,
salientian,
saliently,
salientness,
salients,
salyer,hallier,hollier,haulier,volleyer,jollier,collyer,bollier
salieri,nailery,calory,raillery
salyersville,
saliferous,filiferous,cheliferous,foliferous,veliferous,styliferous,chyliferous,piliferous
salify,
salifiable,
salification,palification
salified,
salifies,
salifying,
saligenin,phillygenin
saligenol,
saligot,
saligram,
salim,alum,salemme,callum,allum,kallam,hallam,balaam,maccallum,kalam,vallum,mccallum,hallum
salimeter,
salimetry,allometry
salina,avina,catena,rowena,quina,lina,latina,davina,ianthina,gardena,messina,albina,regina,pyrena,gallina,gina,alina,athena,zena,jeana,fraena,vena,patina,celina,argentina,arena,reina,catalina,serafina,cortina,molina,sheena,jena,mina,vina,medina,macarena,adina,bina,siena,hyena,vaccina,nina,florentina,neenah,pina,herzegovina,verbena,magdalena,krajina,farina,katrina,melvina,erina,cadena,hercegovina,purina,sabina,valentina,cartagena,seraphina,subpoena,spina,philomena,georgina,cristina,sabrina,semolina,christina,cantina,veena,dena,bettina,alcina,dina,proserpina,covina,ballerina,irina,xena,marina,sardina,concertina,angelina,mena,ina,lena,edina,selena,rena,sabena,tina,domina,rosina,serena,martina,galena,rina,faena
salinan,
salinas,cenis,genous,hyenas,truthiness,venus,genus,hygienists,farinas,lenis,ginas,dominus,marinas,argentinas,ballerinas,weeness,freeness,mascarenas,cutesiness,cleanness,leanness,malvinas,venous,cardenas,minas,ticinus,arenas,subpoenas,zenas,intravenous,penis,enos,keenness
salination,
saline,ravine,leen,latrine,limousine,agin,preen,trampoline,sheen,canteen,wolverine,quarantine,aberdeen,holstein,clementine,wean,evergreen,amin,dean,submarine,green,baleen,geraldine,careen,byzantine,sunscreen,screen,magazine,queen,demean,argentine,tourmaline,bean,gelatine,sabine,sistine,unforeseen,amphetamine,umpteen,nene,marine,peregrine,hygiene,aniline,mien,keen,irene,labyrinthine,machine,lien,philistine,halloween,vien,spleen,kerosene,serene,casein,opaline,obscene,jean,clean,mezzanine,figurine,gasoline,mean,augustine,aquamarine,eugene,intervene,sardine,preteen,bromine,routine,undine,between,fifteen,gene,tangerine,glean,treen,internecine,libertine,caffeine,cuisine,reconvene,teen,lean,guillotine,contravene,murine,thirteen,florentine,protein,feine,scene,selene,seen,mein,foreseen,convene,vaccine
salinella,
salinelle,
salineness,
salineno,
salines,
salineville,
salinger,ballenger,challenger
saliniferous,balaniferous
salinification,
saliniform,
salinity,infiniti,vicinity,masculinity,trinity,femininity,virginity,divinity,infinity,affinity,alkalinity,mcginnity
salinities,
salinization,
salinize,
salinized,
salinizes,
salinizing,
salino-,
salinometer,
salinometry,
salinosulphureous,
salinoterreous,
salique,taluk,halik,halleck,paluch,hallock,paluck,thallic,mihalic,salak,mallick,lalique,balak,italic,gallic,gallick,metallic,fralick,malloch,dalek,galik,aleck,salick,schallock,tlaloc,gallik,malik,anencephalic,grallic,mallek,phthalic,blalack,malick,phallic,malak
saliretin,
salisbarry,
salisbury,salsbury
salisburia,
salish,kailash,palish
salishan,
salita,
salite,pelite,tillite,stylite,sahlite,belight,phyllite,scyllite,xylite,ehlite
salited,
salitpa,
salyut,
saliva,sliwa,conjunctiva,godiva
salival,
salivan,
salivant,galavant
salivary,
salivas,
salivate,abrogate,alternate,rate,estimate,extrapolate,assimilate,designate,inculcate,precipitate,demonstrate,alleviate,facilitate,compensate,rait,contemplate,freight,abate,delegate,emanate,collate,manipulate,coordinate,cultivate,obfuscate,articulate,obviate,propagate,graduate,celebrate,initiate,separate,stipulate,debate,adequate,consolidate,exacerbate,great,create,dedicate,intimate,evaluate,denigrate,mitigate,trait,gait,deliberate,surrogate,appreciate,procrastinate,elaborate,integrate,deprecate,innate,date,communicate,slate,indicate,corroborate,delineate,elucidate,mandate,late,resonate,vacillate,reiterate,repudiate,state,emulate,subordinate,gate,ameliorate,consummate,mate,conflate,moderate,postulate,spate,profligate,dissipate,fate,anticipate,abdicate,wait,weight,incorporate,associate,accommodate,appropriate,straight,disseminate,collaborate,predicate,update,plate,estate,commiserate,relate,arrogate,desolate,advocate
salivated,infatuated,unabated,located,anticipated,decapitated,consecrated,interrelated,incarcerated,bated,graduated,saturated,stated,aggravated,intimated,excoriated,emanated,aggregated,complicated,affiliated,reiterated,annotated,delineated,devastated,intimidated,feted,dilapidated,sophisticated,motivated,nauseated,liberated,overrated,associated,unmitigated,perforated,obligated,substantiated,outdated,abated,frustrated,intoxicated,isolated,incapacitated,separated,deprecated,irritated,indicated,related,opinionated,truncated,alienated,promulgated,appreciated,bifurcated,designated,antiquated,elevated,sated,cultivated,understated,articulated,serrated,educated,inebriated,automated,corrugated,stipulated,attenuated,predicated,mandated,prorated,exonerated,exacerbated,encapsulated,dissipated,exaggerated,slated,orientated,agitated,concentrated,mitigated,eviscerated,fascinated,situated,emaciated,integrated,initiated,elated,created,exasperated,contaminated,belated,inundated,animated,unadulterated,relegated,dated,precipitated,allocated,consolidated,incorporated
salivates,
salivating,dating,skating,excoriating,validating,indicating,self-deprecating,fluctuating,abrogating,bating,obviating,plating,penetrating,percolating,gaiting,instigating,aggravating,procrastinating,suffocating,dominating,grating,initiating,discriminating,exacerbating,baiting,accelerating,fascinating,relating,weighting,nauseating,abbreviating,facilitating,ingratiating,radiating,pulsating,illuminating,mitigating,liberating,excruciating,creating,communicating,deteriorating,subordinating,emulating,oscillating,advocating,anticipating,irritating,reciprocating,culminating,exhilarating,rotating,annihilating,debilitating,contemplating,permeating,placating,mating,gating,awaiting,frustrating,coordinating,denigrating,accommodating,invigorating,berating,calculating,stating,perpetuating,humiliating,recuperating,intimidating,vacillating,stimulating,pontificating,alienating,operating,escalating,alternating,intoxicating,deprecating,titillating,captivating,cultivating,emanating,rating,articulating,implicating,accumulating,delineating,exasperating,delegating,extenuating,devastating,waiting,activating,abating,infuriating,eliminating,incriminating,undulating
salivation,
salivations,
salivator,
salivatory,
salivous,
salix,calix,hallux,alex,italics,alexs,calyxes,fralix,alix,calyx
salk,talk,wok,floc,bokeh,walk,loch,hock,sock,hollyhock,roadblock,nock,iraq,crock,cock,shock,bangkok,falk,flock,woodcock,stalk,hancock,gamecock,chock,rock,aftershock,havelock,ad-hoc,poppycock,hoc,manioc,locke,unlock,interlock,bock,sidewalk,caulk,bach,jacques,goshawk,smock,doc,brock,padlock,hawk,knock,wedlock,pock,mock,tomahawk,toque,bedrock,matlock,bok,calk,jock,squawk,hemlock,spock,jaywalk,clock,roc,airlock,medoc,bloch,balk,block,baulk,lock,oarlock,mach,croc,crosstalk,och,shamrock,tock,gridlock,catwalk,frock,crosswalk,gawk,stock,chalk,dock,bloc,boardwalk,mohawk,laughingstock,sherlock,antioch,peacock,glock,schlock,shylock,livestock,deadlock,feedstock,nighthawk,lok
salkum,
sall,mothball,sprawl,protocol,freefall,loll,windfall,recall,senegal,blackball,football,luminol,bol,overhaul,small,mall,call,handball,coll,dahl,pol,banal,befall,stall,nightfall,appall,ball,wherewithal,wall,butterball,fall,neanderthal,spall,maul,drywall,downfall,scrawl,rainfall,dall,volleyball,paul,crawl,install,shortfall,haul,doll,dol,moll,sol,softball,thrall,ethanol,aerosol,raul,gall,retinol,tall,hardball,pall,overall,catcall,fireball,shawl,cholesterol,cabal,enthral,stonewall,pratfall,oddball,eyeball,atoll,caul,trawl,waterfall,alcohol,baseball,cannonball,cortisol,forestall,tal,saul,landfall,bawl,hall,all,pitfall,squall,catchall,brawl,natal,snowball,gaul,footfall,nepal,drawl,basketball,fastball,meatball,screwball
salle,telltale,ponytail,monorail,resale,stale,kail,rail,upscale,abigail,cocktail,inhale,pale,bale,snail,taille,guardrail,thumbnail,martingale,frail,gale,hale,detail,vale,pail,tale,gail,clydesdale,airmail,yale,assail,exhale,fail,brail,wale,foxtail,grail,orrell,trail,email,horsetail,handrail,wholesale,greenmail,wail,zale,cale,vail,mail,tail,bail,hail,hobnail,dwale,coattail,entail,folktale,biennale,calle,airedale,prevail,swale,quail,retail,sale,derail,veil,flail,gael,scale,female,dovetail,fantail,shale,whale,jail,soleil,blackmail,travail,dail,quale,sail,ail,faille,avail,impale,gmail,fairytale,male,toenail,curtail,ale,unveil,nail,dale,surveil,kale,countervail,voicemail,braille
sallee,alley,graley,valli,vallee,mally,valley,pally,sallie,lalli,mcnally,calli,verbally,cali,phalli,whalley,vitaly,dalley,halley,scally,palae,ranalli,lalley,gally,mallei,shali,salley,balli,mcanally,stahley,mccalley,finale,mcgalley,tally,mcannally,malley,nalley,vitale,halle,raley,challis,alli,dally,bralley,rally,galley,nally,sally,galli,cavalli,omalley,shaly,calley,lally,talley,thalli,bally,braley,delvalle,alie,cally,devalle,dillydally,shalli,straley,hally,allie,mcnalley,vallely
salleeman,
sallee-man,
salleemen,
salley,alley,graley,valli,vallee,mally,valley,pally,sallie,lalli,mcnally,calli,verbally,cali,phalli,whalley,vitaly,dalley,halley,scally,palae,ranalli,lalley,gally,mallei,shali,balli,mcanally,stahley,mccalley,finale,mcgalley,tally,mcannally,malley,nalley,vitale,halle,raley,challis,alli,dally,bralley,rally,galley,nally,sally,galli,cavalli,omalley,shaly,calley,lally,sallee,talley,thalli,bally,braley,delvalle,alie,cally,devalle,dillydally,shalli,straley,hally,allie,mcnalley,vallely
sallender,
sallenders,
sallet,gallet,calotte,mallet,callat,kalat,malet,hallett,palet,pallett,palate,callot,mallett,tallit,palette,fallot,salat,vallot,pallet,salaat,shallot,dalit,callet,ballot,hallet
sallets,
salli,
sally,alley,graley,valli,vallee,mally,valley,pally,sallie,lalli,mcnally,calli,verbally,cali,phalli,whalley,vitaly,dalley,halley,scally,palae,ranalli,lalley,gally,mallei,shali,salley,balli,mcanally,stahley,mccalley,finale,mcgalley,tally,mcannally,malley,nalley,vitale,halle,raley,challis,alli,dally,bralley,rally,galley,nally,galli,cavalli,omalley,shaly,calley,lally,sallee,talley,thalli,bally,braley,delvalle,alie,cally,devalle,dillydally,shalli,straley,hally,allie,mcnalley,vallely
sallyann,
sallyanne,
sallybloom,
sallie,alley,graley,valli,vallee,mally,valley,pally,mcnally,lalli,calli,verbally,cali,phalli,whalley,vitaly,dalley,halley,scally,palae,ranalli,lalley,gally,mallei,shali,salley,balli,mcanally,stahley,mccalley,finale,mcgalley,tally,mcannally,malley,nalley,vitale,halle,raley,challis,alli,dally,bralley,rally,galley,nally,sally,galli,cavalli,omalley,shaly,calley,lally,sallee,talley,thalli,bally,braley,delvalle,alie,cally,devalle,dillydally,shalli,straley,hally,allie,mcnalley,vallely
sallye,
sallied,alleyed,dallied,gallied,tallied,rallied
sallier,
salliers,
sallies,galleys,callies,rallies,valleys,alleys,tallies,tallis,alys
sallying,tallying,rallying
sallyman,tallyman
sallymen,
sallyport,
sallis,kallus,alice,kansallis,phallus,salus,callis,borealis,braless,valis,mallis,calices,corvallis,gallus,chalices,calice,dallas,daedalus,prothallus,kalis,palace,vallis,callace,ilalis,rallis,malice,kallis,thallous,ballasts,fallis,galus,balas,callus,chalice,thallus,pallas,kalous,dalis,maryalice,callous,digitalis
sallisaw,
sallywood,
salloo,
sallow,corallo,balow,barbagallo,vallo,mallow,allo-,gallo,gallow,pallo,rallo,lallo,salow,tallow,balogh,cavallo,palo,hallow,sandalo,tarallo,bordallo,ballow,schalow,ranallo,caraballo,mondallo,callow,hallo,tallo,ballo,shallow
sallow-cheeked,
sallow-colored,
sallow-complexioned,
sallowed,
sallower,shallower,tallower
sallowest,fallowist,shallowest
sallow-faced,
sallowy,
sallowing,
sallowish,tallowish
sallowly,
sallow-looking,
sallowness,shallowness,fallowness
sallows,callose,shallows,hallows,gallows,mallows,gallos,aloes
sallow-visaged,
sallust,callused,chaliced,ballast,calloused
salm,chrom,bohme,qom,cocom,clomb,palme,malm,baum,shalm,sitcom,firebomb,lomb,rhomb,squam,pomme,bomb,strom,com,palm,pom,yom,glaum,traum,salam,stromb,grom,brom,homme,bom,mam,som,intercom,qualcomm,thom,aplomb,thromb,flom,nom,becalm,psalm,prom,glomb,halm,raum,qualm,scomm,saddam,cdrom,bohm,praam,islam,balm,caricom,calm,shawm,guam,surinam,blom,dom,salaam,mom,tom,vietnam,daum,rom,somme,quam,fromm,panmunjom,plomb,pogrom,hom,embalm,bombe
salma,
salmacis,aerodynamicists
salmagundi,
salmagundis,
salman,examine,gamin,drammen,salmon,yamin,mccammon,gammon,hamman,famine,hamon,dammann,ramen,thamyn,tammen,hammen,ammon,damman,scammon,sammon,dammen,stamin,kamman,cammon,hammon,mammon,backgammon,amman,amann,stammen,alabaman,mammen,brahman,ammann,hammann,reexamine,bramin
salmanazar,
salmary,
salmi,lapalme,halmi
salmiac,
salmin,
salmine,
salmis,mcamis,hamous,paramus,camus,palmus,ramous,amyss,namis,mamis,nostradamus,shamas,sammis,camous
salmo,malmo
salmon,examine,gamin,drammen,salman,yamin,mccammon,gammon,hamman,famine,hamon,dammann,ramen,thamyn,tammen,hammen,ammon,damman,scammon,sammon,dammen,stamin,kamman,cammon,hammon,mammon,backgammon,amman,amann,stammen,alabaman,mammen,lammon,brahman,ammann,hammann,reexamine,bramin
salmonberry,
salmonberries,
salmon-breeding,
salmon-colored,
salmonella,flagella,sella,luella,vendela,minella,bellah,zanella,chela,fela,ardella,marcela,kinsella,mandella,rubella,capella,dela,citronella,viyella,michaela,nela,meloplasty,tele,corella,fabela,abela,lelah,prunella,petronella,labella,casella,arabella,mella,della,daniela,favela,marvella,marcella,barela,kwela,bela,rosella,mandela,louella,fella,stella,carmela,muscarella,nella,umbrella,novella,abella,villella,fellah,marella,daniella,rella,gabriella,petrella,cinderella,leola,estrella,campanella,marbella,patella,goodfella,donella,fenella,avella,cappella,annabella,stela,gabriela,sela,sabella,selah,bella,ella,dibella,ariella,adela,mirabella,pella,ela,parella,isabella,candela,rotella,cannella,cella,vella,cela,gazella,vela,estella,mirella
salmonellae,
salmonellas,
salmonellosis,
salmonet,
salmon-haunted,
salmonid,
salmonidae,
salmonids,
salmoniform,
salmonlike,
salmonoid,
salmonoidea,
salmonoidei,
salmon-pink,
salmon-rearing,
salmon-red,
salmons,lammons,examines,alabamans,sammons,brahmans,ammons,gammons,hammons,kamins,salmans,famines,brahmins,gamons
salmonsite,
salmon-tinted,
salmon-trout,
salmwood,
salnatron,
salol,phthalyl,allyl,fallal,kalil,kallal,hallel,khalil
salols,
saloma,homa,oklahoma,oma,stroma,loma,choma,coma,stoma,naoma,leoma,paloma,algoma,sumatoma,scoma,nujoma,sloma,shiroma,glaucoma,neoma,retinoblastoma,luoma,multnomah,roma,sonoma,aroma,papilloma,lymphoma,thoma,douma,bouma,toma,troma,bancoklahoma,mesothelioma,xoma,blastoma,tacoma,poma,coloma,soma,goma,carcinoma,diploma,melanoma,moma
salome,dromey,tuomi,foamy,stomy,loamy,naomi,komi,lobotomy,tomey,homie,romey,mccombie,noami,nomi,salomi,moami,viscomi,taketomi,homey
salometer,
salometry,
salomi,dromey,tuomi,foamy,stomy,loamy,naomi,komi,lobotomy,tomey,homie,salome,romey,mccombie,noami,nomi,moami,viscomi,taketomi,homey
salomie,
salomo,
salomon,salamon
salomone,droney,caponi,toni,matrimony,desimone,stoney,oney,patrone,marconi,montone,rigatoni,maglione,ceremony,loanee,lowney,loney,ciccone,abalone,toney,sony,boni,melone,joni,negroni,pepperoni,cassoni,benoni,peroni,cerone,maloney,bertone,baloney,balboni,perrone,chalcedony,falcone,sassone,palimony,frowney,dhony,phony,mony,pallone,leoni,shoshone,coney,phoney,nakasone,poney,langone,morrone,ione,maroni,calderone,sapone,testimony,marrone,drony,moloney,moroni,moroney,cardone,berlusconi,bologna,tony,castiglione,crony,boney,progne,mulroney,acrimony,alimony,sanctimony,stony,tassone,macaroni,baroni,cantone,mangone,roni,soni,roney,cassone,corleone,bony,parsimony,patrimony,antone,bottone,telephony,buffone,campione,mahoney,croney
salomonia,
salomonian,
salomonic,
salon,carillon,wan,agamemnon,micron,john,juan,epsilon,coupon,upon,bon,octagon,emoticon,dawn,gabon,denouement,moron,chiffon,oregon,mastodon,drawn,iran,swan,hogan,antiphon,echelon,crayon,yuan,rapprochement,argon,forgone,flawn,spawn,oman,radon,aragon,celadon,nylon,amazon,han,prawn,woebegone,phenomenon,don,avalon,on,fawn,quan,pecan,proton,neutron,pylon,capon,pion,photon,sean,oberon,exon,bygone,foregone,pawn,brawn,meson,pantheon,braun,ron,pentagon,yon,hexagon,yawn,aileron,lexicon,babylon,lawn,khan,baton,tron,axon,amadon,koran,liaison,automaton,withdrawn,parmesan,polygon,paragon,non,marathon,con,hon,boron,gone
,
