salonica,salonika
salonika,salonica
saloniki,
salons,konz,yawns,brons,put-ons,lubicons,cons,fawns,marathons,omans,fons,ions,neons,positrons,tehrans,lexicons,crayons,ons,deuterons,antiphons,wanze,try-ons,pompons,vons,photons,bonnes,swans,khans,walk-ons,st-johns,protons,pecans,bygones,fonz,johns,pylons,goings-ons,microns,schons,batons,sohns,afrikaans,jahns,teherans,mesons,bonze,conns,run-ons,lawns,prawns,pons,alphonse,lat-lons,saint-saens,ailerons,helicons,korns,vaughns,slip-ons,icons,bronze,axons,konze,nylons,donze,hons,dons,hogans,frons,neutrons,fauns,brauns,coupons,come-ons,amazons,pentagons,echelons,dawns,spawns,lons,liaisons,pawns
salon's,
saloon,yoon,hoon,sassoon,cartoon,witherspoon,noone,kuhn,harpoon,monsoon,swoon,poon,immune,buffoon,suen,coon,hewn,pontoon,maroon,jeune,cameroon,shoon,contrabassoon,terhune,bethune,shewn,gruen,cocoon,pantaloon,galloon,suine,attune,moone,calhoun,dune,picayune,platoon,rangoon,raccoon,lampoon,tune,cardoon,prune,mattoon,magoon,calhoon,inopportune,saskatoon,honeymoon,brune,tycoon,koon,troon,muldoon,loon,balloon,lagoon,impugn,cancun,boone,noon,teaspoon,festoon,kroon,midafternoon,goon,laffoon,commune,typhoon,tablespoon,strewn,croon,opportune,cahoon,shoen,rune,spoon,afternoon,toon,moon,boon,clune,soon,bassoon,baboon,june
saloonist,
saloonkeep,
saloonkeeper,
saloons,kuhns,nunes,typhoons,funes,baboons,monsoons,pantaloons,cartoons,lunes,honeymoons,prunes,tunes,impugns,clunes,cocoons,runes,swoons,dunes,harpoons,noons,raccoons,tablespoons,kunes,platoons,moons,goons,koons,balloons,pontoons,lagoons,tycoons,coons,junes,communes,teaspoons,coones,boons,verboons,afternoons,croons,loons,spoons,toons
saloon's,
saloop,
saloops,
salop,salep,gallup,dallop,scallop,gallop,galop,jalap,shallop
salopette,
salopian,
salot,
salp,
salpa,tegucigalpa,kalpa,alpa,talpa,balpa
salpacean,
salpae,
salpas,
salpian,
salpians,
salpicon,
salpid,
salpidae,talpidae
salpids,
salpiform,
salpiglosis,
salpiglossis,
salping-,
salpingectomy,
salpingemphraxis,
salpinges,
salpingian,
salpingion,
salpingitic,
salpingitis,
salpingo-,salpingo
salpingocatheterism,
salpingocele,
salpingocyesis,
salpingomalleus,
salpingonasal,
salpingo-oophorectomy,
salpingo-oophoritis,
salpingo-ovariotomy,
salpingo-ovaritis,
salpingopalatal,
salpingopalatine,
salpingoperitonitis,
salpingopexy,
salpingopharyngeal,
salpingopharyngeus,
salpingopterygoid,
salpingorrhaphy,
salpingoscope,
salpingostaphyline,
salpingostenochoria,
salpingostomatomy,
salpingostomy,
salpingostomies,
salpingotomy,
salpingotomies,
salpingo-ureterostomy,
salpinx,
salpoid,
sal-prunella,
salps,scalps,alps,palps
sals,
salsa,khalsa,balsa
salsas,alces,calces,falces,balsas
salsbury,salisbury
salse,halse,valse
salsify,
salsifies,
salsifis,
salsilla,salsola
salsillas,
salsoda,
salsola,salsilla
salsolaceae,
salsolaceous,
salsuginose,
salsuginous,
salt,asphalt,nault,brault,ehrenhalt,somersault,greenawalt,creditanstalt,kreditanstalt,alt,stirewalt,malt,mault,hanawalt,kalt,ault,thunderbolt,sault,galipault,treuhandanstalt,vault,renault,kuralt,hault,covault,walt,rachelvolt,default,halt,dault,assault,exalt,galt,perrault,anawalt,fault,pinsoneault,pennwalt,pinault,cobalt,gault,faribault,basalt
salta,
saltando,
salt-and-pepper,
saltant,
saltarella,
saltarelli,santelli,deli,covelli,okelly,chelae,angeli,allele,ellie,signorelli,tele,delhi,cassinelli,delee,antonelli,wellie,zeffirelli,underbelly,gabrielli,castelli,melly,piscitelli,minelli,mellie,torelli,kellie,shelly,melli,stelae,fanelli,celie,romanelli,roselli,pasquarelli,altobelli,locatelli,kelly,nellie,campanelli,torricelli,helie,cheli,elly,jelly,morelli,bonelli,vitelli,fiorelli,santarelli,nelly,felly,beli,schelly,telly,cinelli,nelli,minnelli,puccinelli,donatelli,petrocelli,kelley,miceli,riopelle,mancinelli,shelley,celli,meli,helly,skelly,kelli,welly,machiavelli,cellae,spinelli,elie,marinelli,smelly,gelly,agnelli,cappelli,martelli,tele-,belly,borelli,pacelli,capelli,novelli,stelly,belli,brunelli,reli
saltarello,
saltarellos,
saltary,
saltate,
saltation,
saltativeness,
saltato,
saltator,
saltatory,
saltatoria,
saltatorial,
saltatorian,
saltatoric,
saltatorily,
saltatorious,
saltatras,
saltbox,ochs,fox,goldilocks,cocks,lox,botox,soapbox,roadblocks,frocks,vaux,jocks,rox,clocks,cox,smallpox,fawkes,walks,vox,detox,paradox,hydrox,hollyhocks,stalks,faux,gearbox,outfox,unorthodox,lawks,socks,feedstocks,talks,mailbox,locks,peacocks,icebox,pox,toolbox,mocks,boondocks,balks,heterodox,tinderbox,knocks,breadbox,nocks,shocks,rocks,blocks,orthodox,skybox,sandbox,sox,matchbox,crocs,glaux,sachs,gawks,stocks,flummox,knox,hawks,palafox,ox,docks,jukebox,hocks,equinox,tarbox,boombox,foxx,blocs,flocks,aftershocks,phlox,box
salt-box,
saltboxes,
saltbrush,
saltbush,
saltbushes,
saltcat,
salt-cat,
saltcatch,
saltcellar,
salt-cellar,
saltcellars,
saltchuck,
saltchucker,
salt-cured,
salteaux,
salted,exalted,vaulted,faulted,assaulted,defaulted,malted,halted
salt-edged,
saltee,
salten,
salter,gibraltar,walter,altar,saulter,defaulter,falter,winterhalter,vaulter,kalter,balter,malter,halter,psalter,alter,stalter,faulter
salteretto,
saltery,
saltern,altern
salterns,
salterpath,
salters,psalters,defaulters,altars,alters,falters,walters,halters,vaulters
saltest,
saltfat,
saltfish,
saltfoot,
salt-glazed,
saltgrass,
salt-green,
saltgum,
salt-hard,
salthouse,
salty,faulty,walty,vaulty,talty,malty
salticid,
saltie,
saltier,altier,faultier
saltierra,
saltiers,
saltierwise,
salties,
saltiest,faultiest
saltigradae,
saltigrade,
saltily,
saltillo,
saltimbanco,
saltimbank,
saltimbankery,
saltimbanque,
salt-incrusted,
saltine,
saltines,
saltiness,faultiness
saltinesses,
salting,faulting,somersaulting,halting,defaulting,vaulting,assaulting,malting,exalting
saltings,
saltire,
saltires,
saltireways,
saltirewise,
saltish,
saltishly,
saltishness,
salt-laden,
saltless,faultless
saltlessness,
saltly,
saltlick,
saltlike,tyke,statesmanlike,unsportsmanlike,shrike,plantlike,eich,snakelike,lookalike,brike,lyke,pyke,turnpike,glike,weich,dyke,swordlike,ghostlike,dislike,fanlike,dreamlike,reich,fernlike,motorbike,wormlike,airstrike,catlike,warlike,like,leaflike,hike,netlike,carmike,pike,homelike,klondike,mosslike,skrike,winglike,grasslike,wike,vandyke,sharklike,eellike,alike,knifelike,stike,dyck,lifelike,updike,wyke,gleich,glasslike,psych-,needlelike,strike,rike,birdlike,bleich,hitchhike,hornlike,teich,berrylike,moonlike,childlike,trike,unlike,bike,workmanlike,apelike,eyelike,starchlike,platelike,fyke,tike,beaklike,psych,doglike,ladylike,ike,dike,businesslike,starlike,grike,mike,spike,fike
salt-loving,
saltmaker,
saltmaking,
saltman,
saltmouth,
saltness,
saltnesses,
salto,smalto,alto,malto,palo-alto
saltometer,
saltorel,
saltpan,
salt-pan,
saltpans,
saltpeter,
saltpetre,
saltpetrous,
saltpond,
salt-rising,
salts,malts,somersaults,defaults,teicholz,waltz,halts,assaults,basalts,faults,paltz,vaults,walts,exalts,schmaltz
saltsburg,
saltshaker,
saltsman,saltzman
salt-spilling,
saltspoon,
saltspoonful,
saltsprinkler,
saltus,aeltus,altace,altus
saltuses,
saltville,
saltwater,dotter,jotter,stepdaughter,scoter,deepwater,underwater,goldwater,knotter,yachter,bridgewater,imprimatur,water,otter,hotter,blotter,bowater,potter,backwater,clearwater,manslaughter,headwater,squatter,rainwater,cottar,totter,daughter,seawater,kotter,slaughter,straughter,motter,drinkwater,meltwater,breakwater,tauter,coldwater,notter,stillwater,wastewater,spotter,freshwater,tidewater,bywater,goter,trotter,whitewater,floodwater,lotter,groundwater,mater,cotter,sweetwater,rotter,clotter,granddaughter,plotter
salt-watery,
saltwaters,
saltweed,
salt-white,
saltwife,
saltwork,
saltworker,
saltworks,
saltwort,
saltworts,
saltzman,saltsman
salubrify,
salubrious,
salubriously,
salubriousness,
salubrity,
salubrities,
salud,ballad,invalid,salad,valid,allod,pallid,calid
saluda,
salue,halloo,shallu,ballew,mashalu,baloo,alloo
salugi,
saluki,
salukis,
salung,
salus,malice,kallis,thallous,mallis,kalous,ballasts,gallus,vallis,callus,braless,kansallis,rallis,balas,prothallus,digitalis,pallas,dalis,borealis,chalices,chalice,daedalus,alice,palace,kalis,sallis,galus,ilalis,fallis,corvallis,callous,callis,phallus,callace,valis,kallus,maryalice,dallas,calice,thallus,calices
salutary,mercenary,parry,contemporary,sedentary,literary,confectionary,arie,luminary,culinary,stationery,monetary,eyrie,fairy,harry,scary,imaginary,veterinary,february,prairie,commentary,corollary,carry,lapidary,marry,epistolary,stationary,visionary,huckleberry,blueberry,primary,revolutionary,mulberry,unitary,unnecessary,barre,canary,merry,temporary,aerie,missionary,hairy,raspberry,proprietary,confectionery,tributary,bury,judiciary,monastery,solitary,apothecary,pecuniary,reactionary,airy,mary,vocabulary,preliminary,estuary,secretary,vary,berry,tarry,beneficiary,contrary,dysentery,pulmonary,extraordinary,ordinary,obituary,sanctuary,sanitary,legendary,ferry,emissary,itinerary,customary,nary,adversary,subsidiary,very,discretionary,secondary,ancillary,necessary,seminary,ary,capillary,cemetery,gooseberry,hereditary,strawberry,dictionary,fiduciary,dairy,tertiary,cherry,wary,cautionary,military,library,arbitrary
salutarily,
salutariness,
salutation,
salutational,
salutationless,
salutations,
salutation's,
salutatious,
salutatory,
salutatoria,
salutatorian,historian,victorian,ecuadorean,ivorian,morion,morian,taurean,dorian,hyperborean,torian,singaporean,kerkorian,norian,nestorian,lorean,krikorian,ecuadorian,florian,praetorian,pythagorean,gregorian,torreon,delorean,valedictorian
salutatories,
salutatorily,
salutatorium,
salute,execute,crute,beirut,arrowroot,chute,institute,commute,prostitute,glute,newt,lieut,repute,restitute,absolut,lute,boot,swimsuit,butte,bute,suit,prosecute,electrocute,parachute,jumpsuit,loot,compute,reroute,malamute,breadfruit,lawsuit,subacute,flute,skute,scoot,brute,snoot,jute,root,uproot,clute,constitute,cloot,grapefruit,overshoot,resolute,minute,acute,pantsuit,hirsute,hoot,dilute,bruit,substitute,permute,whoot,recruit,destitute,bandicoot,scute,attribute,groot,cute,enroute,absolute,toot,disrepute,spacesuit,refute,cahoot,astute,grassroot,pollute,dispute,offshoot,pursuit,convolute,mute,route,impute,fruit,smoot,telecommute,persecute,shoot,sweatsuit,klute,moot,wetsuit,crapshoot,brut,coot,shute,reconstitute
saluted,rooted,bruited,tooted,reputed,imputed,executed,convoluted,looted,persecuted,booted,luted,undisputed,computed,reconstituted,undiluted,recruited,unrefuted,refuted,commuted,hooted,constituted,scooted,instituted,disputed,fruited,mooted,polluted,chuted,parachuted,fluted,uprooted,routed,ootid,diluted,electrocuted,rerouted,suited,muted,substituted,unsuited,prosecuted
saluter,diluter
saluters,
salutes,bootes,spacesuits,pursuits,wootz,recruits,coots,cahoots,smoots,kreutz,moots,snoots,schuetze,glutes,feutz,swimsuits,ruetz,chutes,constitutes,routes,jutes,mootz,jumpsuits,parachutes,flutes,computes,refutes,prosecutes,scutes,lutes,suits,disputes,boots,shoots,institutes,duits,putes,dilutes,shutes,newts,fruits,cutes,attributes,prostitutes,pantsuits,stoots,hoots,mutes,persecutes,executes,brutes,lawsuits,toots,bootz,scoots,bandicoots,schuetz,pollutes,grapefruits,grassroots,stutes,commutes,bruits,absolutes,substitutes,macoutes,puetz,offshoots,buttes,loots,roots
salutiferous,
salutiferously,
saluting,suiting,commuting,tooting,hooting,constituting,uprooting,overshooting,telecommuting,computing,routeing,rerouting,substituting,bruting,recruiting,prosecuting,chuting,bluetongue,shooting,rooting,booting,refuting,diluting,reinstituting,looting,routing,persecuting,fluting,muting,supercomputing,mooting,bruiting,disputing,fruiting,parachuting,scooting,polluting,executing,reconstituting,butung,luting,instituting
salutoria,
salva,giammalva,malva,grijalva,villalva
salvability,
salvable,
salvableness,
salvably,
salvador,abhor,indoor,war,or,crore,lore,ore,herbivore,spore,bore,mentor,drawer,furthermore,sycamore,chore,cor,fore,carnivore,explore,swore,matador,four,heretofore,labrador,your,gore,seashore,dior,hoar,ashore,orr,restore,lor,evermore,anymore,encore,hardcore,uproar,decor,flor,door,store,pore,moore,backdoor,eyesore,yore,commodore,singapore,galore,shore,sore,tore,doar,thor,ignore,dore,torr,underscore,bookstore,troubadour,dinosaur,therefore,drugstore,floor,roar,folklore,offshore,pour,adore,oar,mor,snore,score,stevedore,outdoor,core,for,before,centaur,wore,boer,deplore,corps,whore,nor,therefor,rapport,boar,onshore,sophomore,more,tor,ecuador,soar,guarantor,implore
salvadora,
salvadoraceae,
salvadoraceous,
salvadoran,corrin,ecuadoran,sorin,morrin,caughron,goren,gawron,korin,foran,doron,shoran,goran,noren,horan,moren,orren,boren,toren,torun,aurin,lorin,warren,warrin,thoron,koren,florin,loren,gorin,corinn,thoren,gorhen,dorin,coren,mclaurin,zoran,currin,morin,doren,lauren,murrin,floran,borin,laurin,chlorin,bohren,sporran,boreen,maurin,horen,vandoren,foreign,oren,floren
salvadore,moire,muratore,warray,forray,melchiorre,isadore,madore,torray,signore,foray,moray,varnadore,lorei
salvadorian,salvadorean
salvagable,
salvage,
salvageability,
salvageable,
salvaged,
salvagee,
salvagees,
salvageproof,
salvager,
salvagers,
salvages,
salvaging,
salvay,
salvarsan,
salvatella,
salvation,presentation,vacation,education,orientation,indignation,segregation,articulation,cooperation,application,translation,organization,operation,accommodation,determination,collaboration,reputation,interpretation,integration,information,citation,communication,variation,aberration,situation,pronunciation,observation,conversation,meditation,connotation,conservation,consternation,sensation,innovation,discrimination,aspiration,transportation,alliteration,designation,appreciation,abbreviation,manifestation,collocation,altercation,obfuscation,evaluation,representation,notation,correlation,obligation,explanation,precipitation,administration,relation,adaptation,dedication,revelation,generation,deviation,ramification,constellation,affirmation,abomination,remuneration,compensation,vocation,gentrification,transformation,litigation,proliferation,expectation,reservation,station,association,population,location,creation,implication,dissertation,rehabilitation,consideration,reconciliation,motivation,corporation,inspiration,remediation,nation,preparation,radiation,quotation,implementation,anticipation,foundation,configuration,medication,conflagration,civilization,trepidation,affiliation,inclination,approbation
salvational,
salvationism,
salvationist,
salvations,
salvator,
salvatore,abhor,category,war,or,lore,ore,bore,oratory,mentor,drawer,furthermore,glory,sycamore,dilatory,lorry,chore,cor,signatory,fore,carnivore,explore,four,recore,heretofore,your,respiratory,gore,hoar,restore,dormitory,exculpatory,inventory,story,anymore,encore,hardcore,uproar,decor,door,store,pore,aleatory,moore,purgatory,dory,backdoor,yore,depilatory,galore,shore,sore,transitory,ignore,ambulatory,laboratory,underscore,troubadour,dinosaur,therefore,quarry,floor,roar,folklore,offshore,pour,adore,oar,conciliatory,score,desultory,stevedore,repository,outdoor,core,mori,for,before,deplore,corps,whore,nor,therefor,statutory,rapport,boar,sophomore,more,obligatory,allegory,tor,derogatory,territory,soar,hoary,guarantor,storey,mandatory,lavatory,implore
salvatory,
salve,vaclav,baryshnikov,andropov,zuganov,evanov,sauve,luzhkov,bordenave,maslyukov,yugoslav,karpov,slav,suave,dov,saratov,davydov,kalashnikov,improv,kafelnikov,potapov,lefauve,kamentsev,nabokov,kasparov,skov,yakov,vorontsov,branislov,vaslov,mav,yazov,rybakov,morachov,lubinov,federov,khlebnikov,fyodorov,mauve,grachov,volkogonov,chebrikov,poznikov,fauve,romanov,kargonaov,pskov
salved,
salveline,
salvelinus,
salver,lawver,salvor,fawver,hawver,shawver
salvers,salvors
salver-shaped,
salves,govs,mavs,slavs
salvy,
salvia,
salvianin,
salvias,
salvidor,
salvific,
salvifical,
salvifically,
salvifics,
salving,
salvini,
salvinia,
salviniaceae,
salviniaceous,
salviniales,
salviol,
salvisa,
salvo,
salvoed,
salvoes,salvos
salvoing,
salvor,lawver,fawver,salver,hawver,shawver
salvors,salvers
salvos,salvoes
salvucci,pascucci,coochie,ciucci,horiguchi,carlucci,horiuchi,mariucci,minicucci,ferrucci,baluchi,bonaduce,tabuchi,marinucci,lucci,marucci,chattahoochee,iannucci,bellucci,mucci,kikuchi,kawaguchi,matteucci,gucci,bucci,taniguchi,berarducci,maffucci,vertucci,antenucci,vellucci,iacobucci,ucci,martucci,higuchi,grucci,vannucci,mattucci,pucci,noguchi,santucci,vitucci,fiorucci,micucci,rucci,gallucci,massucci,carducci,bartolucci,masucci,yamauchi,ragucci,melucci,yamanouchi,takeuchi,banducci,denucci,cellucci,nucci,castrucci,hoochie,bertolucci,colucci,paolucci,castellucci,allamuchy,balducci,cucci,marcucci,petrucci,carucci,buchi,bertucci,angelucci,yamaguchi,adduci,antonucci,tucci,ikeuchi,reppucci,sakaguchi,fucci,narducci
salween,
salwey,
salwin,
salzburg,salzberg,saltzburg
salzfelle,
salzgitter,babysitter,sitter,bitar,embitter,emitter,schlitter,critter,glitter,litter,fritter,gritter,shitter,bitter,knitter,hitter,witter,outfitter,schmitter,twitter,gitter,fitter,quitter,jitter,pitter,ditter,transmitter,counterfeiter,aglitter,ritter,chitter,titter,retrofitter
salzhauer,hallbauer,dour,labour,blauer,stour,vorhauer,newshour,dower,dessauer,mortgagepower,scour,bour,lour,jour,datapower,sour,adenauer,krauer,hour,picower,flour,hydropower
sam,wolfram,kilogram,damm,rotterdam,wham,yam,diaphragm,hamm,exam,sdram,madame,dithyramb,ham,histogram,jamb,engram,logjam,hologram,ram,birmingham,diagram,coram,mammogram,fram,clam,graham,stam,siam,graeme,sham,oxfam,cram,dagenham,tham,cam,cablegram,goddamn,scam,lam,monogram,milligram,swam,program,am,anagram,potsdam,electrocardiogram,plam,nottingham,alam,epigram,spam,tam,abraham,jam,sonogram,dam,slam,abram,gramme,cunningham,programme,kam,buckingham,stram,flimflam,microgram,damme,logogram,tottenham,damn,sram,polygram,flam,flambe,centigram,mme,goddam,beckham,cham,lamb,amsterdam,priam,dram,bram,bam,gram,telegram,scram,durham,nam,pam,tram
sam.,
sama,valderrama,aldama,hama,kageyama,aoyama,nakama,comma,mamma,chroma,kodama,arzama,bernama,croma,somma,obama,osama,homoplasty,kaama,fukuyama,oyama,momma,sugiyama,slama,hirayama,maruyama,tama,schama,guadarrama,dhlakama,fujiyama,algamaa,kashiyama,murayama,yoneyama,saitama,rama,pajama,cauma,nakayama,glomma,melodrama,bramah,yokoyama,takayama,mama,bahama,naamah,kama,balderrama,llama,salama,gama,halama,koyama,dama,kuriyama,lama,gyuhama,nishiyama,groma,fama,drama,katayama,maddamma,broma,yokohama,trauma,squama,cama,toyama,akiyama
samadera,
samadh,
samadhi,
samain,
samaj,damage,gamage,ramage,gammage,grammage
samal,
samala,
samale,
samalla,
saman,laman,layman,gaymon,clayman,peyman,haymon,freyman,draymen,heyman,heymann,shireman,klamon,raman,lehmann,haman,daemon,yamen,saimin,zaman,daman,braman,reyman,tayman,foramen,laymon,bayman,rayman,eyman,caman,damon,neyman,kaman,caiman,namen,naiman,goemon,philemon,klayman,weyman,stamen,laymen,shaman,clamen,wayman,xiamen,daimon,cayman,flamen,brayman,taman,drayman,hayman
samandura,
samani,
samanid,
samantha,cliantha,diantha,calantha,anantha,philantha
samanthia,
samar,
samara,camera
samarang,
samaras,samurais,cameras
samaria,urea,korea,ia,corea,pia,belyea,chia,althea,thea,diarrhea,asea,berea,cananea,tortilla,keziah,galeria,rosalia,orea,sofia,snia,gonorrhea,mia,hosea,killilea,urrea,garcia,anamaria,dhia,idea,caesarea,shia,theia,zia,brachia,perea,dia,tanzania,lia,neoplasty,medea,hialeah,stria,duryea,kania,alethea,panacea,maria,dulcinea,pcmcia,crimea,ria,rhea,desmoplasia,leah,judea,jia,tia,pizzeria,galatea,gaea,ikea,diarrhoea,abyssinia,sophia,cheoplasty,atypia,logophilia,bria,subia,eritrea,nicosia,aliyah,onomatopeia,freia,dyspnea,yttria,dorothea,cytherea,galleria,basophilia,shiah
samariform,
samaritan,claritin,ceratin,sheraton,cerotin,ferritin,sclerotin,keratin,raritan
samaritaness,
samaritanism,
samaritans,
samarium,
samariums,
samarkand,shorthand,strand,secondhand,withstand,gland,manned,lefthand,offhand,band,sand,misunderstand,cropland,handstand,finland,unplanned,reprimand,brand,command,woodland,farmhand,stagehand,timberland,firebrand,hand,nightstand,bandstand,ampersand,broadband,fatherland,beforehand,longhand,lande,stand,righthand,expand,panned,mainland,quicksand,thailand,hinterland,grand,rand,shand,parkland,firsthand,spanned,newsstand,farmland,headband,forehand,fairyland,bland,wasteland,ferdinand,scanned,grande,heartland,tanned,wonderland,land,homeland,motherland,greenland,overland,midland,outland,banned,grandstand,dixieland,grassland,moorland,inland,freehand,lapland,backhand,demand,remand,dreamland,canned,wetland,armband,understand,contraband,unmanned,disneyland,planned,lowland,disband,southland
samaroid,
samarra,
samarskite,
samas,pajamas,lammas,namas,thammuz,amahs,gammas,brahmas,tammuz,cammas,famas,camas,chlamys
samau,
sama-veda,
samba,bomba,tombaugh,tromba,zomba,lomba,mamba
sambaed,
sambaing,
sambal,preamble,shamble,bramble,gamble,famble,campbell,scamble,yambol,cambell,hamble,gambol,scramble,stambul,amble,unscramble,ramble,tramble
sambaqui,
sambaquis,
sambar,gambir,chambre,tambour,ambre,sambur
sambara,
sambars,
sambas,mambas
sambathe,
sambel,
sambhar,
sambhars,
sambhogakaya,
sambhur,
sambhurs,
sambo,jambeau,rambo,shambo,tambo,crambo,zambo,rambow
sambos,
sambouk,
sambouse,
sambre,cambra,alhambra,ambra,dambra
sambuca,molucca,pagliuca,bazooka,banyaluca,paducah,luca,mazzuca,rostuca,colaluca,rabuka,luka,azuka,stuka,shizuka,laduca,duca,huachuca,lucca,marchewka,shinyuka,pokazukha,maruca,sluka,machuca,delucca,otsuka,delduca,deluca
sambucaceae,
sambucas,
sambucus,
sambuk,
sambuke,
sambukes,
sambul,
sambunigrin,
sambur,gambir,sambar,chambre,tambour,ambre
samburg,
samburs,
samburu,
same,came,tame,mainframe,game,name,aspartame,airframe,blame,ashame,rename,defame,aflame,brandname,overcame,graeme,claim,sejm,rhame,became,ysame,bleyme,shame,inflame,videogame,aim,bame,whame,timeframe,haim,disclaim,ballgame,grame,flame,mame,ame,lame,nickname,exclaim,maim,counterclaim,dame,damme,boehme,frame,surname,cname,proclaim,declaim,fame,aime,brame,squame,boehm,reclaim,acclaim
samech,
samechs,
same-colored,
same-featured,
samek,ceramic,mammock,aerodynamic,lambic,dynamic,hammack,photodynamic,hypothalamic,samekh,hammock,hamtramck,hammac,psychodynamic,chameck,glutamic,panoramic,sramek,hemodynamic,kamik,electrodynamic,camac,cammack,shramek
samekh,ceramic,mammock,aerodynamic,lambic,samek,dynamic,hammack,photodynamic,hypothalamic,hammock,hamtramck,hammac,psychodynamic,chameck,glutamic,panoramic,sramek,hemodynamic,kamik,electrodynamic,camac,cammack,shramek
samekhs,
sameks,
samel,
samely,
sameliness,
samella,marbella,umbrella,ela,della,minella,marcella,flagella,novella,fabela,abella,mella,rella,prunella,tele,campanella,favela,dela,viyella,cappella,stella,cannella,chela,arabella,petronella,barela,marella,sela,casella,marvella,ella,estella,carmela,corella,mandella,avella,annabella,louella,cinderella,daniella,mirabella,vela,zanella,capella,patella,rosella,abela,dibella,gazella,isabella,ariella,sella,donella,goodfella,candela,rubella,vella,nella,luella,selah,pella,gabriela,rotella,michaela,estrella,kinsella,ardella,labella,adela,parella,fenella,vendela,salmonella,sabella,meloplasty,marcela,kwela,fellah,mirella,muscarella,cella,daniela,petrella,bela,leola,nela,stela,gabriella,fela,cela,bella,mandela,villella,bellah,fella,citronella
same-minded,
samen,
sameness,lameness,tameness,gameness
samenesses,
samer,
same-seeming,
same-sized,
samesome,
same-sounding,
samfoo,
samford,stamford,bamford
samgarnebo,
samgha,
samh,
samhain,
samh'in,
samhita,
sami,shammy,kamei,grammy,sammie,ramie,valmy,tami,gammy,clammy,tammie,chamois,lammi,mammae,mccamey,rammy,mammy,miami,whammy,cammie,tammy,lammey,pammy,sammy,mckamey,yanomami,chammy,ramey,brahmi,mi-vami,ramee,cammy,hammy,jammy,amie,tamiami
samy,
samia,mesopotamia,lamia,macadamia,calamia,zamia,kamia
samian,damian,abrahamian,mesopotamian,atamian,barsamian,bahamian,damien
samydaceae,
samiel,
samiels,
samir,cheer,profiteer,appear,peer,bombardier,gear,midyear,sheer,career,bere,cavalier,greer,pioneer,atmosphere,vere,frere,auctioneer,speer,revere,frontier,emir,zaire,headgear,veneer,marketeer,chandelier,pier,stratosphere,yesteryear,gere,wier,beer,fear,sneer,commandeer,chevalier,biosphere,deer,persevere,souvenir,mountaineer,shere,veer,spear,belvedere,fier,volunteer,premiere,brere,fleer,domineer,jeer,cashier,austere,sear,deere,reappear,bandolier,adhere,dear,sphere,engineer,kier,rainier,disappear,financier,lear,rear,reindeer,stere,meir,year,amir,steer,cohere,premier,insincere,tear,clear,unclear,interfere,brigadier,kir,severe,hemisphere,racketeer,teer,shear,near,neer,mere,sere,smear,mear,mir,stear,queer,sincere
samira,
samiresite,
samiri,
samisen,shamisen
samisens,
samish,
samite,gummite,zamite,thomite,somite,fomite,chromite,shemite,hamite
samites,
samiti,
samizdat,
samkara,
samkhya,
saml,
samlet,camlet,bramlett,camblet,hamlett,hamlet,bramlet,chamlet
samlets,
sammael,
sammartini,
sammel,
sammer,
sammy,shammy,kamei,grammy,sammie,ramie,valmy,tami,gammy,clammy,tammie,chamois,lammi,mammae,mccamey,rammy,mammy,miami,whammy,cammie,tammy,lammey,pammy,mckamey,yanomami,chammy,ramey,brahmi,mi-vami,sami,ramee,cammy,hammy,jammy,amie,tamiami
sammie,shammy,kamei,grammy,ramie,valmy,tami,gammy,clammy,tammie,chamois,lammi,mammae,mccamey,rammy,mammy,miami,whammy,cammie,tammy,lammey,pammy,sammy,mckamey,yanomami,chammy,ramey,brahmi,mi-vami,sami,ramee,cammy,hammy,jammy,amie,tamiami
sammier,
sammies,
sammons,famines,hammons,brahmins,gammons,gamons,lammons,brahmans,ammons,salmans,salmons,examines,kamins,alabamans
samnani,
samnite,
samnium,
samnorwood,
samoa,balboa,pppoa,toa,figueroa,batticaloa,excoa,roa,showa,figaroa,boa,goa,protozoa,achoa,sapoa,aircoa,ulloa,sowa,shoah,baidoa,whampoa,ochoa,gamboa,novoa,noa,shenandoah,noah,parazoa,noaa
samoan,mowen,bohen,cardoen,sewen,foehn,flowen,rohan,proin,ohioan,protozoan,bowen,cowen,owen,kohen,blow-in,cohen,powan,bilbaoan,growan,minoan,rowan,baidoan,lowan,throw-in,co-une,rowen,lowen
samoans,
samogitian,
samogon,
samogonka,
samohu,
samoyed,sphygmoid,squamoid
samoyedic,
samolus,camelus
samory,
samos,
samosa,amasa
samosas,ramesses
samosatenian,
samoset,
samothere,
samotherium,
samothrace,
samothracian,
samothrake,
samovar,
samovars,
samp,champ,camp,haverkamp,gamp,kampe,stamp,trampe,amp,trenkamp,hamp,seekamp,revamp,tamp,gaskamp,ryskamp,stallkamp,schamp,lampp,cramp,niekamp,damp,scamp,shamp,weitkamp,fullenkamp,bouwkamp,kamp,vamp,unclamp,decamp,encamp,gramp,lampe,grandchamp,firedamp,hampe,lamp,tramp,vancamp,lowekamp,rampe,feldkamp,holtkamp,clamp,steenkamp,helmkamp,krampe,kramp,ramp,heitkamp
,
