cephalothoraces,
cephalothoracic,
cephalothoracopagus,
cephalothorax,
cephalothoraxes,
cephalotome,
cephalotomy,
cephalotractor,
cephalotribe,
cephalotripsy,
cephalotrocha,
cephalotus,
cephalous,cephalus,ephelis,hydroencephalus
cephalus,ephelis,hydroencephalus,cephalous
cephas,
cephei,
cepheid,
cepheids,
cephen,
cepheus,
cephid,
cephidae,
cephus,oreffice,preface,jeffus,nefasch
cepolidae,
ceporah,
cepous,
ceps,
cepter,
ceptor,
ceq,
cequi,
cera,mwera,darragh,para-,kuchera,provera,farah,avera,tavera,kara,moreira,sarah,altera,tenera,chimera,ceroplasty,vera,ranchera,ribera,ferra,sequeira,svizzera,thera,gerah,para,era,patera,guerra,naira,pereira,herrera,gera,ohara,sara,sclera,terra,olivera,figueira,bera,primavera,carrera,terah,riviera,frontera,zera,valera,cerra,silvera,escalera,silveira,hara,farrah,mascara,sahara,kera,canberra,severa,barbera,nogueira,fichera,matera,madera,olvera,becerra,berra,caldera,perera,barrera,guayabera,tara,cervera,erra,leora,terre,fera,aguilera,kundera,vieira,cartera,basara,sierra,sferra,cabrera,mcnamara,serra,higuera,najera,cara,rivera,tera-,teixeira,clara
ceraceous,mendacious,gracious,rapacious,tenacious,spacious,horatius,fallacious,ostentatious,flirtatious,sebaceous,predaceous,proteinaceous,ignatius,herbaceous,hellacious,salacious,vexatious,glacious,vivacious,crustaceous,efficacious,perspicacious,capacious,cretaceous,audacious,voracious,loquacious
cerago,
ceral,
cerallua,
ceram,gerome,arum,harem,lerum,geserum,tarom,ferrum
ceramal,caramel
ceramals,
cerambycid,
cerambycidae,
cerambus,
ceramiaceae,
ceramiaceous,
ceramic,samek,hemodynamic,hypothalamic,chameck,lambic,hammock,psychodynamic,photodynamic,mammock,electrodynamic,sramek,cammack,kamik,shramek,hamtramck,camac,glutamic,aerodynamic,panoramic,hammac,dynamic,hammack,samekh
ceramicist,
ceramicists,
ceramicite,
ceramics,aerodynamics,hammocks,hemodynamics,electrodynamics,dynamics,amyx
ceramidium,
ceramist,
ceramists,
ceramium,
ceramography,
ceramographic,
cerargyrite,pyrargyrite
ceras,bures,lueras,veras,calaveras,parras,terras,meros,ceros,sierras,teras,ferriz
cerasein,
cerasin,sarasin,comparison,sericin,arison,ceresin,sierracin,kerasin,harrison,jerrican,cerosin
cerastes,kerestes,aquarists
cerastium,
cerasus,
cerat,garrett,disparate,merrett,parrott,karet,gehret,demerit,garret,merrit,terret,meritt,garratt,sterrett,cerat-,lerot,verrett,sherrit,teret,inherit,herat,berrett,gerrit,merritt,marrett,karat,carrot,sterett,jarrett,merit,parrot,barrett,kerat-,wherret,verit,carat,sherritt,ferret,kerat
cerat-,garrett,disparate,merrett,parrott,karet,gehret,demerit,garret,merrit,terret,meritt,garratt,sterrett,lerot,verrett,sherrit,teret,inherit,herat,berrett,gerrit,merritt,cerat,marrett,karat,carrot,sterett,jarrett,merit,parrot,barrett,kerat-,wherret,verit,carat,sherritt,ferret,kerat
cerata,
cerate,stearate,sperate,derate
ceratectomy,
cerated,
cerates,
ceratiasis,
ceratiid,
ceratiidae,
ceratin,claritin,raritan,sclerotin,sheraton,cerotin,keratin,ferritin,samaritan
ceratinous,
ceratins,
ceratioid,
ceration,
ceratite,
ceratites,
ceratitic,
ceratitidae,
ceratitis,keratitis
ceratitoid,
ceratitoidea,
ceratium,
cerato-,hereto,whereto,kerato-,terato-,kerato,eroto-,erato,cerato,eroto,terato
ceratobatrachinae,
ceratoblast,
ceratobranchial,
ceratocystis,
ceratocricoid,
ceratodidae,
ceratodontidae,
ceratodus,
ceratoduses,
ceratofibrous,
ceratoglossal,
ceratoglossus,
ceratohyal,
ceratohyoid,
ceratoid,keratoid,teratoid
ceratomandibular,
ceratomania,
ceratonia,
ceratophyllaceae,
ceratophyllaceous,
ceratophyllum,
ceratophyta,
ceratophyte,
ceratophrys,
ceratops,
ceratopsia,
ceratopsian,
ceratopsid,
ceratopsidae,
ceratopteridaceae,
ceratopteridaceous,
ceratopteris,
ceratorhine,
ceratosa,
ceratosaurus,
ceratospongiae,
ceratospongian,
ceratostomataceae,
ceratostomella,
ceratotheca,
ceratothecae,
ceratothecal,
ceratozamia,
ceraunia,
ceraunics,
ceraunite,
ceraunogram,
ceraunograph,
ceraunomancy,
ceraunophone,
ceraunoscope,
ceraunoscopy,
cerbberi,
cerberean,
cerberi,
cerberic,
cerberus,
cerberuses,
cercal,turkle,furcal,surcle
cercaria,
cercariae,
cercarial,
cercarian,
cercarias,
cercariform,
cercelee,
cerci,thyrsi,bercy,merci,bursae
cercidiphyllaceae,
cercyon,
cercis,
cercises,
cercis-leaf,
cercle,
cercocebus,
cercolabes,
cercolabidae,
cercomonad,
cercomonadidae,
cercomonas,
cercopes,
cercopid,
cercopidae,
cercopithecid,
cercopithecidae,
cercopithecoid,
cercopithecus,
cercopod,
cercospora,
cercosporella,
cercus,clearchus,quercus,turkis
cerdonian,
cere,
cereal,immaterial,antibacterial,material,managerial,arterial,virial,venereal,imperial,bacterial,ethereal,biomaterial
cerealian,
cerealin,
cerealism,
cerealist,
cerealose,
cereals,biomaterials,serials,materials
cereal's,
cerebbella,
cerebella,terebella
cerebellar,
cerebellifugal,
cerebellipetal,
cerebellitis,
cerebellocortex,
cerebello-olivary,
cerebellopontile,
cerebellopontine,
cerebellorubral,
cerebellospinal,
cerebellum,
cerebellums,
cerebr-,cerebr
cerebra,terebra
cerebral,febrile
cerebralgia,
cerebralism,
cerebralist,
cerebralization,
cerebralize,
cerebrally,
cerebrals,
cerebrasthenia,
cerebrasthenic,
cerebrate,
cerebrated,
cerebrates,
cerebrating,terebrating
cerebration,terebration
cerebrational,
cerebrations,
cerebratulus,
cerebri,
cerebric,
cerebricity,
cerebriform,
cerebriformly,
cerebrifugal,
cerebrin,
cerebripetal,
cerebritis,
cerebrize,
cerebro-,cerebro
cerebrocardiac,
cerebrogalactose,
cerebroganglion,
cerebroganglionic,
cerebroid,
cerebrology,
cerebroma,
cerebromalacia,
cerebromedullary,
cerebromeningeal,
cerebromeningitis,
cerebrometer,
cerebron,
cerebronic,
cerebro-ocular,
cerebroparietal,
cerebropathy,
cerebropedal,
cerebrophysiology,
cerebropontile,
cerebropsychosis,
cerebrorachidian,
cerebrosclerosis,
cerebroscope,
cerebroscopy,
cerebrose,
cerebrosensorial,
cerebroside,
cerebrosis,
cerebrospinal,
cerebro-spinal,
cerebrospinant,
cerebrosuria,
cerebrotomy,
cerebrotonia,
cerebrotonic,
cerebrovascular,
cerebrovisceral,
cerebrum,
cerebrums,
cerecloth,
cerecloths,
cered,tiered,comandeered,endeared,engineered,disappeared,briered,bluebeard
ceredo,
cereless,
cerelia,obelia,azelia,dorelia,omelia,selia,melia,ardelia,nelia,zelia,marcelia,odelia,pellaea,orelia
cerell,
cerelly,
cerellia,
cerement,dearment,endearment
cerements,experiments
ceremony,drony,maloney,stoney,leoni,salomone,benoni,progne,morrone,chalcedony,palimony,antone,shoshone,moroni,bony,caponi,marconi,berlusconi,mahoney,toney,negroni,mony,boni,telephony,castiglione,mulroney,bottone,patrimony,croney,stony,roni,patrone,cardone,cassone,loney,sassone,campione,cassoni,macaroni,corleone,coney,frowney,soni,sapone,sony,falcone,pallone,oney,joni,rigatoni,maglione,crony,bologna,poney,baroni,tassone,peroni,lowney,sanctimony,cerone,testimony,loanee,cantone,phony,ione,roney,montone,maroni,matrimony,mangone,boney,desimone,marrone,toni,abalone,buffone,tony,guccione,bertone,dhony,moroney,balboni,pepperoni,parsimony,nakasone,perrone,ciccone,acrimony,langone,melone,bartone,alimony,phoney,calderone,moloney,droney,baloney
ceremonial,colonial,monial,testimonial,matrimonial,patrimonial
ceremonialism,
ceremonialist,
ceremonialists,
ceremonialize,
ceremonially,
ceremonialness,
ceremonials,
ceremoniary,
ceremonies,testimonies,tonies,ponies,tonys,conies,coneys,cronies,phonies
ceremonious,querimonious
ceremoniously,
ceremoniousness,
ceremony's,
cerenkov,cherenkov
cereous,peiraeus
cerer,
cererite,
ceres,queries,series,wearies,theories
ceresco,
ceresin,sarasin,comparison,cerasin,sericin,arison,sierracin,kerasin,harrison,jerrican,cerosin
ceresine,
cereus,mysterious,serious,deleterious,nereus,delirious,imperious,nereis,tereus
cereuses,
cerevis,
cerevisial,
cereza,
cerf,scherff,murph,turf,vanderwerf,vanderwerff,overturf,mcinturff,serf,murff,scherf,mcinturf,smurf,astroturf,surf
cerfoil,
cery,
ceria,oliveria,imperia,aleria,pieria,gerea,tiberia,valeria
cerialia,
cerianthid,
cerianthidae,
cerianthoid,
cerianthus,
cerias,
ceric,seric,steric,yearick,xeric,stearic
ceride,
ceriferous,thuriferous,roriferous,floriferous,cirriferous,lauriferous,auriferous,sporiferous,lyriferous,poriferous,cirrhiferous,aeriferous
cerigerous,
cerigo,
ceryl,imperil,karel,cheryl,farrell,meryll,darrell,therrell,ferol,ferrell,sterol,ocarroll,meryl,berrill,barrel,ofarrell,merrill,jheryl,verrel,pork-barrel,errol,scleral,peril,terral,ferrol,sherrell,jerrell,sheryl,darryl,harrell,jerel,carole,sharyl,herrell,herrle,erol,deryle,sterile,carol,terrill,sherrill,carroll,apparel,behrle,beryl,burel,burell,wehrle,terrel,farrel,terrell,nerol,merrell,darrel,caryl,verrall,feral,daryl,ferrall,baril
cerilla,
cerillo,
ceriman,herriman,theremin,harriman,merriman
cerimans,
cerin,seron,aaron,charron,alaron,geron,hairen,haren,sharon,terran,waren,karen,baron,aron,betakeren,barron,farren,schwerin,baren,faren,karon,perron,paren,mehran,ferran,herron,herin,sherrin,sherin,lebaron,geran,beran,herren,guerin,maren,perrin,serin,faron,aeron,mclaren,mcfarren,marron,yaron,farron,teran,charon,aran,maclaren,herrin,ferron,beron,caren,ehren,kerin,karin,heron,karan,veron,ferrin,pteron,barren,garin,theron,marin,terin
cerine,
cerynean,
cering,disappearing,d-ring,rehearing,overhearing,endearing,jeering,hearing,fleering,peering
cerinthe,
cerinthian,
ceriomyces,
cerion,
cerionidae,
ceriops,
ceriornis,
ceriph,sherif,tariff,sherriff,sheriff,seriph,teraph,cherif,serif,seraph
ceriphs,
cerys,
cerise,leese,grease,maurice,nice,elise,viennese,clarice,reece,neisse,reise,yeas,cleese,dease,crease,buice,greece,cease,lollis,lease,eyepiece,centerpiece,suisse,devries,crosspiece,release,legalese,weise,tunis,mouthpiece,police,giese,bernice,timepiece,gees,obese,aris,treece,altarpiece,clarisse,luis,piece,greenpeace,tese,sangiovese,maryse,neace,niece,magness,neice,speiss,brocious,patrice,meese,decease,neece,showpiece,felice,riess,decrease,vietnamese,caprice,cece,meece,leise,increase,geese,reese,sublease,syntheses,fleece,rhys,peece,seis,peace,spece,apiece,preece,denice,pease,masterpiece,denise
cerises,
cerite,pleurite,aright,norite,sclerite,laurite,nerite,baryte,porite,chlorite,kerite,perite,thorite,urite
cerites,
cerithiidae,
cerithioid,
cerithium,
cerium,deuterium,nerium,mysterium
ceriums,
ceryx,
cermet,fermat,zermatt,ermit,thermit
cermets,
cern,ahern,hurn,kirn,kern,herne,stirn,hearn,learn,yearn,bern,minturn,hearne,cogburn,redfern,aherne,sunburn,laverne,downturn,fern,taciturn,adjourn,churn,washburn,cockburn,erne,durn,sterne,chern,berne,heartburn,overturn,ahearn,vern,burn,dern,byrne,zurn,turn,return,concern,hern,urn,unconcern,earn,upturn,discern,fearn,spurn,sauterne,stern,thurn,verne
cernauti,
cerned,
cerning,
cerniture,
cernuda,uhde,judah,tsuda,shuda,gooda,masuda,arruda,ruda,barbuda,barracuda,labuda,buddha,duda,yehuda,matsuda,yasuda,bermuda,garuda,siuda,truda,fukuda,suda,doodah,neruda,okuda,huda
cernuous,
cero,
cero-,botero,carneiro,lucero,serow,sero-,garo,ptero-,passero,embarcadero,ribeiro,camero,romero,amero,aero,wheelbarrow,barbero,darrow,gerow,minero,arrow,cerro,varo,montero,garrow,aero-,dondero,pinheiro,sparrow,mero,faro,cuero,ferro-,otero,ferrero,narrow,soltero,borrero,caballero,mescalero,vero,barreiro,monteiro,herro,valero,pharaoh,taro,camaro,bracero,quintero,guerrero,rivero,sphero,xero-,barrow,bolero,pinero,ferro,ranchero,ibero,merrow,companero,meroe,sendero,sclero-,pharoah,ptero,aguero,spero,gero,fero,acero,sclero,sphero-,sombrero,bero,cordero,marrow,escudero,cantero,madero,marrero,herrero
cerograph,orograph,aerograph,barograph,chorograph,chirograph,spherograph,pyrograph,spirograph
cerographer,
cerography,chorography,xerography,pyrography,urography,chirography,horography,neurography,orography,aerography
cerographic,chorographic,chirographic,xerographic,barographic,pyrographic
cerographical,
cerographies,
cerographist,chirographist
ceroid,theroid
ceroline,
cerolite,sperrylite,aerolite,kerolite,spherulite
ceroma,sclerema,xeroma,scleroma,seroma,pleroma
ceromancy,aeromancy,cleromancy
ceromez,
ceroon,
cerophilous,
ceroplast,
ceroplasty,mwera,darragh,para-,kuchera,provera,farah,avera,tavera,kara,moreira,sarah,altera,tenera,chimera,vera,ranchera,ribera,ferra,sequeira,svizzera,thera,gerah,para,era,patera,guerra,naira,pereira,herrera,gera,ohara,sara,sclera,terra,olivera,figueira,bera,primavera,carrera,terah,riviera,frontera,zera,valera,cerra,silvera,escalera,silveira,hara,cera,farrah,mascara,sahara,kera,canberra,severa,barbera,nogueira,fichera,matera,madera,olvera,becerra,berra,caldera,perera,barrera,guayabera,tara,cervera,erra,leora,terre,fera,aguilera,kundera,vieira,cartera,basara,sierra,sferra,cabrera,mcnamara,serra,higuera,najera,cara,rivera,tera-,teixeira,clara
ceroplastic,
ceroplastics,
ceros,bures,lueras,veras,calaveras,ceras,parras,terras,meros,sierras,teras,ferriz
cerosin,sarasin,comparison,cerasin,sericin,arison,ceresin,sierracin,kerasin,harrison,jerrican
ceroso-,
cerotate,
cerote,
cerotene,
cerotic,xerotic,heretic,pterotic,ferritic
cerotin,claritin,ceratin,raritan,sheraton,sclerotin,keratin,ferritin,samaritan
cerotype,serotype
cerotypes,
cerous,ferous,peris,gerous,merus,pteris,serous
ceroxyle,
ceroxylon,chloroxylon,pyroxylin,myroxylon
cerracchio,
cerrero,
cerre-tree,
cerrial,mariel,ariel,aerial,malarial,actuarial,secretarial,burial,parial,adversarial
cerrillos,
cerris,meris,sclerous,barris,serrous,faris,ferriss,derus,terrace,farris,gerris,maris,embarrass,glareous,marous,harris,peras,parous,calveras,nonferrous,solaris,parris,ahasuerus,derris,ferrous,paris,haris,heiress,nerice,polaris,ferris,gehris,cerus,terrasse,glaris,derose,claris,terris
cerritos,pothitos,miskitos,burritos,haritos,marielitos,alamitos
cerro,botero,carneiro,lucero,serow,sero-,garo,ptero-,passero,embarcadero,ribeiro,camero,romero,tinajero,amero,aero,wheelbarrow,barbero,darrow,gerow,minero,arrow,varo,montero,garrow,aero-,dondero,pinheiro,sparrow,mero,faro,cuero,ferro-,otero,ferrero,narrow,soltero,borrero,caballero,mescalero,vero,barreiro,monteiro,herro,valero,pharaoh,taro,camaro,bracero,quintero,guerrero,rivero,sphero,xero-,barrow,bolero,pinero,ferro,ranchero,ibero,merrow,companero,meroe,sendero,sclero-,pharoah,ptero,aguero,spero,gero,fero,acero,sclero,sphero-,sombrero,bero,cordero,marrow,escudero,cantero,madero,marrero,herrero
cerrogordo,
cert,
cert.,
certain,wolverton,burton,emerton,berton,eatherton,curtain,girton,worton,halliburton,etherton,merten,leverton,blurton,girten,curtin,uncertain,emberton,urton,merton,kirton,haliburton,bertin,turton,pilkerton,murton,howerton
certainer,
certainest,
certainly,uncertainly
certainness,
certainty,uncertainty
certainties,uncertainties
certes,girts,curtes,certs,herts,gurts,verts,nerts
certhia,
certhiidae,
certy,
certie,
certif,
certify,qualify,codify,chi,lanai,i,awry,by,sigh,whereby,alibi,ratify,shy,magpie,nearby,occupy,nullify,amplify,sty,eye,exemplify,alumni,mollify,identify,alkali,fry,buy,rye,apply,imply,why,y,goodbye,gadfly,justify,vilify,stultify,lie,mortify,deny,ply,notify,my,nye,dye,psi,quantify,die,modify,tie,guy,sky,ly,signify,hi,belie,pry,reply,ossify,vie,fly,spy,rectify,sly,ai,classify,rely,edify,standby,nigh,supply,bely,verify,decry,bye,satisfy,pi,ally,hereby,bi,spry,dry,vi,lye,clarify,pie,defy,testify,specify,wry,comply,thereby,underlie,try,butterfly,bae,cry,tai,aye,high,indemnify
certifiability,
certifiable,
certifiableness,
certifiably,
certificate,
certificated,
certificates,
certificating,
certification,evaluation,reputation,information,innovation,expectation,situation,foundation,transportation,compensation,radiation,appreciation,discrimination,dissertation,presentation,conservation,obfuscation,interpretation,litigation,communication,location,designation,deviation,cooperation,ramification,rehabilitation,altercation,configuration,precipitation,population,segregation,operation,civilization,station,reconciliation,connotation,aspiration,dedication,preparation,indignation,manifestation,constellation,association,abomination,conversation,anticipation,correlation,remediation,administration,affiliation,organization,accommodation,notation,integration,proliferation,salvation,implementation,variation,collocation,transformation,implication,approbation,citation,meditation,collaboration,representation,articulation,revelation,sensation,affirmation,reservation,vacation,medication,education,alliteration,conflagration,vocation,gentrification,generation,inspiration,corporation,adaptation,abbreviation,aberration,inclination,nation,observation,orientation,relation,quotation,motivation,pronunciation,remuneration,consideration,trepidation,determination,creation,obligation,application,consternation,translation
certifications,obligations,conversations,applications,limitations,communications,recriminations,relations,carnations,locations,classifications,combinations,decorations,creations,citations,associations,celebrations,denunciations,generations,abbreviations,informations,variations,publications,immunizations,negotiations,allegations,foundations,congratulations,depredations,implications,stipulations,palpitations,deviations,accusations,connotations,recommendations,ministrations,appalachians,annotations,complications,expectations,reservations,appropriations,renovations,observations,considerations,revelations,installations,vibrations,medications,tribulations,specifications,affiliations,telecommunications,gyrations,cations,lacerations,indications,deliberations,representations,occupations,innovations,aberrations,reparations,hallucinations,organizations,accommodations,explanations,allocations,regulations,stations,situations,altercations,fluctuations,nations,impatiens,animations,crustaceans,aspirations,ruminations,illustrations,calculations,qualifications,denominations,ramifications,affirmations,permutations,machinations,constellations,adaptations,operations,manifestations,configurations,corporations,preparations,vacations,patients,sensations,alterations
certificative,
certificator,
certificatory,
certified,confide,aside,tried,backslide,inside,petrified,betide,shied,pesticide,preoccupied,worldwide,dried,abide,tied,oxide,hide,unified,dioxide,decried,multiplied,blindside,dignified,side,preside,upside,eyed,nationwide,homicide,apartheid,deride,mortified,divide,modified,qualified,beside,peroxide,wide,snide,countryside,seaside,denied,stratified,pied,fortified,occupied,lied,pride,curbside,yuletide,reside,tide,chide,bide,suicide,subside,bonafide,cyanide,amplified,vide,bromide,alongside,override,coincide,genocide,collide,provide,justified,diversified,outside,pried,classified,plied,complied,downside,decide,stride,satisfied,hyde,defied,allied,implied,cockeyed,slide,guide,applied,ratified,wayside,fide,terrified,ride,landslide,broadside,fratricide,glide,bride,ide,backside,belied,astride
certifier,
certifiers,
certifies,disguise,sunrise,capsize,synthesize,wise,improvise,sympathize,flies,enterprise,amortize,utilize,franchise,recognize,organize,energize,familiarize,merchandise,mobilize,guys,minimize,authorize,materialize,ties,jeopardize,mesmerize,supplies,criticize,ostracize,hypothesize,arise,mize,revitalize,empathize,aggrandize,advise,optimize,marginalize,revise,prize,characterize,apologize,stigmatize,demise,paralyze,emprise,finalize,otherwise,compromise,exercise,emphasize,harmonize,likewise,lies,customize,prioritize,pulverize,surprise,size,belies,guise,chastise,disenfranchise,rationalize,socialize,eyes,apprise,baptize,synchronize,plagiarize,crystallize,rise,maximize,proselytize,analyze,galvanize,stabilize,capitalize,despise,fries,advertise,antagonize,prise,patronize,devise,scrutinize,subsidize,polarize,realize,comprise,supervise,metastasize,memorize,allies,summarize,epitomize,catalyze,reprise,tantalize,surmise,visualize
certifying,outlying,stying,highflying,overlying,glorifying,diversifying,purifying,unsatisfying,nullifying,denying,terrifying,relying,magnifying,implying,scrying,underlying,defying,frying,reclassifying,decrying,gentrifying,specifying,misapplying,codifying,signifying,trying,allying,hsiang,occupying,amplifying,complying,supplying,edifying,modifying,drying,solidifying,exemplifying,misidentifying,plying,testifying,hying,kiang,classifying,belying,gratifying,rectifying,intensifying,semidrying,flying,retrying,giing,electrifying,disqualifying,spying,applying,quantifying,notifying,fortifying,replying,identifying,verifying,skying,prying,stultifying,crying,qualifying,mummifying,mystifying,speechifying,qiang,indemnifying,simplifying,unifying,falsifying,oversimplifying,overflying,clarifying,blowdrying,ratifying,undying,justifying,satisfying,multiplying,personifying,horrifying
certiorari,
certiorate,
certiorating,
certioration,
certis,
certitude,spewed,rectitude,interlude,extrude,canoed,seafood,brewed,rude,subdued,platitude,shoed,cooed,multitude,accrued,mooed,tattooed,include,food,elude,allude,longitude,pseud,strude,altitude,construed,exactitude,gratitude,delude,booed,hued,sued,snood,feud,seclude,conclude,renewed,frankenfood,rood,screwed,barbecued,turpitude,wooed,dude,intrude,collude,blued,ensued,fortitude,aptitude,strewed,viewed,cued,misconstrued,denude,exude,protrude,preclude,endued,slewed,brood,nude,trude,lewd,hewed,mood,eschewed,verisimilitude,pursued,queued,amplitude,reviewed,debuted,latitude,prude,gude,magnitude,flewed,prelude,tude,jude,crude,glued,obtrude,shooed,ineptitude,imbued,solitude,exclude,solicitude,servitude,stewed,shrewd,chewed,skewed,likud,attitude,unglued
certitudes,
certosa,
certose,
certosina,
certosino,
cerule,ferule
cerulean,
ceruleans,
cerulein,terylene
ceruleite,
ceruleo-,
ceruleolactite,
ceruleous,
cerulescent,
ceruleum,
cerulific,
cerulignol,
cerulignone,
ceruloplasmin,
cerumen,
cerumens,
ceruminal,
ceruminiferous,
ceruminous,
cerumniparous,
ceruse,
ceruses,
cerusite,sericite,cerussite,spherocyte
cerusites,
cerussite,sericite,cerusite,spherocyte
cervalet,
cervantes,contests,talamantes
cervantic,
cervantist,
cervantite,
cervelas,
cervelases,
cervelat,
cervelats,
cerveliere,
cervelliere,
cerveny,fellini,sweeny,bodine,dini,toscanini,pellegrini,baldini,domine,mancini,leontine,florine,cassini,balentine,bimini,delphine,beanie,cabrini,provine,feeny,cherubini,sheeny,fettuccine,victorine,gilbertine,sabatini,fini,marini,reny,mcsweeney,greenie,angelini,mussolini,feeney,beany,guarini,meany,seraphine,agostini,wahine,piccinini,sweeney,vini,teenie,celestine,aveline,genie,rosine,bellini,teeny,meanie,bonine,spleeny,castine,lentini,rossini,cellini,verine,latini,lepine,queenie,eugenie,pacini,heaney,lapine,bikini,greeny,paganini,orsini,larine,meiny,leany,perrine,linguine,albertini,jeanie,tweeny,maline,giannini,morini,santini,dorine,martini,yemeni,genii,dildine,pini,carine,ardine,weeny,maurine,jeannie,ballentine,rini,lamborghini,lienee,puccini,houdini,deline,zucchini
cervical,
cervicapra,
cervicaprine,
cervicectomy,
cervices,cervus,pervis,nervus
cervicicardiac,
cervicide,
cerviciplex,
cervicispinal,
cervicitis,
cervico-,
cervicoauricular,
cervicoaxillary,
cervicobasilar,
cervicobrachial,
cervicobregmatic,
cervicobuccal,
cervicodynia,
cervicodorsal,
cervicofacial,
cervicohumeral,
cervicolabial,
cervicolingual,
cervicolumbar,
cervicomuscular,
cerviconasal,
cervico-occipital,
cervico-orbicular,
cervicorn,
cervicoscapular,
cervicothoracic,
cervicovaginal,
cervicovesical,
cervid,
cervidae,
cervin,zurvan
cervinae,
cervine,nervine,jervine
cervisia,
cervisial,
cervix,
cervixes,
cervoid,
cervuline,
cervulus,
cervus,pervis,nervus,cervices
cesar,weser,tweezer,keizer,bleser,friezer,freezer,wheezer,feezor,siser,cheeser,caesar,seizer,feser,ebeneezer,ebenezer,sneezer,pleaser,leazer,easer,tisar,teaser,beazer,squeezer,feeser,seizor,reser,keezer
cesare,farai,lazare,labarre,robare
cesarean,
cesareans,
cesarevitch,
cesaria,
cesarian,caesarian
cesarians,
cesaro,molinaro,marinaro,zingaro,caro,claro,ferraro,manganaro,funaro,pharo,pignataro,carbonaro,porcaro,yarrow,degennaro,capraro,lazaro,sarro,lazzaro,sbarro,ungaro,denaro,finocchiaro,massaro,varo,cannizzaro,zuccaro,azzaro,cordaro,scolaro,furfaro,todaro,baro,cestaro,garro,utamaro,bizzaro,tammaro,fusaro,zarro,conigliaro,cassaro,notaro,montanaro,spataro,naro,barro,kilimanjaro,cuccaro,armaro,morrow,navarro,carro,chaparro,shintaro,coccaro,corsaro,amaro,jarrow,arcaro,cavagnaro,paro,marro,bavaro,panaro,baro-,pizarro,asaro,cavallaro,gennaro,pagliaro,aro,farro,catanzaro,chiaro,spadaro,sorrow,karow,alfaro,campanaro,bordonaro,alvaro,haro,calderaro,cannistraro,barbaro,bucaro,maro,vaccaro,pecoraro,cafaro,nazzaro,coffaro
cesarolite,
cesena,scena,ravenna,pena,menna,antenna,crena,sena,jenna,genna,maddalena,celena,gerena,ognibene,brenna,ena,sirena,bene,henna,stena,delapena,glenna,ellena,madelena,modena,frena,scatena,senna,lorena,camarena,larena,kenna,plena,alzena,erena,tena,mckenna,laurena,vienna,dellapenna,hegenna,lapenna,gena,bena,penna,sienna,renna,quena,desena,duena,fermenta
cesya,
cesious,
cesium,magnesium
cesiums,
cespititious,
cespititous,
cespitose,
cespitosely,
cespitulose,
cess,
cessant,quiescent,evanescent,effervescent,adolescent,escent,bessent,preadolescent,luminescent,convalescent,obsolescent,incessant,incandescent,fluorescent,iridescent,jessant,crescent,depressant,suppressant,antidepressant,tumescent,pesante
cessantly,
cessation,evaluation,reputation,information,innovation,expectation,situation,foundation,transportation,compensation,radiation,appreciation,discrimination,dissertation,presentation,conservation,obfuscation,interpretation,litigation,communication,location,designation,deviation,cooperation,ramification,rehabilitation,altercation,configuration,precipitation,population,segregation,operation,civilization,station,reconciliation,connotation,aspiration,dedication,preparation,indignation,manifestation,constellation,association,abomination,conversation,anticipation,correlation,remediation,administration,affiliation,organization,accommodation,notation,integration,proliferation,salvation,implementation,variation,collocation,transformation,implication,approbation,citation,meditation,collaboration,representation,articulation,revelation,sensation,affirmation,reservation,vacation,medication,education,alliteration,conflagration,vocation,gentrification,generation,inspiration,corporation,adaptation,abbreviation,aberration,inclination,nation,observation,orientation,relation,quotation,motivation,pronunciation,remuneration,consideration,trepidation,determination,creation,obligation,application,consternation,translation
cessations,
cessation's,
cessative,
cessavit,ecevit
cessed,
cesser,successor,presser,gresser,loesser,schlesser,pressor,lesser,processor,jesser,esser,leser,hairdresser,dresser,chesser,stressor,transgressor,nesser,multiprocessor,bergstresser,assessor,blesser,messer,kolesar,oppressor,predecessor,aggressor,suppressor,possessor,compressor,lessor,guesser,landmesser,besser,kresser,vesser,bresser,professor,hesser,cessor
cesses,
cessible,guessable,incompressible,addressable,irrepressible,accessible,inaccessible
cessing,coalescing,expressing,suppressing,repressing,guessing,assessing,stressing,messing,reassessing,dressing,hessing,redressing,outguessing,accessing,depressing,confessing,professing,blaesing,progressing,pressing,distressing,digressing,lessing,impressing,caressing,recessing,blessing,acquiescing,oppressing,addressing,hairdressing,possessing,compressing,obsessing,transgressing
cessio,
cession,progression,procession,deshane,discretion,nonaggression,aggression,freshen,eschen,indiscretion,confession,retrocession,digression,concession,depression,recession,intercession,accession,repression,profession,question,suppression,compression,pression,possession,impression,hessian,regression,midsession,oppression,precession,hession,repossession,obsession,transgression,succession,decompression,session,misimpression,secession,deshon,expression
cessionaire,
cessionary,retrocessionary
cessionaries,
cessionee,
cessions,depressions,confessions,hessians,possessions,impressions,obsessions,indiscretions,professions,processions,sessions,expressions,repressions,digressions,repossessions,aggressions,recessions,regressions,transgressions,oppressions,freshens,concessions,discretions
cessment,investment,reassessment,assessment,disinvestment,impressment,reinvestment,divestment
cessna,vegesna,vesna,mesna
cessor,successor,presser,gresser,loesser,schlesser,pressor,lesser,processor,jesser,esser,leser,hairdresser,dresser,chesser,stressor,transgressor,nesser,multiprocessor,bergstresser,assessor,blesser,messer,kolesar,oppressor,predecessor,aggressor,suppressor,possessor,compressor,lessor,guesser,landmesser,besser,kresser,cesser,vesser,bresser,professor,hesser
cesspipe,
cesspit,gressett,knesset,cresset,fecit,escaut,escot
cesspits,
cesspool,fool,dreul,yule,poole,raul,preschool,thule,juel,raoul,misrule,duell,fuel,bulle,cruel,cool,pool,buhl,bellefeuille,boulle,abdul,dule,doole,liverpool,saccule,uncool,jewel,vestibule,molecule,minuscule,ghoul,ridicule,supercool,highschool,blackpool,toole,kool,poul,whirlpool,retool,tool,sproule,dual,tulle,boule,mule,school,istanbul,boole,tuel,carpool,buel,jule,stool,joule,skool,home-school,overrule,rule,goole,spool,brule,dzhambul,drool,tuille
cesspools,
cest,
cesta,malatesta,sebesta,vesta,festa,cuesta,sonesta,cresta,fiesta,tempesta,presta,celesta,mesta,nesta,esta,podesta,testa,claresta,modesta,pesta,agresta
cestar,
cestas,
ceste,
cesti,estey,chesty,estee,agresti,uresti,westy,testy,testae,zesty,presti,lopresti,yesty,testee,esty,vestee,resty
cestida,cestoda
cestidae,
cestoda,cestida
cestodaria,
cestode,
cestodes,
cestoi,
cestoid,
cestoidea,
cestoidean,
cestoids,
ceston,
cestos,
cestracion,
cestraciont,
cestraciontes,
cestraciontidae,
cestraction,
cestrian,
cestrinus,
cestrum,questrom,westrom,estrum,westrum
cestui,festue
cestuy,
cestus,asbestos,estis,festus
cestuses,
cesura,pescara,eschara,tessera
cesurae,
cesural,caesural
cesuras,
cesure,
cet,
cet-,
ceta,array,j,display,play,lay,obey,clay,ok,grey,decay,allay,sway,latte,hey,astray,today,nay,underway,disarray,quay,bay,vendetta,sunday,protege,halfway,slay,buffet,pay,lingerie,survey,passe,prey,gainsay,dna,waylay,essay,mete,okay,fray,say,x-ray,cafe,leeway,fiance,betray,fillet,gateway,stray,away,gray,anyway,inlay,may,relay,overlay,hay,everyday,friday,mainstay,convey,gay,tray,holiday,entree,jay,pray,yea,valet,fey,asea,ballet,portray,repay,k,day,usa,lei,dismay,delay,cliche,gourmet,spray,ray,sobriquet,way,soiree,bray,railway,yay,stay,dossier,melee,resume,re,heyday,cache,weigh,they,bouquet,sachet
cetacea,
cetacean,evaluation,reputation,information,innovation,expectation,situation,foundation,transportation,compensation,radiation,appreciation,discrimination,dissertation,presentation,conservation,obfuscation,interpretation,litigation,communication,location,designation,deviation,cooperation,ramification,rehabilitation,altercation,configuration,precipitation,population,segregation,operation,civilization,station,reconciliation,connotation,aspiration,dedication,preparation,indignation,manifestation,constellation,association,abomination,conversation,anticipation,correlation,remediation,administration,affiliation,organization,accommodation,notation,integration,proliferation,salvation,implementation,variation,collocation,transformation,implication,approbation,citation,meditation,collaboration,representation,articulation,revelation,sensation,affirmation,reservation,vacation,medication,education,alliteration,conflagration,vocation,gentrification,generation,inspiration,corporation,adaptation,abbreviation,aberration,inclination,nation,observation,orientation,relation,quotation,motivation,pronunciation,remuneration,consideration,trepidation,determination,creation,obligation,application,consternation,translation
cetaceans,
cetaceous,
cetaceum,
cetane,smitane,betaine
cetanes,
cete,
cetene,hautein,ketene,retene
ceteosaur,
cetera,etc,etcetera
ceterach,
cetes,
ceti,
cetic,thetic,metic,acetic,cretic,retick,detick,rhetic
ceticide,
cetid,
cetyl,trettel,metal,betel,gettel,zettel,bretful,resettle,hettel,kettell,mettle,gretel,settle,fettle,kettle,gesamtmetall,zettle,petal,metol,gettle,ettle,kennametal,gretal,setal,tetel,ketol,unsettle,nettle
cetylene,
cetylic,
cetin,sletten,retin,baeten,ettin,vanetten,set-in,seten,betton,leten,geten,stettin,bettin,breton,retton,threaten,tibetan,benten,fretten,bretagne,cretonne,betten,jetton,bretton
cetinje,
cetiosauria,
cetiosaurian,
cetiosaurus,
ceto,
cetology,dittology,phytology
cetological,phytological,otological,cytological,tautological
cetologies,
cetologist,phytologist,otologist,cytologist
cetomorpha,
cetomorphic,
cetonia,atonia
cetonian,
cetoniides,
cetoniinae,
cetorhinid,
cetorhinidae,
cetorhinoid,
cetorhinus,
cetotolite,
cetraria,
cetraric,
cetrarin,
cetura,
cetus,cletus,divinitas,margaritas,treatise,copetas,thetis,milpitas,fetus,yetis,quietus
ceuta,castruita,sputa,lagattuta,bruta,huta,tenuta,scuta,tewtaw,prutah,huhta,pluta,nootka,furuta,ruta,outta,nauta
cev,
cevadilla,
cevadilline,
cevadine,
cevdet,
cevennes,
cevennian,
cevenol,
cevenole,
cevi,
cevian,
ceviche,vranesevic,andruskevich,waszkiewicz,levitch,seviche,leveche
ceviches,
cevine,
cevitamic,
cezanne,bhutan,pakistan,jan,van,clergyman,chan,doorman,caftan,helmsman,sideman,taliban,bogeyman,nan,anchorman,quran,pecan,afghanistan,ferdinand,bedpan,merman,kan,tan,gamesman,pan,caveman,divan,dan,tran,batman,scan,caravan,madman,began,zan,shan,sedan,milan,liane,strongman,tarzan,catamaran,bran,man,journeyman,hitman,iran,businessman,span,gan,lifespan,cyan,clan,handyman,san,ran,saran,moran,stan,fisherman,sudan,scran,ban,plan,afghan,cancan,moulin,quean,an,skean,tristan,fan,gran,middleman,suntan,anne,yan,ann,minuteman,flan,kazakhstan,can,lan,cannes,than,snowman,klan,superman,loran,rodin,hann,sandman,saucepan,deadpan,japan,mann,rattan,kinsman
cezannesque,
cf,
cf.,
cfa,
cfb,
cfc,
cfca,
cfd,
cfe,
cff,
cfh,
cfht,
cfi,
cfl,
cfm,
cfo,
cfp,
cfr,
cfs,
cg,
cg.,
cga,
cgct,
cge,
cgi,
cgiar,spryer,sprier,mcgwire
cgm,
cgn,
cgs,
cgx,
ch,
ch.,
ch.b.,
ch.e.,
cha,awe,paw,draw,grandpa,ah,ottawa,baccarat,straw,nah,draugh,ta,yaw,hah,pasha,whipsaw,claw,dada,jigsaw,gras,ka,withdraw,ha,daw,seesaw,outlaw,sa,ona,moi,spa,la,hoopla,bourgeois,scrimshaw,esau,schwa,ya,bah,maw,chaw,craw,shaw,ja,macaw,guffaw,na,shah,chainsaw,fermata,haw,jaw,trois,aw,ra,bra,ahh,saw,gnaw,flaw,bois,baja,squaw,bylaw,wa,doha,aha,da,naw,faw,raw,xio,rah,gaw,pa,blah,wah,voila,dumas,chutzpah,omaha,rawe,redraw,arkansas,hacksaw,ga,utah,overdraw,caw,chihuahua,pshaw,law,thaw,mackinaw,sha,ma,slaw,yah,qua,coleslaw,panama,hurrah
chaa,
cha'ah,
chab,
chabasie,
chabasite,
chabazite,
chaber,
chabichou,
chablis,z,lee,yee,fee,be,mi,tee,jubilee,oversee,pea,syncope,apogee,turnkey,dee,d,see,de,thee,snee,three,p,di,pony,t,glee,quay,sunday,key,she,xi,actuary,precis,reality,spree,ski,pre,ac,carefree,scree,me,wee,decree,repartee,trustee,v,calliope,knee,debris,lea,bourgeoisie,sea,agree,cree,plea,he,idiosyncrasy,flee,nestle,tv,referee,tea,partee,lessee,tree,pee,asap,qi,ye,indri,ghee,machete,g,e,we,hee,ree,guaranty,hyperbole,kabuki,esprit,si,flea,guarantee,emcee,nee,free,cc,potpourri,marquee,gee,banshee,hawaii,payee,bee,ne,degree,marquis,foresee,c,b
chabot,potato,torso,go,owe,hoe,ratio,flow,micro,hydro,tornado,studio,slow,lo,torpedo,quo,forgo,winnow,dado,forego,show,tomato,know,low,borrow,bio,adagio,dough,row,overthrow,espresso,rhino,below,yoe,rococo,plough,ho,co,grotto,no,foe,glow,virago,mo,snow,sew,meadow,radio,photo,plateau,portico,beau,archipelago,roe,calypso,indigo,pro,fallow,gusto,grow,bestow,mow,coco,woe,manifesto,apropos,vertigo,aglow,blow,portfolio,tow,escrow,tempo,aficionado,doe,otto,patio,throw,o,so,although,veto,bowe,audio,cameo,tomorrow,rainbow,shadow,though,toe,crow,undergo,hello,willow,buffalo,whoa,joe,tableau,glo
chabouk,chibouk,chibouque
chabouks,
chabrier,
chabrol,
chabuk,
chabuks,
chabutra,
chac,
chacate,
chac-chac,
chaccon,
chace,lactase,fireplace,diabase,interlace,workplace,misplace,birthplace,encase,typeface,trace,displace,airbase,bookcase,maltase,pace,graisse,briefcase,base,someplace,marketplace,aerospace,shoelace,interface,caisse,ace,brace,race,nace,showcase,replace,disgrace,showplace,outpace,glace,dace,embrace,deface,worst-case,grace,bass,staircase,commonplace,footrace,orthoclase,debase,everyplace,steeplechase,chase,face,lace,rais,database,incase,retrace,efface,polymerase,scarface,diastase,place,wace,wheelbase,boldface,erase,lovelace,thrace,apace,mais,space,dnase,mace,reiterates,vase,cyberspace,suitcase,case,airspace,anyplace
cha-cha,
cha-cha-cha,
cha-chaed,
cha-chaing,
chachalaca,
chachalakas,
chachapuya,
cha-chas,waas,maus,claws,diaz,saus,chazz,quass,chaws,baas,lawes,laas,bylaws,baus,shahs,haws,faus,claus,clause,paws,gaus,mas,guffaws,mroz,straws,shaws,grandmas,was,withdraws,chas,naas,spas,thaws,applause,ijaz,paz,sias,francoise,roz,handsaws,knaus,draws,pause,dnaase,gause,gauze,vichyssoise,schnozz,saws,pas,flaws,broz,macaws,schnoz,maz,hawes,craws,coz,tawes,oz,chickasaws,faas,cause,brause,cars,droz,because,dawes,maas,ahs,gnaws,tropopause,glaus,outlaws,daus,squaws,sause,chainsaws,laws,daws,vase,kaus,scofflaws,naus,gaz,jaws,inlaws
chack,wack,zodiac,lac,tarmac,setback,ransack,flak,cutback,black,throwback,sac,cognac,fallback,snack,yack,thwack,drawback,tac,tack,chirac,cardiac,soundtrack,backtrack,flack,outback,brack,sidetrack,knapsack,rucksack,crack,comeback,flashback,unpack,dak,kodak,ack,claque,hatchback,lilac,plaque,jacques,lumberjack,quarterback,pac,almanac,track,nymphomaniac,mac,jack,rack,mack,smack,amnesiac,fac,attack,blackjack,anorak,backpack,razorback,payback,piggyback,frack,counterattack,eniac,sack,insomniac,maniac,cadillac,pontiac,paque,stack,hijack,back,skipjack,flapjack,rollback,plack,aback,shack,greenback,lack,yak,wisecrack,knickknack,slack,feedback,kickback,pak,clack,whack,pack,megalomaniac,bushwhack,knack,wrack,humpback,hack,quack
chack-bird,
chackchiuma,
chacker,
chackle,
chackled,
chackler,
chackling,
chacma,drachma
chacmas,
chac-mool,
chaco,bracco,caco-,yakow,hakko,macko,chacko,draco,sacco,sparaco,nacco,yacko,whacko,cracow,acco,accho,vacco,zacco,graco,lacko,wacko,jacko,placko,shako,squacco,wako,westvaco
chacoli,
chacon,mccrackin,brackin,takin,macken,brakpan,lakin,slakin,hakon,mcmackin,mackin,chaconne,mcmakin,flacon,mccracken,machen,glacken,yakin,bakken,blacken,bracken,slacken,glackin,makin,racon
chacona,
chaconne,mccrackin,brackin,takin,macken,brakpan,lakin,slakin,chacon,hakon,mcmackin,mackin,mcmakin,flacon,mccracken,machen,glacken,yakin,bakken,blacken,bracken,slacken,glackin,makin,racon
chaconnes,
chacra,
chacte,
chacun,
chad,add,pad,had,caridad,olympiad,grad,ciudad,thinkpad,triad,hyderabad,shad,galahad,grandad,tadd,halmstad,schad,gadd,bad,flad,cad,tchad,shabad,clad,strad,riyadh,plaid,fad,ironclad,mirad,shadd,unctad,vlad,madd,sad,brad,amstrad,dradde,doodad,sociedad,ydrad,gad,nomad,visegrad,ladde,undergrad,comrade,ad,amistad,mossad,rad,nad,glad,dyad,stalingrad,soledad,ladd,thad,kaliningrad,leningrad,forbad,tad,riyad,dad,trinidad,keypad,lad,hadd,sinbad,scad,mad,volgograd,ecad
chadabe,
chadacryst,
chadar,nadar,hadar,chador
chadarim,
chadars,
chadbourn,
chadbourne,raybourn,hoorn,radbourne,radbourn,sherbourne,milbourn,sherbourn,milbourne,rabourn
chadburn,
chadd,add,pad,had,caridad,olympiad,grad,ciudad,thinkpad,triad,hyderabad,shad,galahad,grandad,tadd,halmstad,schad,gadd,bad,flad,cad,tchad,chad,shabad,clad,strad,riyadh,plaid,fad,ironclad,mirad,shadd,unctad,vlad,madd,sad,brad,amstrad,dradde,doodad,sociedad,ydrad,gad,nomad,visegrad,ladde,undergrad,comrade,ad,amistad,mossad,rad,nad,glad,dyad,stalingrad,soledad,ladd,thad,kaliningrad,leningrad,forbad,tad,riyad,dad,trinidad,keypad,lad,hadd,sinbad,scad,mad,volgograd,ecad
chadderton,
chaddy,
chaddie,
chaddsford,
chadelle,
chader,
chadic,sladek,gadic,paddack,maddock,padauk,madock,sporadic,madoc,radek,sadek,paddock,chaddock,caddock,craddock,shadduck,zaddik,nomadic,cradic,braddock,chadick,haddock,gladdock,tadic,hladik,caddick,fadec,radich,shaddock,radick,raddock,cradock
chadless,
chadlock,tadlock,hadlock
chador,hadar,chadar,nadar
chadors,
chadri,
chadron,padron,madron
chads,triads,ads,dads,clads,comrades,brads,gads,fads,tetrads,pads,lads,autorads,grads,scads,glads,cyclades,nomads,adds,doodads,shads,keypads,adz
chadwick,shadwick
chadwicks,
chae,qualify,codify,chi,lanai,i,awry,certify,by,sigh,whereby,alibi,ratify,shy,magpie,nearby,occupy,nullify,amplify,sty,eye,exemplify,alumni,mollify,identify,fry,buy,rye,apply,imply,why,y,goodbye,gadfly,justify,vilify,stultify,lie,mortify,deny,ply,notify,my,nye,dye,psi,quantify,die,modify,tie,guy,sky,ly,signify,hi,belie,pry,reply,ossify,vie,fly,spy,rectify,sly,ai,classify,rely,edify,standby,nigh,supply,bely,verify,decry,bye,satisfy,pi,ally,hereby,bi,spry,dry,vi,lye,clarify,pie,defy,testify,specify,wry,comply,thereby,underlie,try,butterfly,bae,cry,tai,aye,high,indemnify
chaenactis,
chaenolobus,
chaenomeles,
chaeronea,
chaeta,tita,nitta,paulita,carmelita,juanita,cheetah,anita,tacita,chipita,vinita,gaeta,evita,mikita,maurita,palomita,unita,meta,teresita,carlita,yamashita,brita,devita,solita,amelita,conchita,carmita,chiquita,maxzide,zita,sumita,mita,bonavita,narita,lita,venita,amezquita,pepita,carita,alvita,tomita,nikita,bernita,peta-,matsushita,lalita,margarita,fertitta,melita,peta,fleta,benita,damita,julieta,lolita,nolita,greta,amorita,buttitta,marquita,morita,rosita,velveeta,kita,murrieta,babita,lorita,renita,prieta,clarita,vernita,angelita,perdita,nita,rita,oshita,alita,sedita,fajita,fujita,melitta,blanquita,arrieta,pita,charita,mendieta,meta-,chita,akita,lupita,bonita
chaetae,meaty,viti,treaty,minniti,beattie,beatie,tahiti,peaty,teetee,caminiti,petitti,previti,politi,gleety,sweetie,sleety,beatty,graffiti,miti,petey,beaty,entreaty,venditti,wapiti
chaetal,meatal,fetal,beatle,beetle,varietal,cheetal,dietel,baetyl,avital,whetile
chaetangiaceae,
chaetangium,
chaetetes,
chaetetidae,
chaetifera,
chaetiferous,
chaetites,
chaetitidae,
chaetochloa,
chaetodon,
chaetodont,
chaetodontid,
chaetodontidae,
chaetognath,
chaetognatha,
chaetognathan,
chaetognathous,
chaetophobia,
chaetophora,
chaetophoraceae,
chaetophoraceous,
chaetophorales,
chaetophorous,
chaetopod,
chaetopoda,
chaetopodan,
chaetopodous,
chaetopterin,
chaetopterus,
chaetosema,
chaetosoma,
chaetosomatidae,
chaetosomidae,
chaetotactic,
chaetotaxy,
chaetura,
chafe,waif,rafe,envirosafe,strafe,failsafe,unsafe,grafe,raiff,safe,scaife,lataif
chafed,strafed,waift
chafee,mehaffey,raphae,draffy,baffy,laffey,jaffee,mcgaffey,caffey,chaffee,gaffey,graphy,claffey,ghadafi,jaffe,jaffey,chaffy,caffee,daffy,haffey,mulanaphy,mchaffie,hafey,raffi,taffy,mahaffey,rafi
chafer,kafer,waifer,lafer,shafer,safar,shaefer,schaefer,wafer,shaffer,schaffer,schafer,hafer,schlafer,strafer,safer
chafery,
chaferies,
chafers,wafers,schaefers
chafes,waifs,safes
chafewax,
chafe-wax,
chafeweed,
chaff,monograph,taff,braff,wagstaff,assaf,gaffe,falstaff,understaff,raff,taffe,graeff,fraph,hectograph,polygraph,graff,graf,flagstaff,rhaphe,grandstaff,longstaff,gaf,intergraph,raf,gaff,staph,skaff,bickerstaff,echograph,phonograph,graef,epitaph,laugh,scaff,half,mimeograph,metcalf,biggerstaff,grindstaff,hackstaff,lithograph,allograph,behalf,telegraph,draff,shaff,graefe,riffraff,pinkstaff,photograph,paff,reprograph,schaff,staff,laff,calf,overstaff,graph,spectrograph,pfaff,raphe,sielaff,autograph,sclaff,unitaf,pendergraph,yaffe,choreograph,carafe,haff,msafp,naff,giraffe,paragraph
chaffcutter,
chaffed,colorcraft,hovercraft,handicraft,camshaft,aft,draught,graphed,statecraft,beechcraft,aircraft,krafft,tandycraft,daft,metallgesellschaft,downdraft,designcraft,overdraft,northcraft,whitcraft,updraft,handcraft,photographed,autographed,gaffed,raycraft,overstaffed,kraft,antiaircraft,gemcraft,understaffed,childcraft,craycraft,craft,spacecraft,schoolcraft,reycraft,choreographed,hutchcraft,calfed,haft,ashcraft,witchcraft,computercraft,taft,stagecraft,staffed,telegraphed,ravenscraft,shaft,redraft,siegecraft,crankshaft,biocraft,haycraft,raft,laughed,draft,graft,starcraft
chaffee,mehaffey,raphae,draffy,baffy,laffey,jaffee,mcgaffey,caffey,gaffey,graphy,claffey,ghadafi,jaffe,chafee,jaffey,chaffy,caffee,daffy,haffey,mulanaphy,mchaffie,raffi,taffy,mahaffey,rafi
chaffer,saffer,safir,laffer,grapher,staffer,halfer
chaffered,halford,stafford,brafford,trafford,pafford,hafford,safford,spafford,gafford
chafferer,
chafferers,
chaffery,kafiri
chaffering,
chaffers,staffers
chaffeur-ship,
chaff-flower,
chaffy,mehaffey,raphae,draffy,baffy,laffey,jaffee,mcgaffey,caffey,chaffee,gaffey,graphy,claffey,ghadafi,jaffe,chafee,jaffey,caffee,daffy,haffey,mulanaphy,mchaffie,raffi,taffy,mahaffey,rafi
chaffier,
chaffiest,
chaffin,hafen,chafin,draffen,daffin,shaphan,gaffin,baffin,halfen,laffin,lafon
chaffinch,half-inch
chaffinches,
chaffiness,
chaffing,gaffing,graphing,staffing,photographing,laughing,choreographing
chaffingly,
chaffless,
chafflike,
chaffman,
chaffron,
chaffs,aircrafts,epitaphs,gaffes,giraffes,afspc,allographs,staffs,crafts,phonographs,photographs,laughs,autographs,hafts,lithographs,graphs,paragraphs,polygraphs,flagstaffs
chaffseed,
chaffwax,
chaffweed,
chaff-weed,
chafing,safing,haiphong,strafing,kaifeng
chaft,
chafted,
chaga,kganakga,quagga,draga,bhaga,chagga,plaga,dagga,ragga
chagal,
chagall,spall,fall,retinol,thrall,gal,pitfall,overall,crawl,locale,all,chaparral,forestall,catchall,shawl,mall,basketball,windfall,squall,canal,neanderthal,pall,corral,pol,tall,ball,snowball,catcall,football,appall,befall,loll,install,brawl,atoll,nightfall,cortisol,butterball,sprawl,overhaul,gall,haul,banal,recall,wherewithal,blackball,downfall,oddball,small,sal,bawl,maul,doll,dall,ethanol,wall,nepal,fireball,pascal,scrawl,royale,pal,cal,protocol,rationale,caul,paul,footfall,fastball,gaul,al,dahl,dal,cabal,trawl,eyeball,mothball,aerosol,stonewall,shall,natal,drawl,cholesterol,doral,waterfall,sol,call,alcohol,baseball,drywall,hal,shortfall,morale,moll,softball,stall,mal,hall,pratfall
chagan,
chagatai,jagatai
chagga,chaga,kganakga,quagga,draga,bhaga,plaga,dagga,ragga
chagigah,
chagoma,
chagres,
chagrin,din,qin,finn,boleyn,shin,syn,been,pigskin,twin,tailspin,rhin,deerskin,prynne,wynn,gyn,win,pin,within,skin,fin,djinn,kingpin,linne,gwynne,qian,therein,wherein,when,allin,yin,ervin,minh,astin,quin,schwinn,flynn,dinh,lynne,blinn,gwin,brin,puffin,has-been,redskin,bryn,linchpin,solzhenitsyn,begin,digne,adin,jin,foreskin,tin,gwyn,emlyn,sinn,buckskin,linn,bedouin,gwynn,akin,gin,min,sheepskin,askin,erwin,spin,in,chin,violin,inn,grin,lyn,thin,lin,underpin,guinn,ginn,berlin,herein,lynn,mandolin,guin,levin,bin,kin,zinn,ligne,quinn,vin,sin
chagrined,dinned,chinned,wind,tinned,underpinned,thinned,gschwind,shinned,grinned,sinned,rescind,schwind,broken-wind,weekend,binned,hynd,sind,hinde,skinned,pinned,lynd,woodwind,downwind,whirlwind,lind,finned,vanderlinde,lynde,headwind,grinde,linde,lindh,wunderkind,schneidewind,ginned
chagrining,
chagrinned,
chagrinning,
chagrins,
chaguar,
chagul,
chahab,
chahar,lahar,glaire,quair,daire,bahar,glair,jaghir
chahars,
chai,qualify,codify,chi,lanai,i,awry,certify,by,sigh,whereby,alibi,ratify,shy,magpie,nearby,occupy,nullify,amplify,sty,eye,exemplify,alumni,mollify,identify,fry,buy,rye,apply,imply,why,y,goodbye,gadfly,justify,vilify,stultify,lie,mortify,deny,ply,notify,my,nye,dye,psi,quantify,die,modify,tie,guy,sky,ly,signify,hi,belie,pry,reply,ossify,vie,fly,spy,rectify,sly,ai,classify,rely,edify,standby,nigh,supply,bely,verify,decry,bye,satisfy,pi,ally,hereby,bi,spry,dry,vi,lye,clarify,pie,defy,testify,specify,wry,comply,thereby,underlie,try,butterfly,bae,cry,tai,aye,high,indemnify
chay,
chaya,hosea,eritrea,hydea,celaya,praya,rayah,andrea,kamehameha,khaya,himalaya,hydeia,raya,gouvea,deandrea,praia,freya,antaya,atalaya,isaiah,layah,hygeia,leya,caya
chayaroot,
chayefsky,
chaiken,mistaken,raycon,take-in,overtaken,chaikin,aken,bacon,hakan,unshaken,shaiken,daikin,forsaken,retaken,waken,jamaican,mcmaken,daikon,takla-makan,break-in,dakin,macon,reawaken,fraken,shaken,tacan,lacan,undertaken,kraken,awaken,taken,shaykin,baken
chaikovski,
chaille,
chailletiaceae,
chaillot,
chaim,naim
chayma,
chain,train,campaign,wain,profane,insane,entertain,vein,bane,domain,plane,disdain,grain,pain,deign,sprain,again,dane,contain,refrain,obtain,airplane,detain,terrain,membrane,cain,constrain,germaine,stain,inhumane,rain,lane,fein,vain,germain,saine,romaine,restrain,crane,regain,moraine,plain,complain,lain,drain,feign,germane,brain,sustain,vane,arraign,jane,inane,abstain,reign,champagne,arcane,fain,main,wayne,thane,pane,kane,mundane,bain,swain,cane,retain,quain,trane,spain,shane,strain,explain,rein,fane,crain,attain,legerdemain,slain,twain,pertain,remain,ordain,sane,gain,wane,zane,mane,aine,humane,hurricane,migraine,urbane,ascertain,maine,maintain,ane,cocaine,skein,partain
chainage,
chain-bag,
chainbearer,
chainbreak,
chain-bridge,
chain-driven,
chain-drooped,
chaine,
chained,sustained,contained,deigned,pertained,gained,attained,ascertained,unrestrained,preordained,untrained,ingrained,self-contained,maintained,craned,unstained,refrained,paned,grained,unexplained,stained,detained,restrained,strained,plained,sprained,retained,arraigned,reigned,abstained,maned,remained,drained,disdained,retrained,trained,unconstrained,feigned,ordained,brained,explained,campaigned,veined,entertained,constrained,rained,regained,complained,bloodstained,outgained,planed,harebrained,reined,waned,obtained,caned,pained
chainey,
chainer,
chaines,
chainette,
chaing,
chaingy,
chaining,craning,reining,abstaining,constraining,waning,entertaining,regaining,attaining,staining,retraining,training,reigning,paining,veining,disdaining,obtaining,detaining,pertaining,complaining,laning,straining,caning,remaining,gaining,explaining,maintaining,feigning,overtraining,deigning,outgaining,retaining,raining,haning,ascertaining,painting,draining,campaigning,spraining,containing,graining,ordaining,planing,restraining,refraining,sustaining,braining,plaining
chainless,grainless,brainless,gainless,reinless,rainless,painless,stainless,paneless,maneless,veinless
chainlet,veinlet
chainlike,veinlike
chainmaker,
chainmaking,
chainman,trainman
chainmen,
chainomatic,
chainon,
chainplate,
chain-pump,
chain-react,
chain-reacting,
chains,blains,brains,campaigns,cains,panes,strains,maynes,reigns,terrains,danes,alkanes,disdains,trains,plaines,refrains,mainz,obtains,regains,janes,pertains,hanes,retains,rains,attains,monoplanes,bains,wanes,windowpanes,fains,reines,feigns,plains,grains,hurricanes,entertains,restrains,haines,membranes,raines,canes,migraines,baynes,domains,swains,banes,deigns,sainz,lanes,skains,complains,constrains,veins,jaynes,ganes,gains,pains,thanes,sustains,cranes,drains,baines,vanes,remains,bloodstains,sarbanes,contains,stains,explains,caines,staines,haynes,mains,jains,sprains,reins,planes,maines,hurricane,magallanes,gaines,keynes,fanes,hains,yanes,llanes,skeins,warplanes,ranes,manes,maintains,champagnes,raynes
chain-shaped,
chain-shot,
chainsman,
chainsmen,
chainsmith,
chain-smoke,
chain-smoked,
chain-smoker,
chain-smoking,
chain-spotted,
chainstitch,
chain-stitch,
chain-stitching,
chain-swung,
chain-testing,
chainwale,
chain-wale,
chain-welding,
chainwork,brainwork
chain-work,
chayota,
chayote,peyote
chayotes,
chair,ensnare,warfare,thoroughfare,threadbare,airfare,dare,nowhere,forebear,ere,healthcare,where,fanfare,unfair,square,prepare,glare,their,compare,lare,there,cher,rare,blare,affair,flare,spare,prayer,aware,timeshare,hardware,elsewhere,footwear,declare,earthenware,snare,debonair,cookware,ware,lair,despair,share,pare,forswear,millionaire,stare,daycare,bear,hare,mer,heir,malware,flair,mohair,tear,dispair,claire,nightmare,questionnaire,fair,aer,anywhere,bare,delaware,armchair,mare,doctrinaire,care,swear,faire,extraordinaire,gare,childcare,everywhere,impair,pair,bair,eyre,stair,medicare,software,terre,pear,scare,repair,blair,beware,err,unaware,welfare,solitaire,hair,air,wear,guerre,altair,underwear,clair,fare
chairborne,
chaired,laird,blared,pared,aird,spared,undeclared,glared,zared,snared,unimpaired,scared,dared,fared,aired,bared,erred,flared,shared,stared,cared,squared,baird,paired,repaired,compared,wared,prepared,hared,unprepared,despaired,shorthaired,faired,impaired,declared,ensnared,haired
chairer,
chair-fast,
chairing,uncaring,waring,mehring,squaring,red-herring,daring,meringue,repairing,mainwaring,childbearing,snaring,zaring,herring,sharing,tearing,bering,unsparing,flaring,staring,pairing,scaring,impairing,preparing,glaring,swearing,baring,manwaring,schering,zehring,derring,raring,caring,maring,bearing,gehring,blaring,declaring,zeringue,fehring,garing,fairing,wareing,comparing,despairing,nehring,haring,serang,overbearing,paring,sparing,wearing,behring
chairlady,
chairladies,
chairless,
chairlift,
chairmaker,
chairmaking,
chairman,cochairman,lehrmann,gehrman,lehrman,herrmann,ehrmann,behrman,lerman,wehrman,gehrmann,herrman,fehrman,airman,bearman,pearman,wehrmann,behrmann,chairmen,ehrman
chairmaned,
chairmaning,
chairmanned,
chairmanning,
chairmans,
chairmanship,drip,strip,skip,lip,outstrip,bipartisanship,steamship,governorship,partisanship,chip,unzip,grip,authorship,tip,censorship,ownership,microchip,airstrip,citizenship,apprenticeship,leadership,dealership,conservatorship,thrip,generalship,yip,flip,gamesmanship,professorship,ip,roundtrip,one-upmanship,brinkmanship,flagship,partnership,distributorship,nip,sportsmanship,gyp,craftsmanship,championship,zip,scrip,relationship,workmanship,showmanship,headship,crip,slip,snip,companionship,bip,sponsorship,kip,gunship,trusteeship,hip,quip,receivership,dip,spaceship,directorship,blip,equip,clip,fingertip,proprietorship,warship,readership,whip,consulship,starship,fellowship,homeownership,sip,trip,courtship,internship,scholarship,grippe,brinksmanship,rip,membership,kinship,pip,upmanship,airship,lightship,stewardship,battleship,dictatorship,ship
chairmanships,lips,leaderships,gypse,lipps,quips,rips,cripps,dealerships,crips,hipps,nips,scripts,governorships,apocalypse,championships,proprietorships,whips,receiverships,scripps,blips,internships,judgeships,strips,airstrips,spaceships,postscripts,dips,tips,directorships,fipps,relationships,econships,hips,fingertips,equips,mips,professorships,flips,outstrips,snips,tipps,whipps,distributorships,airships,memberships,warships,chips,sips,drips,flagships,chipps,ships,phipps,sponsorships,lightships,scholarships,fellowships,lipse,partnerships,ellipse,shipps,trips,gunships,kippes,woodchips,thrips,dripps,dictatorships,battleships,eclipse,apprenticeships,grips,slips,clips,pips,skips,microchips,zips,ambassadorships
chairmen,cochairman,lehrmann,gehrman,lehrman,herrmann,ehrmann,behrman,lerman,wehrman,gehrmann,herrman,fehrman,airman,bearman,chairman,pearman,wehrmann,behrmann,ehrman
chairmender,
chairmending,
chair-mortising,
chayroot,
chairperson,gerson,macpherson,iversen,congressperson,person,layperson,businessperson,persson,berson,merson,herson,worsen,pherson,salesperson,urson,weatherperson,mcpherson
chairpersons,
chairperson's,
chairs,bures,xers,frontieres,ayres,nightmares,millionaires,forebears,questionnaires,heirs,stairs,swears,legionnaires,pears,kehres,prayers,dares,faires,jares,airfares,somewheres,wheelchairs,khmers,spares,ensnares,phares,impairs,blares,cares,fiduciares,chaires,repairs,flares,errs,thoroughfares,armchairs,shares,theirs,despairs,mares,pairs,theres,prepares,stares,squares,billionaires,gerres,compares,affairs,lairs,pares,daycares,hares,glares,americares,bankshares,snares,bares,mairs,sayres,upstairs,fairs,tears,declares,backstairs,berres,bears,housewares,scares,airs,gehres,multimillionaires,wares,hairs,unawares,fares,freres,wears,downstairs
chair-shaped,
,
