caprioles,
caprioling,
capriote,
capriped,
capripede,
capris,
caprizant,
caproate,
caprock,
caprocks,
caproic,
caproyl,
caproin,
capromys,
capron,
caprone,
capronic,
capronyl,
caps,perhaps,fraps,flaps,laps,taps,elapse,maps,mishaps,claps,handicaps,schnaps,kidnaps,japs,zaps,apps,craps,scraps,graps,naps,overlaps,kappes,slaps,wiretaps,recaps,snaps,kaps,relapse,gaps,millsaps,bootstraps,capps,straps,lapps,saps,knaps,collapse,chaps,raps,crapps,kneecaps,lapse,wraps,hubcaps,traps,schnapps,yaps
cap's,
caps.,
capsa,
capsaicin,freemason,klasen,chacin,leysen,chasen,grandmaison,cayson,mason,caisson,chasten,washbasin,grayson,basin,chaisson,gustaveson,hasten,clasen,jason
capsella,
capshaw,maw,shaw,gnaw,draugh,flaw,guffaw,jaw,chutzpah,craw,bra,hacksaw,paw,outlaw,grandpa,esau,ottawa,saw,claw,gras,dada,moi,shah,wah,hurrah,ja,withdraw,sha,na,aha,la,schwa,straw,qua,hoopla,ah,sa,omaha,chainsaw,bois,squaw,chaw,ra,pasha,pshaw,daw,scrimshaw,ga,ya,slaw,dumas,fermata,wa,ahh,trois,blah,caw,hah,spa,utah,overdraw,voila,thaw,naw,bah,awe,yah,nah,xio,yaw,bylaw,gaw,pa,haw,ona,coleslaw,ma,ha,rah,baja,rawe,cha,panama,jigsaw,ta,faw,da,whipsaw,raw,seesaw,bourgeois,chihuahua,ka,arkansas,redraw,aw,doha,draw,baccarat,macaw,law
capsheaf,
capshore,
capsian,
capsicin,
capsicins,
capsicum,
capsicums,
capsid,diapsid
capsidae,rhapsody
capsidal,
capsids,
capsizable,
capsizal,
capsize,aggrandize,advise,eyes,catalyze,energize,paralyze,recognize,realize,merchandise,guys,familiarize,enterprise,polarize,maximize,analyze,patronize,rationalize,pulverize,harmonize,supervise,comprise,prioritize,summarize,sunrise,finalize,wise,rise,scrutinize,prise,mobilize,apprise,socialize,empathize,epitomize,surmise,surprise,marginalize,crystallize,improvise,hypothesize,advertise,sympathize,guise,memorize,tantalize,allies,capitalize,stigmatize,size,belies,emphasize,amortize,disenfranchise,mize,synthesize,arise,customize,despise,subsidize,ties,optimize,authorize,materialize,flies,utilize,compromise,reprise,mesmerize,revise,supplies,lionize,visualize,otherwise,emprise,synchronize,proselytize,characterize,antagonize,likewise,lies,jeopardize,criticize,minimize,disguise,exercise,baptize,organize,apologize,franchise,devise,prize,demise,stabilize,galvanize,revitalize,chastise,ostracize,plagiarize,fries,metastasize
capsized,annualized,chastised,characterized,globalized,demoralized,agonized,idealized,traumatized,canonized,incised,fossilized,subsidized,paralyzed,apologized,balkanized,normalized,exercised,naturalized,disguised,pasteurized,sized,advised,compromised,motorized,harmonized,revised,devised,undisguised,oversized,disenfranchised,improvised,advertised,baptized,scrutinized,stigmatized,prised,specialized,centralized,personalized,synthesized,capitalized,decentralized,finalized,hypnotized,computerized,patronized,utilized,surprised,ostracized,categorized,localized,urbanized,mechanized,familiarized,formalized,prized,circumcised,desensitized,disorganized,civilized,despised,outsized,criticized,recognized,unauthorized,authorized,penalized,organized,marginalized,metastasized,caramelized,customized,standardized,jeopardized,underutilized,itemized,galvanized,generalized,amortized,unorganized,excised,epitomized,synchronized,stylized,homogenized,energized,stabilized,emphasized,pressurized,surmised,antagonized,publicized,apprised,comprised,mesmerized,unrecognized,realized,polarized,analyzed,crystallized
capsizes,
capsizing,
capsomer,
capsomere,
capsomers,
capstan,
capstan-headed,
capstans,
capstone,gladstone,stone,simone,homophone,capone,cicerone,cologne,own,baritone,whetstone,anemone,xylophone,keystone,groan,undertone,tone,limestone,shown,cornerstone,blown,known,gemstone,cone,joan,acetone,shone,testosterone,scone,t-bone,milestone,ozone,megaphone,crone,overthrown,headphone,overtone,allophone,pheromone,roan,lodestone,earphone,backbone,prone,telephone,hone,unknown,disown,homegrown,strown,alone,moonstone,atone,trombone,tombstone,collarbone,condone,leone,sown,headstone,drone,postpone,francophone,touchstone,jawbone,argonne,flown,rone,throne,saxophone,sharon,bone,microphone,silicone,cobblestone,monotone,sewn,chaperone,cyclone,lone,mon,phone,hormone,rhone,brownstone,overblown,grown,mone,sloan,loan,clone,thrown,intone,bemoan,millstone,moan,rhinestone,fone,zone
cap-stone,
capstones,
capsula,
capsulae,
capsular,
capsulate,
capsulated,
capsulation,
capsule,apsell
capsulectomy,
capsuled,
capsuler,
capsules,
capsuli-,
capsuliferous,
capsuliform,
capsuligerous,
capsuling,
capsulitis,
capsulize,capsulise
capsulized,
capsulizing,
capsulociliary,
capsulogenous,
capsulolenticular,
capsulopupillary,
capsulorrhaphy,
capsulotome,
capsulotomy,
capsumin,
capt,
capt.,
captacula,
captaculum,
captain,knapton,kapton,clapton
captaincy,
captaincies,
captaincook,
captained,
captainess,
captain-generalcy,
captaining,
captainly,
captain-lieutenant,
captainry,
captainries,
captains,
captainship,
captainships,
captan,
captance,
captandum,
captans,
captate,
captation,
caption,contraption
captioned,
captioning,
captionless,
captions,contraptions
caption's,
captious,
captiously,
captiousness,
captiva,
captivance,
captivate,obfuscate,repudiate,intimate,mate,trait,plate,inculcate,create,corroborate,deprecate,adequate,relate,estate,gate,profligate,emanate,mitigate,postulate,abdicate,designate,collaborate,deliberate,denigrate,alleviate,articulate,estimate,appropriate,accommodate,contemplate,consummate,associate,abrogate,spate,wait,subordinate,consolidate,compensate,gait,graduate,reiterate,precipitate,coordinate,great,elucidate,demonstrate,state,conflate,late,desolate,surrogate,commiserate,straight,debate,alternate,appreciate,vacillate,arrogate,delegate,delineate,initiate,procrastinate,obviate,advocate,dissipate,update,predicate,collate,anticipate,disseminate,freight,emulate,assimilate,propagate,celebrate,elaborate,date,dedicate,manipulate,resonate,moderate,fate,exacerbate,rate,innate,separate,abate,cultivate,stipulate,weight,evaluate,facilitate,slate,indicate,ameliorate,communicate,extrapolate,integrate,rait,mandate,incorporate
captivated,emanated,sophisticated,serrated,contaminated,eviscerated,orientated,affiliated,decapitated,animated,overrated,alienated,frustrated,indicated,consolidated,anticipated,dissipated,complicated,automated,liberated,irritated,nauseated,isolated,excoriated,unmitigated,truncated,intimated,infatuated,slated,dated,precipitated,antiquated,incarcerated,unadulterated,understated,unabated,corrugated,appreciated,mitigated,dilapidated,perforated,predicated,inebriated,consecrated,prorated,related,associated,exasperated,agitated,encapsulated,elevated,bated,belated,relegated,exonerated,sated,promulgated,fascinated,created,elated,deprecated,inundated,stated,bifurcated,delineated,cultivated,exaggerated,motivated,opinionated,graduated,devastated,aggregated,outdated,aggravated,attenuated,stipulated,intimidated,situated,initiated,intoxicated,interrelated,exacerbated,integrated,separated,annotated,concentrated,designated,saturated,articulated,incapacitated,reiterated,feted,abated,incorporated,substantiated,obligated,allocated,educated,mandated,located,emaciated
captivately,
captivates,demonstrates,affiliates,chordates,facilitates,commemorates,subordinates,bates,pates,perpetuates,extrapolates,repudiates,plaits,illustrates,states,sates,baits,dictates,equates,predicates,separates,yates,invertebrates,inmates,annotates,ates,gates,negates,anticipates,mitigates,differentiates,predominates,coordinates,emirates,cates,translates,estates,operates,fates,dissipates,delineates,graduates,indicates,traits,fetes,classmates,estimates,mandates,relates,straits,rates,disseminates,waits,crates,allocates,permeates,radiates,expatriates,dates,nates,mates,accommodates,awaits,fluctuates,yeats,associates,exacerbates,approximates,updates,slates,integrates,postulates,accelerates,delegates,emulates,creates,greats,exaggerates,corroborates,teammates,vertebrates,deteriorates,eights,resonates,evaporates,necessitates,primates,coates,grates,weights,intimidates,appreciates,hippocrates,skates,deviates,plates,infuriates,advocates,obviates
captivating,devastating,nauseating,permeating,fascinating,rotating,irritating,accelerating,pontificating,accommodating,skating,suffocating,alienating,intoxicating,pulsating,dating,emulating,escalating,incriminating,exacerbating,indicating,rating,instigating,creating,fluctuating,denigrating,liberating,accumulating,undulating,radiating,grating,facilitating,exhilarating,bating,waiting,discriminating,cultivating,anticipating,vacillating,excoriating,stating,procrastinating,deprecating,coordinating,weighting,percolating,mitigating,calculating,placating,infuriating,obviating,exasperating,mating,annihilating,excruciating,deteriorating,gaiting,humiliating,dominating,activating,reciprocating,awaiting,delegating,gating,subordinating,relating,contemplating,abbreviating,frustrating,invigorating,articulating,berating,perpetuating,illuminating,advocating,abating,debilitating,intimidating,aggravating,penetrating,validating,extenuating,culminating,emanating,recuperating,implicating,alternating,ingratiating,communicating,plating,self-deprecating,oscillating,titillating,operating,salivating,initiating,abrogating,baiting,delineating,stimulating,eliminating
captivatingly,
captivation,
captivations,
captivative,
captivator,
captivators,
captivatrix,
captive,adaptive
captived,
captives,
captive's,
captiving,
captivity,sensitivity,festivity,aggressivity,inactivity,nativity,receptivity,progressivity,insensitivity,negativity,objectivity,superconductivity,expressivity,hyperactivity,reactivity,interactivity,passivity,relativity,reflexivity,conductivity,radioactivity,retroactivity,exclusivity,subjectivity,productivity,oversensitivity,connectivity,activity,creativity,proclivity,selectivity
captivities,
captor,kaptur,rapter,chapter,raptor,velociraptor,adapter,adaptor,subchapter,apter
captors,adapters,adaptors,raptors,chapters
captor's,
captress,
capturable,
capture,recapture,enrapture,rapture
captured,raptured,enraptured,recaptured
capturer,
capturers,
captures,raptures
capturing,rapturing,recapturing
capua,papua
capuan,
capuanus,
capuche,capoch
capuched,
capuches,
capuchin,
capuchins,
capucine,
capulet,scapulet
capuli,
capulin,
caput,barefoot,foot,output,throughput,afoot,pussyfoot,underfoot,forefoot,blackfoot,foote,bigfoot,goosefoot,proudfoot,barfoot,input,lightfoot,put,coltsfoot,soot
caputa,
caputium,
caputo,scaduto,bhutto,sperduto,realmuto,carotenuto,pluto,suto,buetow,venuto,pascutto,pazuto,benvenuto,zaffuto,kyokuto,nobuto,instituto,rizzuto,maputo,hutto,sciuto,souto,saputo,istituto,pizzuto
caputto,
capuzzo,
capwell,shell,seashell,dell,farewell,stairwell,retell,cel,pastel,bell,oversell,sel,personnel,groundswell,tell,adele,carousel,snell,pell,marcel,repel,belle,isabel,lapel,fell,rebel,infidel,fidel,befell,well,cell,mel,del,accel,quell,hotel,elle,manuel,maxwell,bel,quel,chanel,intel,barbell,knell,clientele,doorbell,dwell,resell,tel,smell,yell,decibel,ell,carmel,gel,compel,parallel,materiel,misspell,gazelle,spell,morel,bombshell,nell,jell,expel,excel,carel,raphael,foretell,nobel,nutshell,eggshell,aol,zinfandel,dumbbell,swell,bluebell,mell,ravel,undersell,hell,sell,el,propel,cowbell,outsell,citadel,michelle,caravel,mademoiselle,cartel,noel,motel,impel,rangel,bethel,dispel,l
caque,
caquet,
caqueterie,
caqueteuse,
caqueteuses,
caquetio,
caquetoire,
caquetoires,
car,amar,caviar,sandbar,disbar,railcar,cinnabar,foobar,zanzibar,lodestar,csar,seminar,nascar,azar,tsar,dakar,bar,jaguar,gar,subpar,streetcar,carr,har,mylar,adar,spar,sar,rebar,hectare,akbar,guitar,memoir,aargh,repertoire,motorcar,lar,mar,renoir,barre,haar,jar,cigar,handlebar,char,marr,ar,commissar,boxcar,bazaar,radar,thar,voir,dinar,dar,par,superstar,navarre,amritsar,qatar,bazar,scar,bizarre,sitar,sidebar,afar,ajar,millibar,alcazar,registrar,tar,babar,lumbar,myanmar,r,starr,star,revoir,barr,boyar,parr,mawr,far,czar,lamar,avatar,reservoir,feldspar,fahr,alar,crowbar,magyar,are,saar
cara,vera,pereira,darragh,severa,farrah,terra,clara,guerra,cabrera,primavera,leora,aguilera,sara,era,sferra,sierra,silvera,moreira,teixeira,ohara,tenera,nogueira,svizzera,kara,tara,avera,becerra,mwera,chimera,patera,para,provera,escalera,kera,caldera,terre,silveira,gerah,guayabera,tera-,carrera,naira,matera,basara,najera,cera,serra,ribera,mcnamara,terah,cerra,sarah,erra,barrera,fera,fichera,vieira,barbera,kundera,thera,canberra,olivera,madera,mascara,ranchera,para-,altera,ceroplasty,tavera,cartera,berra,figueira,ferra,sahara,sclera,farah,herrera,zera,bera,riviera,perera,kuchera,hara,valera,olvera,cervera,gera,higuera,sequeira,frontera,rivera
carabancel,
carabao,
carabaos,
carabeen,
carabid,
carabidae,
carabidan,
carabideous,
carabidoid,
carabids,
carabin,
carabine,
carabineer,
carabiner,
carabinero,
carabineros,
carabines,
carabini,
carabinier,
carabiniere,
carabinieri,
carabins,
caraboa,
caraboid,scaraboid
carabus,
caracal,
caracalla,
caracals,
caracara,shara,navarra,madara,camara,bara,sciara,fiumara,cassara,miyahara,sankara,vizcarra,mara,samsara,azzara,harra,vergara,zangara,ogara,alcantara,ishihara,segarra,tara,omara,guevara,uyehara,asmara,parra,kotara,ferrara,guadalajara,brizzolara,omeara,marmara,makara,barra,lara,marra,cynara,amara,fanara,matsubara,mazzara,lazzara,kawahara,chiara,negara,ibarra,sciarra,cantara,chara,sarra,vara,delara,carra,rara,jara,komara,mortara,fujiwara,timisoara,farra,uehara,gandara,yoshihara,tamara,ybarra,nara,aarau,kurihara,beshara,tiara,ficarra,carbonara,malara,kuwahara,takara,carrara,dichiara,cucchiara
caracaras,
caracas,fthenakis,vlahakis,kochis,raucous,bockus,caucus,glaucus,roccus,baucus,floccus,daucus,glaucous,psarouthakis,mitsotakis,georgakis,streptococcus,staphylococcus,coccus,digalakis,dukakis,roccas,enterococcus,secaucus,papadakis
carack,mccarrick,larrick,marik,sharrock,larock,darrick,raroc,barich,hyperbaric,barrick,marich,karok,carac,sarich,carryk,dharuk,tarok,karrick,barrique,parikh,marak,mckarrick,glutaric,barrack,parauque,parrack,darroch,pindaric,rarick,klarich,barbaric,varec
caracks,
caraco,
caracoa,
caracol,caracul,karakul,maricle
caracole,
caracoled,
caracoler,
caracoles,
caracoli,
caracoling,
caracolite,
caracolled,
caracoller,
caracolling,
caracols,
caracora,
caracore,
caract,
caractacus,
caracter,
caracul,caracol,karakul,maricle
caraculs,
caradoc,parodic
caradon,
carafe,mimeograph,overstaff,fraph,yaffe,graeff,giraffe,laff,unitaf,behalf,draff,autograph,raphe,paff,intergraph,skaff,photograph,schaff,braff,staff,raff,biggerstaff,grindstaff,sielaff,allograph,taffe,choreograph,sclaff,pfaff,graef,understaff,paragraph,telegraph,echograph,flagstaff,graph,msafp,naff,scaff,metcalf,gaffe,shaff,graefe,taff,staph,assaf,bickerstaff,phonograph,riffraff,spectrograph,grandstaff,lithograph,monograph,half,rhaphe,chaff,graff,graf,raf,pendergraph,hectograph,gaff,reprograph,falstaff,longstaff,wagstaff,hackstaff,haff,laugh,epitaph,pinkstaff,polygraph,calf,gaf
carafes,
carafon,
caragana,hiragana
caraganas,
carageen,kerogen,sclerogen,karajan
carageens,
caragheen,
caraguata,
caraho,
carayan,
caraibe,
caraipa,
caraipe,
caraipi,
caraja,
carajas,
carajo,
carajura,
caralie,
caramba,
carambola,
carambole,
caramboled,
caramboling,
caramel,ceramal
caramelan,
caramelen,
caramelin,
caramelisation,
caramelise,
caramelised,
caramelising,
caramelization,
caramelize,aggrandize,advise,eyes,catalyze,energize,paralyze,recognize,realize,merchandise,guys,familiarize,enterprise,polarize,maximize,capsize,analyze,patronize,rationalize,pulverize,harmonize,supervise,comprise,prioritize,summarize,sunrise,finalize,wise,rise,scrutinize,prise,mobilize,apprise,socialize,empathize,epitomize,surmise,surprise,marginalize,crystallize,improvise,hypothesize,advertise,sympathize,guise,memorize,tantalize,allies,capitalize,stigmatize,size,belies,emphasize,amortize,disenfranchise,mize,synthesize,arise,customize,despise,subsidize,ties,optimize,authorize,materialize,flies,utilize,compromise,reprise,mesmerize,revise,supplies,visualize,otherwise,emprise,synchronize,proselytize,characterize,antagonize,likewise,lies,jeopardize,criticize,minimize,disguise,exercise,baptize,organize,apologize,franchise,devise,prize,demise,stabilize,galvanize,revitalize,chastise,ostracize,plagiarize,fries,metastasize
caramelized,annualized,chastised,characterized,globalized,demoralized,agonized,idealized,traumatized,canonized,incised,fossilized,subsidized,paralyzed,apologized,balkanized,normalized,exercised,naturalized,disguised,pasteurized,sized,advised,compromised,motorized,harmonized,revised,devised,undisguised,oversized,disenfranchised,improvised,advertised,baptized,scrutinized,stigmatized,prised,specialized,centralized,personalized,synthesized,capitalized,decentralized,finalized,hypnotized,computerized,patronized,utilized,surprised,ostracized,categorized,localized,urbanized,mechanized,familiarized,formalized,prized,circumcised,desensitized,disorganized,civilized,despised,outsized,criticized,recognized,unauthorized,authorized,penalized,organized,marginalized,metastasized,customized,standardized,jeopardized,underutilized,capsized,itemized,galvanized,generalized,amortized,unorganized,excised,epitomized,synchronized,stylized,homogenized,energized,stabilized,emphasized,pressurized,surmised,antagonized,publicized,apprised,comprised,mesmerized,unrecognized,realized,polarized,analyzed,crystallized
caramelizes,
caramelizing,
caramels,
caramoussal,
caramuel,
carancha,
carancho,
caranda,verandah
caranday,
carandas,
carane,
caranga,
carangid,
carangidae,
carangids,
carangin,
carangoid,
carangus,
caranna,
caranx,pharynxes,larynxes
carap,
carapa,
carapace,
carapaced,
carapaces,
carapache,
carapacho,
carapacial,
carapacic,
carapato,
carapax,
carapaxes,
carapidae,
carapine,
carapo,
carapus,
carara,
caras,asmaras,tiaras,taras,karas,maras
carassow,
carassows,
carat,jarrett,wherret,meritt,ferret,verrett,sterrett,demerit,kerat-,inherit,marrett,garratt,teret,merit,disparate,kerat,berrett,sterett,sherrit,verit,parrott,gehret,terret,parrot,barrett,garret,garrett,sherritt,lerot,gerrit,merrett,karat,herat,karet,cerat,cerat-,merrit,carrot,merritt
caratacus,
caratch,
carate,
carates,
caratinga,
carats,parrots,jerritts,maritz,merits,demerits,karatz,carrots,gerrits,merritts,garrets,inherits,ferrets
caratunk,
carauna,
caraunda,
caravaggio,
caravan,anne,divan,cyan,chan,liane,quean,clergyman,span,suntan,moulin,stan,fan,nan,hitman,japan,lifespan,madman,ferdinand,fisherman,doorman,kan,kinsman,shan,yan,taliban,than,san,pecan,moran,gamesman,caveman,helmsman,minuteman,walkman,tan,bogeyman,sedan,journeyman,handyman,ban,merman,milan,afghan,saucepan,an,sideman,snowman,klan,tran,tristan,bhutan,deadpan,bran,businessman,strongman,cancan,ann,anchorman,superman,sudan,zan,man,can,kazakhstan,iran,dan,gran,plan,middleman,hann,flan,van,mann,afghanistan,sandman,ran,pakistan,tarzan,scran,rodin,bedpan,saran,began,rattan,jan,caftan,gan,scan,lan,clan,quran,pan,batman,catamaran,cannes,skean,loran
caravaned,
caravaneer,
caravaner,
caravaning,
caravanist,
caravanned,
caravanner,
caravanning,
caravans,afghanistans,shans,glanz,trans,kranz,magnes,afghans,bans,rans,minivans,sannes,spans,meehans,fans,ganz,stans,benz,pecans,crans,frans,intertrans,banns,hans,vans,klans,grans,tans,caltrans,manz,ranz,caftans,gans,sedans,talibans,krans,sanz,hannes,branz,pans,clans,glans,lanz,sans,hands,franz,trans-,plans,scans,janz,bedpans,lifespans,kanz,flans,cans,manns,vannes,franze,mans,mannes,rosenkrans,cannes,jans,rosecrans,danz,japans
caravan's,
caravansary,
caravansaries,
caravanserai,
caravanserial,
caravel,shell,seashell,zel,dell,farewell,stairwell,retell,cel,pastel,bell,oversell,sel,personnel,groundswell,tell,adele,carousel,snell,pell,marcel,repel,belle,isabel,lapel,fell,rebel,infidel,fidel,befell,well,cell,mel,del,accel,quell,hotel,elle,manuel,maxwell,bel,quel,chanel,intel,barbell,knell,clientele,doorbell,dwell,resell,tel,smell,yell,decibel,ell,carmel,gel,compel,parallel,materiel,misspell,gazelle,spell,morel,bombshell,nell,jell,expel,excel,carel,raphael,foretell,nobel,nutshell,eggshell,aol,zinfandel,dumbbell,swell,bluebell,mell,ravel,undersell,hell,sell,el,propel,cowbell,outsell,citadel,michelle,mademoiselle,cartel,noel,motel,impel,rangel,bethel,dispel,l
caravelle,shell,seashell,dell,farewell,stairwell,retell,cel,pastel,bell,oversell,sel,personnel,groundswell,tell,adele,carousel,snell,pell,marcel,repel,belle,isabel,lapel,fell,rebel,infidel,fidel,befell,well,cell,mel,del,accel,quell,hotel,elle,manuel,maxwell,bel,quel,chanel,intel,barbell,knell,clientele,doorbell,dwell,resell,tel,smell,yell,decibel,ell,carmel,gel,compel,parallel,materiel,misspell,gazelle,spell,morel,bombshell,nell,jell,expel,excel,carel,raphael,foretell,nobel,nutshell,eggshell,aol,zinfandel,dumbbell,swell,bluebell,mell,ravel,undersell,hell,sell,el,propel,cowbell,outsell,citadel,michelle,caravel,mademoiselle,cartel,noel,motel,impel,rangel,bethel,dispel,l
caravels,
caravette,
caraviello,
caraway,display,gay,array,okay,leeway,fiance,pay,pray,lingerie,bay,buffet,halfway,j,friday,latte,stray,way,portray,railway,today,slay,underway,quay,sway,away,soiree,play,entree,fey,tray,betray,nay,sunday,repay,lei,x-ray,dna,fray,gainsay,clay,relay,cafe,everyday,cache,inlay,yea,bray,gray,protege,holiday,k,ray,say,survey,convey,waylay,essay,weigh,they,dismay,cliche,melee,grey,passe,gateway,disarray,stay,bouquet,mainstay,vertebrae,prey,lay,sobriquet,day,astray,splay,overlay,obey,delay,re,hay,anyway,usa,spray,ballet,yay,may,sachet,asea,resume,gourmet,fillet,decay,valet,jay,heyday,dossier,ok,hey,allay
caraways,
caraz,
carb,
carb-,garbe,goldfarb,aldicarb,schlarb,rhubarb,harb,himmelfarb,srinagarb,barb,farb,barbe,golfarb,arb,zarb,garb
carbachol,
carbacidometer,
carbamate,
carbamic,
carbamide,carbimide
carbamidine,
carbamido,
carbamyl,
carbamyls,
carbamine,
carbamino,
carbamoyl,
carbanil,carbonyl,carbinol,barbanel
carbanilic,
carbanilid,
carbanilide,
carbanion,
carbaryl,
carbaryls,
carbarn,
carbarns,
carbasus,
carbazic,
carbazide,
carbazylic,
carbazin,
carbazine,
carbazole,
carbeen,
carbene,
carberry,apothecary,mary,confectionary,mulberry,monastery,seminary,imaginary,military,fairy,extraordinary,carry,preliminary,ferry,dictionary,estuary,wary,gooseberry,pulmonary,necessary,sanctuary,culinary,proprietary,scary,secretary,huckleberry,adversary,visionary,missionary,revolutionary,corollary,cemetery,hereditary,discretionary,confectionery,harry,parry,obituary,merry,barre,customary,cautionary,cherry,fiduciary,vary,legendary,sanitary,unitary,mercenary,luminary,vocabulary,contemporary,emissary,stationery,subsidiary,pecuniary,eyrie,tertiary,primary,unnecessary,ary,arie,library,aerie,canary,strawberry,raspberry,tributary,ordinary,prairie,marry,commentary,sedentary,february,veterinary,contrary,ancillary,lapidary,literary,very,hairy,arbitrary,solitary,secondary,stationary,itinerary,dairy,reactionary,capillary,blueberry,berry,airy,epistolary,temporary,salutary,beneficiary,monetary,judiciary,nary,tarry,bury
carbethoxy,
carbethoxyl,
carby,arby,barby,deharbe,darby,barbie,corbe
carbide,abide,mortified,backside,suicide,bromide,worldwide,peroxide,dignified,backslide,modified,beside,collide,implied,tide,apartheid,inside,betide,guide,seaside,amplified,yuletide,divide,shied,glide,alongside,lied,reside,genocide,side,applied,wide,confide,denied,stride,pride,dioxide,defied,diversified,provide,downside,outside,ide,qualified,tried,blindside,bide,satisfied,landslide,plied,wayside,chide,preoccupied,multiplied,homicide,oxide,decried,hide,broadside,classified,pesticide,pried,upside,aside,cyanide,curbside,unified,countryside,dried,coincide,stratified,decide,petrified,allied,bonafide,complied,belied,vide,cockeyed,fide,snide,eyed,deride,bride,hyde,preside,fratricide,ride,subside,slide,justified,astride,pied,ratified,tied,terrified,fortified,certified,override,occupied
carbides,
carbyl,
carbylamine,
carbimide,carbamide
carbin,darbonne,harbin,hydrocarbon,narbonne,carbon,farben,fluorocarbon,barbin,karban,charbon
carbine,asinine,incline,genuine,serpentine,pine,porcupine,concubine,airline,enshrine,sideline,entwine,benign,chine,bovine,aline,design,alpine,tine,confine,resign,fein,eglantine,guideline,outline,hotline,ballantine,swine,wine,malign,feline,grapevine,consign,stine,iodine,spine,sine,supine,alkaline,dopamine,deadline,canine,spline,thine,sunshine,brine,underline,shrine,refine,intertwine,combine,baseline,byline,shine,endocrine,cline,devine,headline,streamline,crystalline,byzantine,dine,divine,skyline,saccharine,decline,storyline,nine,stein,tagline,define,frontline,line,mine,palatine,zine,pipeline,moonshine,assign,vine,turpentine,lifeline,online,borderline,undermine,opine,affine,equine,align,rine,sign,whine,quinine,twine,fine,lupine,trine,outshine,punchline,valentine
carbineer,
carbineers,
carbines,
carbinyl,
carbinol,carbonyl,carbanil,barbanel
carbinols,
carbo,garbo,ybarbo,carbo-,arbo,barbo
carbo-,garbo,ybarbo,arbo,barbo,carbo
carboazotine,
carbocer,
carbocyclic,
carbocinchomeronic,
carbodiimide,
carbodynamite,
carbogelatin,
carbohemoglobin,
carbohydrase,
carbohydrate,obfuscate,repudiate,intimate,mate,trait,plate,inculcate,create,corroborate,deprecate,adequate,relate,estate,gate,profligate,emanate,mitigate,postulate,abdicate,designate,collaborate,deliberate,denigrate,alleviate,articulate,estimate,appropriate,accommodate,contemplate,consummate,associate,abrogate,spate,wait,subordinate,consolidate,compensate,gait,graduate,reiterate,precipitate,coordinate,great,elucidate,demonstrate,state,conflate,late,desolate,surrogate,commiserate,straight,debate,alternate,appreciate,vacillate,arrogate,delegate,delineate,initiate,procrastinate,obviate,advocate,dissipate,update,predicate,collate,anticipate,disseminate,freight,emulate,assimilate,propagate,celebrate,elaborate,date,dedicate,manipulate,resonate,moderate,fate,exacerbate,rate,innate,separate,abate,cultivate,stipulate,weight,evaluate,facilitate,slate,indicate,ameliorate,communicate,extrapolate,integrate,rait,mandate,incorporate
carbo-hydrate,
carbohydrates,
carbohydraturia,
carbohydrazide,
carbohydride,
carbohydrogen,
carboy,gilroy,yoy,roy,woy,oie,fauntleroy,bellboy,monroy,toy,mccoy,ahoy,croix,ploy,stoy,choi,oi,hoi,doi,polloi,destroy,coy,loy,toye,tolstoy,moy,mcelroy,illinois,tomboy,boye,soy,annoy,moye,flournoy,choy,doughboy,hoy,busboy,attaboy,leroy,neu,convoy,cfroi,elroy,boy,schoolboy,fitzroy,alloy,iroquois,oy,laboy,kilroy,cloy,joy,enjoy,corduroy,goy,croy,joye,foie,playboy,bolshoi,savoy,deploy,malloy,decoy,lacroix,foy,highboy,oye,lovejoy,roi,troy,cowboy,pomeroy,employ,quemoy,redeploy
carboyed,
carboys,
carbolate,
carbolated,
carbolating,
carbolfuchsin,
carbolic,
carbolics,
carboline,
carbolineate,
carbolineum,
carbolise,
carbolised,
carbolising,
carbolize,marbleize
carbolized,
carbolizes,
carbolizing,
carboloy,
carboluria,
carbolxylol,
carbomethene,
carbomethoxy,
carbomethoxyl,
carbomycin,
carbon,darbonne,harbin,hydrocarbon,narbonne,farben,fluorocarbon,barbin,carbin,karban,charbon
carbona,
carbonaceous,
carbonade,carbonnade
carbonado,
carbonadoed,
carbonadoes,
carbonadoing,
carbonados,
carbonari,
carbonarism,
carbonarist,
carbonaro,pagliaro,massaro,jarrow,corsaro,gennaro,marro,degennaro,notaro,capraro,kilimanjaro,ungaro,tammaro,asaro,cannistraro,zuccaro,vaccaro,cannizzaro,baro-,lazaro,chiaro,denaro,haro,scolaro,caro,cordaro,bizzaro,azzaro,funaro,zarro,barbaro,bordonaro,sorrow,molinaro,calderaro,armaro,bavaro,cavagnaro,morrow,finocchiaro,pecoraro,marinaro,nazzaro,spataro,paro,ferraro,farro,todaro,zingaro,pharo,maro,sbarro,aro,pizarro,varo,lazzaro,campanaro,karow,naro,navarro,pignataro,spadaro,coffaro,carro,cassaro,panaro,coccaro,baro,amaro,shintaro,cavallaro,manganaro,cesaro,utamaro,cafaro,arcaro,conigliaro,barro,yarrow,montanaro,alvaro,garro,bucaro,cuccaro,claro,alfaro,porcaro,sarro,catanzaro,furfaro,fusaro,cestaro,chaparro
carbonatation,
carbonate,obfuscate,repudiate,intimate,mate,trait,plate,inculcate,create,corroborate,deprecate,adequate,relate,estate,gate,profligate,emanate,mitigate,postulate,abdicate,designate,collaborate,deliberate,denigrate,alleviate,articulate,estimate,appropriate,accommodate,contemplate,consummate,associate,abrogate,spate,wait,subordinate,consolidate,compensate,gait,graduate,reiterate,precipitate,coordinate,great,elucidate,demonstrate,state,conflate,late,desolate,surrogate,commiserate,straight,debate,alternate,appreciate,vacillate,arrogate,delegate,delineate,initiate,procrastinate,obviate,advocate,dissipate,update,predicate,collate,anticipate,disseminate,freight,emulate,assimilate,propagate,celebrate,elaborate,date,dedicate,manipulate,resonate,moderate,fate,exacerbate,rate,innate,separate,abate,cultivate,stipulate,weight,evaluate,facilitate,slate,indicate,ameliorate,communicate,extrapolate,integrate,rait,mandate,incorporate
carbonated,emanated,sophisticated,serrated,contaminated,eviscerated,orientated,affiliated,decapitated,animated,overrated,alienated,frustrated,indicated,consolidated,anticipated,dissipated,complicated,automated,liberated,irritated,nauseated,isolated,excoriated,unmitigated,truncated,intimated,infatuated,slated,dated,precipitated,antiquated,incarcerated,unadulterated,understated,unabated,corrugated,appreciated,mitigated,dilapidated,perforated,predicated,inebriated,consecrated,prorated,related,associated,exasperated,agitated,encapsulated,elevated,bated,belated,relegated,exonerated,sated,promulgated,fascinated,created,elated,deprecated,inundated,stated,bifurcated,delineated,cultivated,exaggerated,motivated,opinionated,graduated,devastated,aggregated,outdated,aggravated,attenuated,stipulated,intimidated,situated,initiated,intoxicated,interrelated,exacerbated,integrated,separated,annotated,concentrated,designated,saturated,articulated,incapacitated,reiterated,feted,abated,incorporated,substantiated,obligated,allocated,educated,mandated,located,emaciated
carbonates,demonstrates,affiliates,chordates,facilitates,commemorates,subordinates,bates,pates,perpetuates,extrapolates,repudiates,plaits,illustrates,states,sates,baits,dictates,equates,predicates,separates,yates,invertebrates,inmates,annotates,ates,gates,negates,anticipates,mitigates,differentiates,predominates,coordinates,emirates,cates,translates,estates,operates,fates,dissipates,delineates,graduates,indicates,traits,fetes,classmates,estimates,mandates,relates,straits,rates,disseminates,waits,crates,allocates,permeates,radiates,expatriates,dates,nates,mates,accommodates,awaits,fluctuates,yeats,associates,exacerbates,approximates,updates,slates,integrates,postulates,accelerates,delegates,emulates,creates,greats,exaggerates,corroborates,teammates,vertebrates,deteriorates,eights,resonates,evaporates,necessitates,primates,coates,grates,weights,intimidates,appreciates,hippocrates,skates,deviates,plates,infuriates,advocates,obviates
carbonating,
carbonation,
carbonations,
carbonatization,
carbonator,
carbonators,
carboncliff,
carbondale,thumbnail,yale,whale,prevail,grail,pale,snail,taille,blackmail,ail,handrail,hail,calle,foxtail,wholesale,flail,tale,rail,vale,coattail,pail,countervail,airedale,unveil,orrell,guardrail,mail,folktale,dwale,frail,tail,impale,detail,toenail,bale,inhale,faille,quail,veil,derail,dail,hobnail,horsetail,soleil,cocktail,vail,swale,assail,kale,entail,kail,martingale,exhale,gail,upscale,shale,ponytail,wail,trail,gmail,gael,dale,stale,airmail,jail,biennale,abigail,nail,hale,cale,wale,curtail,fairytale,clydesdale,gale,travail,sail,fail,sale,braille,brail,fantail,retail,avail,zale,greenmail,scale,quale,male,bail,dovetail,telltale,voicemail,monorail,surveil,female,email,ale,resale
carbone,gladstone,stone,simone,homophone,capone,cicerone,cologne,own,baritone,whetstone,anemone,xylophone,keystone,groan,undertone,tone,limestone,shown,cornerstone,blown,known,gemstone,cone,joan,acetone,shone,testosterone,scone,t-bone,milestone,ozone,megaphone,crone,overthrown,headphone,overtone,allophone,pheromone,roan,lodestone,earphone,backbone,prone,telephone,hone,unknown,disown,homegrown,alone,moonstone,atone,trombone,tombstone,collarbone,condone,leone,sown,capstone,headstone,drone,postpone,francophone,touchstone,jawbone,argonne,flown,rone,throne,saxophone,sharon,bone,microphone,silicone,cobblestone,monotone,sewn,chaperone,cyclone,lone,mon,phone,hormone,rhone,brownstone,overblown,grown,mone,sloan,loan,clone,thrown,intone,bemoan,millstone,moan,rhinestone,fone,zone
carboned,
carbonemia,
carbonero,
carbones,
carboni,pallone,mulroney,soni,alimony,maloney,campione,phony,sony,negroni,progne,testimony,castiglione,stoney,mangone,langone,moroney,toni,roney,bertone,marconi,parsimony,chalcedony,abalone,bottone,leoni,nakasone,rigatoni,joni,bologna,berlusconi,frowney,perrone,pepperoni,poney,balboni,falcone,boni,ceremony,maglione,drony,roni,crony,dhony,oney,coney,maroni,marrone,sassone,baloney,matrimony,salomone,mahoney,antone,corleone,moroni,phoney,shoshone,stony,toney,palimony,melone,buffone,patrimony,desimone,patrone,sapone,benoni,morrone,lowney,tassone,cantone,cassoni,cardone,mony,baroni,caponi,cerone,telephony,moloney,sanctimony,droney,tony,montone,calderone,boney,ione,macaroni,loney,bony,peroni,loanee,acrimony,ciccone,cassone
carbonic,
carbonide,
carboniferous,fossiliferous,coniferous,vociferous
carbonify,
carbonification,
carbonigenous,
carbonyl,carbanil,carbinol,barbanel
carbonylate,
carbonylated,
carbonylating,
carbonylation,
carbonylene,
carbonylic,
carbonyls,
carbonimeter,
carbonimide,
carbonisable,
carbonisation,
carbonise,
carbonised,
carboniser,
carbonising,
carbonite,
carbonitride,
carbonium,
carbonizable,
carbonization,
carbonize,aggrandize,advise,eyes,catalyze,energize,paralyze,recognize,realize,merchandise,guys,familiarize,enterprise,polarize,maximize,capsize,analyze,patronize,rationalize,pulverize,harmonize,supervise,comprise,prioritize,summarize,sunrise,finalize,wise,rise,scrutinize,prise,mobilize,apprise,socialize,empathize,epitomize,surmise,surprise,marginalize,crystallize,improvise,hypothesize,advertise,sympathize,guise,memorize,tantalize,allies,capitalize,stigmatize,size,belies,emphasize,amortize,disenfranchise,mize,synthesize,arise,customize,despise,subsidize,ties,optimize,authorize,materialize,flies,utilize,compromise,reprise,mesmerize,revise,supplies,visualize,otherwise,emprise,synchronize,proselytize,characterize,antagonize,likewise,lies,jeopardize,criticize,minimize,disguise,exercise,baptize,organize,apologize,franchise,devise,prize,demise,stabilize,galvanize,revitalize,chastise,ostracize,plagiarize,fries,metastasize
carbonized,annualized,chastised,characterized,globalized,demoralized,agonized,idealized,traumatized,canonized,incised,subsidized,paralyzed,apologized,balkanized,normalized,exercised,naturalized,disguised,pasteurized,sized,advised,compromised,motorized,harmonized,revised,devised,undisguised,oversized,disenfranchised,improvised,advertised,baptized,scrutinized,stigmatized,prised,specialized,centralized,personalized,synthesized,capitalized,decentralized,finalized,hypnotized,computerized,patronized,utilized,surprised,ostracized,categorized,localized,urbanized,mechanized,familiarized,formalized,prized,circumcised,desensitized,disorganized,civilized,despised,outsized,criticized,recognized,unauthorized,authorized,penalized,organized,marginalized,metastasized,caramelized,customized,standardized,jeopardized,underutilized,capsized,itemized,galvanized,generalized,amortized,unorganized,excised,epitomized,synchronized,stylized,homogenized,energized,stabilized,emphasized,pressurized,surmised,antagonized,publicized,apprised,comprised,mesmerized,unrecognized,realized,polarized,analyzed,crystallized
carbonizer,
carbonizers,
carbonizes,
carbonizing,
carbonless,
carbonnieux,
carbonometer,
carbonometry,
carbonous,
carbons,hydrocarbons,fluorocarbons
carbon's,
carbonuria,
carbophilous,
carbora,
carboras,
car-borne,
carborundum,corundum
carbosilicate,
carbostyril,
carboxy,
carboxide,
carboxydomonas,
carboxyhemoglobin,
carboxyl,
carboxylase,
carboxylate,
carboxylated,
carboxylating,
carboxylation,
carboxylic,acrylic,cyrillic,hillock,milich,gillick,pedophilic,basophilic,amphophilic,willock,jilek,idyllic,gillock,bilyk,lillich,hydrophilic,eosinophilic,billick
carboxyls,
carboxypeptidase,
carbrey,
carbro,
carbromal,
carbs,barbs,arbs,garbs
carbuilder,
carbuncle,
carbuncled,
carbuncles,
carbuncular,
carbunculation,
carbungi,
carburan,
carburant,
carburate,
carburated,
carburating,
carburation,
carburator,
carbure,
carburet,
carburetant,
carbureted,threated,petted,stetted,jetted,abetted,netted,letted,silhouetted,retted,fretted,vetted,wetted,whetted,sweated,fetid,betted,indebted,regretted,debted
carbureter,
carburetest,
carbureting,
carburetion,cretian,deletion,rhaetian,diecian,tieszen,grecian,phoenician,depletion,excretion,secretion,rhetian,accretion,venetian,completion
carburetor,coordinator,escalator,mediator,activator,alternator,administrator,calculator,cater,educator,actuator,manipulator,gator,arbitrator,navigator,equator,percolator,originator,communicator,denominator,exterminator,hater,defibrillator,illuminator,amphitheatre,insulator,moderator,rater,later,procrastinator,traitor,oscillator,refrigerator,respirator,decatur,speculator,excavator,terminator,fabricator,facilitator,mercator,alligator,skater,perpetrator,radiator,estimator,commentator,aviator,operator,demonstrator,slater,instigator,incubator,waiter,mater,applicator,gaiter,integrator,illustrator,imitator,amphitheater,decorator,investigator,stater,collaborator,gladiator,agitator,curator,incinerator,accumulator,viator,liquidator,eighter,infiltrator,litigator,elevator,regulator,stator,dictator,accelerator,frater,greater,creator,baiter,pater,translator,tater,innovator,ventilator,simulator,animator,negotiator,grater,legislator,locator,generator,indicator,freighter,fetor,detonator,crater
carburetors,innovators,calculators,impersonators,amphitheaters,oscillators,operators,liquidators,batres,litigators,incinerators,navigators,simulators,defibrillators,waiters,exterminators,skaters,traitors,platers,gators,superfreighters,decorators,escalators,procrastinators,negotiators,instigators,creators,indicators,facilitators,animators,integrators,infiltrators,stimulators,syndicators,allocators,curators,accelerators,consolidators,alligators,dictators,freighters,gaiters,cogenerators,elevators,irrigators,illustrators,gladiators,excavators,administrators,staters,agitators,applicators,imitators,respirators,slaters,craters,legislators,narrators,haters,radiators,speculators,generators,appropriators,arbitrators,natters,estimators,percolators,actuators,accumulators,caters,commentators,manipulators,penetrators,insulators,debaters,originators,educators,regulators,locators,renovators,paters,incubators,raters,perpetrators,fabricators,maters,refrigerators,investigators,detonators,coordinators,mediators,equators,translators,interrogators,pontificaters,collaborators,demonstrators,moderators
carburets,
carburetted,
carburetter,carburettor
carburetting,
carburettor,carburetter
carburisation,
carburise,
carburised,
carburiser,
carburising,
carburization,
carburize,
carburized,
carburizer,
carburizes,
carburizing,
carburometer,
carcajou,
carcajous,
carcake,
carcan,
carcanet,carkanet
carcaneted,
carcanets,
carcanetted,
carcas,
carcase,
carcased,
carcases,
carcasing,
carcass,markkas,marcus,arcus,archeus,sarkis,barcus,markus,barkus,sarcous,farkas
carcassed,
carcasses,
carcassing,
carcassless,
carcassonne,marcassin
carcass's,
carcavelhos,
carce,
carceag,
carcel,parcel,marcille,marcil,marsal,parsell,sarcelle,tarsel
carcels,
carcer,
carceral,
carcerate,
carcerated,
carcerating,
carceration,
carcerist,
carcharhinus,
carcharias,
carchariid,
carchariidae,
carcharioid,
carcharodon,
carcharodont,
carchemish,
carcin-,
carcinemia,
carcinogen,plasminogen
carcinogeneses,
carcinogenesis,
carcinogenic,rennick,krenek,zenik,denike,anthropogenic,hellenic,hallucinogenic,fenech,bennick,renick,eugenic,zenick,penick,transgenic,benecke,photogenic,calisthenic,splenic,pennock,henneke,jaenicke,fennic,telegenic,vennick,pathogenic,orogenic,benak,beneke,brennecke,pennick,authentic,isogenic,psychogenic,krenik,penock,schizophrenic,fennec,hennick,deneke,cryogenic
carcinogenicity,
carcinogenics,
carcinogens,
carcinoid,
carcinolysin,
carcinolytic,
carcinology,
carcinological,
carcinologist,
carcinoma,multnomah,nujoma,poma,oma,melanoma,diploma,stoma,toma,goma,retinoblastoma,naoma,neoma,tacoma,algoma,coma,sumatoma,troma,leoma,scoma,sonoma,sloma,glaucoma,lymphoma,stroma,papilloma,blastoma,loma,choma,xoma,bouma,aroma,saloma,bancoklahoma,luoma,paloma,soma,shiroma,homa,oklahoma,coloma,moma,thoma,mesothelioma,douma,roma
carcinomas,
carcinomata,
carcinomatoid,
carcinomatosis,
carcinomatous,
carcinomorphic,
carcinophagous,
carcinophobia,
carcinopolypus,
carcinosarcoma,
carcinosarcomas,
carcinosarcomata,
carcinoscorpius,
carcinosis,
carcinus,
carcoon,
card,tarred,barnyard,lifeguard,barnard,brickyard,guard,graveyard,shard,beauregard,vcard,barde,charred,broussard,bongard,leotard,bombard,lazard,churchyard,regard,tared,bernard,disregard,fugard,vanguard,avant-garde,schoolyard,lard,bodyguard,parred,scorecard,shipyard,hard,canard,gerard,belgard,retard,chouinard,starred,carde,menard,lumberyard,chard,nard,marred,jarred,disbarred,godard,bouchard,knarred,farmyard,blowhard,renard,garde,backyard,junkyard,courtyard,stockyard,boatyard,blvd,gard,scard,postcard,dockyard,scarred,bard,sparred,discard,wildcard,flashcard,boulevard,gnarred,byard,dillard,picard,barred,mastercard,safeguard,yard,gerhard,diehard,bankcard,ard,billard,pickard,gaspard
card.,
cardaissin,
cardale,
cardamine,
cardamom,cardamum
cardamoms,
cardamon,
cardamons,
cardamum,cardamom
cardamums,
cardanic,
cardanol,
cardanus,
cardboard,bored,inboard,hardboard,nord,njord,shored,aboveboard,record,chord,adored,unexplored,headboard,horde,outboard,accord,paperboard,keyboard,checkerboard,scored,chipboard,award,soared,fingerboard,ford,overlord,overboard,clavichord,implored,sword,underscored,mord,verwoerd,fjord,untoward,notochord,springboard,cord,floorboard,landlord,billboard,dashboard,acord,pored,stored,deplored,dartboard,washboard,warlord,abhorred,poured,storyboard,ward,surfboard,clapboard,aboard,roared,gaylord,reward,gored,hord,restored,chessboard,clipboard,floored,harpsichord,hoard,sward,ord,blackboard,concorde,smorgasbord,wallboard,oared,explored,afford,broadsword,switchboard,concord,skateboard,toward,onboard,reboard,board,lord,ignored,snowboard,fnord,fiberboard,gourd,seaboard,baseboard,pegboard,scoreboard
cardboards,accords,keyboards,billboards,outboards,lourdes,dashboards,rewards,swords,cordes,awards,affords,hoards,overlords,checkerboards,snowboards,warlords,hordes,fords,chessboards,switchboards,records,bordes,cords,landlords,pegboards,fjords,gourds,blackboards,lords,floorboards,starboards,boards,towards,wards,sordes,baseboards,headboards,chords,surfboards,clapboards
card-carrier,
card-carrying,
cardcase,
cardcases,
cardcastle,
card-counting,
card-cut,
card-cutting,
card-devoted,
cardea,
cardecu,
carded,yarded,barded,guarded,sharded,discarded,bombarded,retarded,unguarded,larded,safeguarded,disregarded,regarded
cardel,
cardenas,lenis,genus,intravenous,freeness,colinas,selinas,salinas,venus,penis,truthiness,enos,cutesiness,cleanness,genous,hygienists,malvinas,weeness,dominus,cenis,keenness,leanness,venous,ticinus,minas
carder,yarder,dedeurwaerder,guarder,larder,harder,marder,gaarder,ardor
carders,harders,larders
cardew,
cardholder,mossholder,titleholder,stakeholder,scolder,bolder,polder,noteholder,shoulder,shareholder,dolder,holder,householder,policyholder,golder,folder,officeholder,molder,smolder,older,stockholder,colder,unitholder,landholder,freeholder,beholder,moulder,junkholder,bondholder,boulder,nolder,debtholder
cardholders,smolders,boulders,junkholders,shoulders,freeholders,officeholders,unitholders,policyholders,moulders,stockholders,debtholders,stakeholders,bondholders,folders,householders,molders,shareholders,holders,noteholders,landholders
cardhouse,card-house,guardhouse
cardi-,yardie,riccardi,pardy,mastronardi,cardy,pardee,hardi,berardi,gagliardi,bardy,leonardi,giardi,clardy,mardi,lardy,belgarde,biscardi,tardy,cardi,accardi,dioguardi,lombardi,foolhardy,longobardi,gilardi,bacardi,hardy,licciardi,gelardi,ierardi,velardi,debernardi,girardi,velarde,bernardy,ricciardi,lusardi,ilardi,pardi,azzopardi,viscardi,bernardi,lagarde,shardy,gherardi,hardey,cardie,gerardi,gilliardi,nardi,hardie
cardia,guardia,bradycardia,laguardia,la-guardia,procardia,gardea,ardea
cardiac,mack,cutback,maniac,back,kodak,hijack,pontiac,black,ack,humpback,track,drawback,shack,lac,kickback,razorback,wisecrack,clack,hatchback,lack,slack,jacques,greenback,knapsack,eniac,flapjack,feedback,frack,yak,thwack,sac,almanac,tac,hack,pac,claque,cognac,backpack,paque,jack,fac,quack,racetrack,throwback,unpack,rack,wack,fallback,comeback,flack,yack,skipjack,crack,nymphomaniac,zodiac,chirac,tack,lilac,cadillac,counterattack,stack,knack,amnesiac,outback,payback,rollback,plaque,pak,megalomaniac,tarmac,rucksack,insomniac,sack,quarterback,flashback,smack,blackjack,flak,plack,mac,bushwhack,snack,attack,ransack,setback,aback,anorak,whack,piggyback,soundtrack,pack,dak,sidetrack,knickknack,brack,wrack,backtrack,lumberjack
cardiacal,
cardiacea,
cardiacean,
cardiacle,
cardiacs,
cardiae,
cardiagra,
cardiagram,
cardiagraph,
cardiagraphy,
cardial,
cardialgy,
cardialgia,
cardialgic,
cardiameter,
cardiamorphia,
cardianesthesia,
cardianeuria,
cardiant,
cardiaplegia,
cardiarctia,
cardias,
cardiasthenia,
cardiasthma,
cardiataxia,
cardiatomy,
cardiatrophia,
cardiauxe,
cardiazol,
cardicentesis,
cardie,yardie,riccardi,pardy,mastronardi,cardy,pardee,hardi,berardi,gagliardi,cardi-,bardy,leonardi,giardi,clardy,mardi,lardy,belgarde,biscardi,tardy,cardi,accardi,dioguardi,lombardi,foolhardy,longobardi,gilardi,bacardi,hardy,licciardi,gelardi,ierardi,velardi,debernardi,girardi,velarde,bernardy,ricciardi,lusardi,ilardi,pardi,azzopardi,viscardi,bernardi,lagarde,shardy,gherardi,hardey,gerardi,gilliardi,nardi,hardie
cardiectasis,
cardiectomy,
cardiectomize,
cardielcosis,
cardiemphraxia,
cardiff,tardiff,tardif
cardiform,
cardiga,
cardigan,
cardigans,
cardiganshire,
cardiidae,ardeidae
cardijn,
cardin,teegarden,barden,jardin,hardin,darden,dardan,lustgarten,rardon,arden,mardon,sardan,chardin,carden,varden,janardhan,ardon,parden,pardon,garden,bardin,teagarden,ardin,gardon,gelardin,marden,gardin,harden,guardin
cardinal,
cardinalate,
cardinalated,
cardinalates,
cardinal-bishop,
cardinal-deacon,
cardinalfish,
cardinalfishes,
cardinal-flower,
cardinalic,
cardinalis,
cardinalism,
cardinalist,
cardinality,
cardinalitial,
cardinalitian,
cardinalities,
cardinality's,
cardinally,
cardinal-priest,
cardinal-red,
cardinals,dardanelles
cardinalship,
cardinas,
card-index,
cardines,
carding,regarding,yardang,yarding,guarding,harding,bombarding,discarding,retarding,disregarding,barding,safeguarding,larding
cardings,
cardington,
cardio-,cardio
cardioaccelerator,
cardio-aortic,
cardioarterial,
cardioblast,
cardiocarpum,
cardiocele,
cardiocentesis,
cardiocirrhosis,
cardioclasia,
cardioclasis,
cardiod,
cardiodilator,
cardiodynamics,
cardiodynia,
cardiodysesthesia,
cardiodysneuria,
cardiogenesis,
cardiogenic,
cardiogram,
cardiograms,
cardiograph,
cardiographer,
cardiography,
cardiographic,
cardiographies,
cardiographs,
cardiohepatic,
cardioid,
cardioids,
cardio-inhibitory,
cardiokinetic,
cardiolysis,
cardiolith,
cardiology,biology,ethology,doxology,penology,morphology,kinesiology,zoology,limnology,microbiology,pharmacology,dermatology,biotechnology,methodology,deontology,toxicology,gerontology,psychology,geology,hematology,virology,urology,geomorphology,astrology,ecology,anthology,paleontology,numerology,criminology,serology,graphology,anesthesiology,gynecology,archaeology,meteorology,pathology,physiology,epistemology,micropaleontology,genealogy,terminology,enterology,etiology,thanatology,anthropology,necrology,scientology,technology,archeology,chronology,cosmetology,mineralogy,ethnology,entomology,hymnology,pomology,otology,mythology,seismology,ideology,topology,scatology,histology,sociology,ontology,egyptology,apology,rheology,immunology,endocrinology,neurology,ology,cytology,ornithology,embryology,cosmology,theology,bacteriology,mycology,petrology,opthalmology,oncology,radiology,dendrochronology,rheumatology,etymology,epidemiology,ophthalmology
cardiologic,
cardiological,
cardiologies,
cardiologist,endocrinologist,necrologist,virologist,opthalmologist,volcanologist,apologist,ideologist,oncologist,epidemiologist,radiologist,musicologist,gynecologist,gerontologist,pathologist,physiologist,anesthesiologist,dermatologist,microbiologist,archaeologist,ophthalmologist,sociologist,oligist,meteorologist,ologist,serologist,urologist,technologist,seismologist,climatologist,biologist,entomologist,pharmacologist,toxicologist,ethnomusicologist,paleontologist,ecologist,sovietologist,geologist,zoologist,mineralogist,criminologist,kremlinologist,immunologist,psychologist,scientologist,creatologist,anthropologist,rheumatologist,neurologist
cardiologists,scientologists,neurologists,paleontologists,volcanologists,radiologists,technologists,ophthalmologists,apologists,psychologists,criminologists,kremlinologists,microbiologists,biologists,entomologists,archaeologists,urologists,anthropologists,dermatologists,creatologists,sociologists,gynecologists,geologists,anesthesiologists,oncologists,necrologists,seismologists,climatologists,pathologists,zoologists,epidemiologists,ideologists,endocrinologists,toxicologists,sovietologists,virologists,ecologists,pharmacologists,meteorologists
cardiomalacia,
cardiomegaly,
cardiomegalia,
cardiomelanosis,
cardiometer,
cardiometry,
cardiometric,
cardiomyoliposis,
cardiomyomalacia,
cardiomyopathy,
cardiomotility,
cardioncus,
cardionecrosis,
cardionephric,
cardioneural,
cardioneurosis,
cardionosus,
cardioparplasis,
cardiopath,
cardiopathy,
cardiopathic,
cardiopericarditis,
cardiophobe,
cardiophobia,
cardiophrenia,
cardiopyloric,
cardioplasty,
cardioplegia,
cardiopneumatic,
cardiopneumograph,
cardioptosis,
cardiopulmonary,apothecary,mary,confectionary,mulberry,monastery,seminary,imaginary,military,fairy,extraordinary,carry,preliminary,ferry,dictionary,estuary,wary,gooseberry,pulmonary,necessary,sanctuary,culinary,proprietary,scary,secretary,huckleberry,adversary,visionary,missionary,revolutionary,corollary,cemetery,hereditary,discretionary,confectionery,harry,parry,obituary,merry,barre,customary,cautionary,cherry,fiduciary,vary,legendary,sanitary,unitary,mercenary,luminary,vocabulary,contemporary,emissary,stationery,subsidiary,pecuniary,eyrie,tertiary,primary,unnecessary,ary,arie,library,aerie,canary,strawberry,raspberry,tributary,ordinary,prairie,marry,commentary,sedentary,february,veterinary,contrary,ancillary,lapidary,literary,very,hairy,arbitrary,solitary,secondary,stationary,itinerary,dairy,reactionary,capillary,blueberry,berry,airy,epistolary,temporary,salutary,beneficiary,monetary,judiciary,nary,tarry,bury
cardiopuncture,
cardiorenal,
cardiorespiratory,
cardiorrhaphy,
cardiorrheuma,
cardiorrhexis,
cardioschisis,
cardiosclerosis,
cardioscope,
cardiosymphysis,
cardiospasm,
cardiospermum,
cardiosphygmogram,
cardiosphygmograph,
cardiotherapy,
cardiotherapies,
cardiotomy,
cardiotonic,
cardiotoxic,
cardiotoxicity,
cardiotoxicities,
cardiotrophia,
cardiotrophotherapy,
cardiovascular,gastrovascular,vascular
cardiovisceral,
cardipaludism,
cardipericarditis,
cardisophistical,
cardita,
carditic,
carditis,
carditises,
cardito,
cardium,myocardium
cardlike,
cardmaker,
cardmaking,
cardo,nardoo,tardo,sardou
cardol,mcardle,nardil,kardell,sardel,mccardle,fardel,mccardell
cardon,juan,avalon,flawn,non,yon,capon,yuan,argon,con,yawn,micron,bon,gone,pawn,nylon,han,parmesan,tron,pecan,photon,hon,agamemnon,babylon,denouement,celadon,amazon,hogan,amadon,prawn,pion,hexagon,antiphon,baton,crayon,proton,swan,paragon,lawn,don,aileron,on,dawn,quan,chiffon,phenomenon,salon,moron,khan,wan,ron,foregone,polygon,sean,braun,gabon,pantheon,iran,pylon,aragon,axon,fawn,forgone,radon,spawn,brawn,mastodon,automaton,octagon,epsilon,oberon,boron,john,pentagon,exon,lexicon,echelon,neutron,liaison,coupon,oregon,marathon,oman,bygone,drawn,rapprochement,meson,woebegone,carillon,emoticon,upon,withdrawn
cardona,ancona,kona,colonna,escalona,debona,choana,varona,caradonna,cona,bivona,wrona,zona,simona,barcelona,sedona,daddona,iacona,jonah,lona,pamplona,iona,korona,dibona,friona,corona,rona,yona,orona,oana,dimona,idona,desmona,daytona,alzona,gaona,mona,latona,kimono,ilona,cappadona,katona,persona,arizona,aragona,diona,deltona,cutrona,pomona,krone,anona,savona,carmona,dona,doanna,verona,celona,barahona,sagona,bona,goanna,azcona,shona,wynona,vona,fiona,perona,ramona,krona
cardoncillo,
cardooer,
cardoon,lagoon,shewn,moon,toon,cocoon,mattoon,festoon,brune,spoon,bassoon,poon,goon,noon,strewn,calhoon,muldoon,contrabassoon,troon,kroon,rangoon,pantaloon,rune,bethune,suine,platoon,buffoon,dune,kuhn,swoon,shoon,croon,magoon,prune,tycoon,koon,suen,teaspoon,immune,coon,galloon,picayune,soon,saskatoon,hoon,cancun,midafternoon,typhoon,boon,tune,opportune,clune,saloon,witherspoon,inopportune,shoen,honeymoon,calhoun,hewn,impugn,noone,yoon,tablespoon,lampoon,raccoon,balloon,gruen,harpoon,monsoon,afternoon,pontoon,baboon,moone,commune,cahoon,maroon,cameroon,june,attune,loon,sassoon,terhune,boone,laffoon,cartoon,jeune
cardoons,
cardophagus,
cardosanto,
cardozo,pozo,delpozo,gozo,rapozo,cuozzo,kozo
card-perforating,
cardplayer,
cardplaying,
card-printing,
cardroom,guardroom
cards,hards,scorecards,diehards,stockyards,flashcards,jards,postcards,shipyards,mastercards,disregards,nards,yards,backyards,bodyguards,lumberyards,junkyards,bernards,bards,graveyards,courtyards,datacards,hildegardes,discards,shards,guards,safeguards,bankcards,lifeguards,regards,blowhards,lards,boulevards,retards,sards
cardshark,
cardsharp,
cardsharper,
cardsharping,
cardsharps,
card-sorting,
cardstock,
carduaceae,
carduaceous,
carducci,denucci,allamuchy,castellucci,carucci,ikeuchi,vellucci,coochie,bellucci,cucci,salvucci,castrucci,gucci,rucci,mucci,grucci,antenucci,horiguchi,micucci,masucci,yamauchi,ciucci,bucci,pascucci,tucci,fucci,adduci,fiorucci,marcucci,bertolucci,santucci,antonucci,kikuchi,lucci,ferrucci,gallucci,baluchi,balducci,higuchi,yamaguchi,tabuchi,marucci,sakaguchi,reppucci,berarducci,buchi,petrucci,bertucci,paolucci,bonaduce,melucci,takeuchi,ucci,minicucci,hoochie,taniguchi,iacobucci,vitucci,kawaguchi,colucci,carlucci,noguchi,martucci,marinucci,nucci,mariucci,pucci,mattucci,narducci,iannucci,angelucci,matteucci,cellucci,massucci,bartolucci,yamanouchi,horiuchi,maffucci,banducci,vertucci,ragucci,vannucci,chattahoochee
cardueline,
carduelis,
car-dumping,
carduus,
cardville,
cardwell,shell,seashell,dell,farewell,stairwell,retell,cel,pastel,bell,oversell,sel,personnel,groundswell,tell,adele,carousel,snell,pell,marcel,repel,belle,isabel,lapel,fell,rebel,infidel,fidel,befell,well,cell,mel,del,accel,quell,hotel,elle,manuel,maxwell,bel,quel,chanel,intel,barbell,knell,clientele,doorbell,dwell,resell,tel,smell,yell,decibel,ell,carmel,gel,compel,parallel,materiel,misspell,gazelle,spell,morel,bombshell,nell,jell,expel,excel,carel,raphael,foretell,nobel,nutshell,eggshell,aol,zinfandel,dumbbell,swell,bluebell,mell,ravel,undersell,hell,sell,el,propel,cowbell,outsell,citadel,michelle,caravel,mademoiselle,cartel,noel,motel,impel,rangel,bethel,dispel,l
care,hair,bare,mohair,impair,cher,doctrinaire,clare,snare,warfare,blare,hardware,where,dare,tear,chair,nowhere,guerre,affair,everywhere,pare,their,bear,forebear,scare,fanfare,elsewhere,cookware,compare,childcare,blair,airfare,medicare,nightmare,terre,mer,faire,delaware,healthcare,wear,claire,spare,threadbare,millionaire,there,hare,err,fair,beware,software,square,debonair,anywhere,prayer,pair,earthenware,declare,thoroughfare,prepare,bair,rare,clair,fare,underwear,questionnaire,flare,heir,solitaire,altair,air,lair,daycare,malware,ensnare,ware,swear,stair,mare,gare,flair,despair,unfair,welfare,footwear,dispair,pear,ere,eyre,share,aware,stare,glare,aer,forswear,repair,armchair,extraordinaire,lare,unaware,timeshare
careaga,
care-bewitching,
care-bringing,
care-charming,
carecloth,
care-cloth,
care-crazed,
care-crossed,
cared,repaired,aired,unprepared,glared,haired,impaired,wared,scared,zared,baird,fared,aird,shared,compared,spared,paired,hared,dared,faired,blared,unimpaired,despaired,bared,ensnared,pared,snared,shorthaired,squared,prepared,flared,stared,undeclared,erred,laird,declared,chaired
care-defying,
care-dispelling,
care-eluding,
careen,undine,libertine,saline,tangerine,evergreen,wean,queen,seen,halloween,treen,obscene,umpteen,marine,amin,lien,argentine,magazine,demean,lean,wolverine,teen,hygiene,nene,peregrine,figurine,aniline,vien,preteen,internecine,mien,mein,preen,eugene,bromine,spleen,kerosene,dean,sabine,tourmaline,between,gene,scene,agin,jean,gasoline,labyrinthine,sardine,aquamarine,unforeseen,keen,guillotine,screen,thirteen,sistine,limousine,florentine,irene,routine,convene,vaccine,sheen,opaline,foreseen,selene,reconvene,fifteen,byzantine,casein,quarantine,ravine,trampoline,baleen,glean,gelatine,philistine,clementine,serene,canteen,latrine,caffeine,protein,holstein,cuisine,geraldine,feine,mezzanine,green,clean,augustine,sunscreen,amphetamine,mean,contravene,machine,murine,leen,intervene,aberdeen,submarine,bean
careenage,
care-encumbered,
careened,piend,beaned,keened,intervened,mckeand,cleaned,reconvened,machined,leaned,greened,convened,queened,gleaned,quarantined,weaned,teind,spleened,fiend,yeaned,screened,demeaned,preened
careener,
careeners,
careening,tweening,cleaning,intervening,quarantining,keening,demeaning,housecleaning,gleaning,preening,meaning,greening,queening,leaning,beaning,drycleaning,convening,weaning,machining,steening,peening,screening
careens,keens,nitrosamines,marines,eanes,magazines,philippines,smithereens,denes,soybeans,philistines,sunscreens,ravines,fifteens,beans,viens,screens,greens,queans,alkenes,spleens,miens,carotenes,quarantines,limousines,peregrines,canteens,skeens,reconvenes,gabardines,jeans,scenes,evergreens,weans,demeans,opalines,peens,martines,cuisines,eighteens,phillipines,gasolines,libertines,submarines,leans,latrines,liens,geans,vaccines,weins,mangosteens,brenes,proteins,betweens,sixteens,cleans,machines,amphetamines,routines,psenes,sardines,deines,eritreans,saenz,queens,genes,appleans,figurines,slovenes,jeanes,sheens,fourteens,gleans,menes,convenes,preteens,penes,argentines,intervenes,bylines,newsmagazines,means,tangerines,teens,wiens,caesareans,deans
career,mir,sneer,gear,kier,belvedere,marketeer,premiere,stratosphere,tear,teer,brere,stere,rainier,persevere,austere,sheer,fier,midyear,cheer,veer,interfere,shear,dear,domineer,insincere,mere,peer,beer,reindeer,smear,spear,stear,rear,jeer,kir,spere,wier,adhere,biosphere,greer,meir,sphere,souvenir,hemisphere,revere,pier,profiteer,racketeer,severe,premier,speer,frontier,shere,sear,fleer,zaire,bombardier,near,commandeer,sere,brigadier,emir,veneer,volunteer,chandelier,bandolier,bere,atmosphere,deere,cohere,mountaineer,sincere,clear,chevalier,financier,cashier,lear,neer,headgear,unclear,auctioneer,engineer,deer,yesteryear,reappear,pioneer,year,queer,cavalier,gere,mear,vere,amir,appear,fear,frere,disappear,steer
careered,
careerer,
careerers,
careering,appearing,interfering,disappearing,gearing,gering,smearing,shearing,clearing,veering,adhering,racketeering,spearing,persevering,dering,auctioneering,tearing,volunteering,pioneering,fearing,cheering,searing,dearing,mountaineering,engineering,deering,schwering,oceaneering,rearing,bioengineering,reengineering,steering,premiering,imagineering,revering,domineering,profiteering,nearing,sneering,electioneering
careeringly,
careerism,
careerist,clearest,lyrist,severest,nearest,dearest
careeristic,
careers,financiers,veneers,electioneers,premiers,wagoneers,engineers,miears,bombardiers,souvenirs,appears,spears,beers,coheres,marketeers,budgeteers,racketeers,tears,peers,arrears,cavaliers,sneers,cashiers,debeers,years,adheres,steers,biospheres,pamphleteers,berkshires,summiteers,fears,ears,cheers,schweers,piers,smears,veers,mears,disappears,speirs,tangiers,clears,nears,queers,sweers,rears,profiteers,viers,sears,bandoliers,gears,conventioneers,interferes,mountaineers,mutineers,reappears,perseveres,volunteers,algiers,reveres,auctioneers,spheres,desrosiers,premieres,gondoliers,frontiers,pioneers
career's,
carefox,
care-fraught,
carefree,sea,bee,spree,esprit,pony,machete,banshee,ne,me,plea,flea,mi,three,knee,precis,pee,guarantee,tea,referee,turnkey,lessee,payee,quay,z,fee,manatee,pea,yee,emcee,scree,ac,ski,degree,dee,d,di,kabuki,repartee,qi,see,sunday,debris,oversee,guaranty,tv,nestle,idiosyncrasy,xi,trustee,tree,apogee,de,actuary,lea,t,cree,foresee,be,hee,snee,agree,marquis,marquee,c,si,b,cc,decree,free,ree,nee,ghee,asap,jubilee,hyperbole,we,v,hawaii,calliope,p,lee,bourgeoisie,e,flee,indri,pre,syncope,tee,glee,g,he,ye,potpourri,she,reality,wee,key,partee,thee,gee
carefreeness,
careful,dareful,wareful,gerful,prayerful
carefull,
carefuller,
carefullest,
carefully,
carefulness,warefulness
carefulnesses,
carey,apothecary,mary,confectionary,mulberry,monastery,seminary,imaginary,military,fairy,extraordinary,carry,preliminary,ferry,dictionary,estuary,wary,gooseberry,pulmonary,necessary,sanctuary,culinary,proprietary,scary,secretary,huckleberry,adversary,visionary,missionary,revolutionary,corollary,cemetery,hereditary,discretionary,confectionery,harry,parry,obituary,merry,barre,customary,cautionary,cherry,fiduciary,vary,legendary,sanitary,unitary,mercenary,luminary,vocabulary,contemporary,emissary,stationery,subsidiary,pecuniary,eyrie,tertiary,primary,unnecessary,ary,arie,library,aerie,canary,strawberry,raspberry,tributary,ordinary,prairie,marry,commentary,sedentary,february,veterinary,contrary,ancillary,lapidary,literary,very,hairy,arbitrary,solitary,secondary,stationary,itinerary,dairy,reactionary,capillary,blueberry,berry,airy,epistolary,temporary,salutary,beneficiary,monetary,judiciary,nary,tarry,bury
careys,
careywood,
care-killing,
carel,shell,seashell,zel,dell,farewell,stairwell,retell,cel,pastel,bell,oversell,sel,personnel,groundswell,tell,adele,carousel,snell,pell,marcel,repel,belle,isabel,lapel,fell,rebel,infidel,fidel,befell,well,cell,mel,del,accel,quell,hotel,elle,manuel,maxwell,bel,quel,chanel,intel,barbell,knell,clientele,doorbell,dwell,resell,tel,smell,yell,decibel,ell,carmel,gel,compel,parallel,materiel,misspell,gazelle,spell,morel,bombshell,nell,jell,expel,excel,raphael,foretell,nobel,nutshell,eggshell,aol,zinfandel,dumbbell,swell,bluebell,mell,ravel,undersell,hell,sell,el,propel,cowbell,outsell,citadel,michelle,caravel,mademoiselle,cartel,noel,motel,impel,rangel,bethel,dispel,l
care-laden,
careless,fairless,spareless,hairless,wareless,airless,heirless
carelessly,
carelessness,hairlessness,airlessness
carelessnesses,
care-lined,
careme,
caren,beron,haren,mclaren,paren,cerin,mcfarren,faren,herron,yaron,aran,pteron,kerin,marin,guerin,lebaron,theron,geron,ferron,charron,ehren,terin,geran,alaron,barren,karon,serin,karin,betakeren,perrin,herrin,hairen,veron,charon,teran,perron,ferran,herin,aaron,barron,mehran,baren,aeron,karan,herren,aron,schwerin,maren,farren,maclaren,karen,beran,ferrin,garin,sherrin,heron,sharon,terran,marron,sherin,waren,faron,farron,baron,seron
carena,sabrina,fraena,sabena,salina,angelina,dina,martina,sardina,melvina,magdalena,patina,erina,jeana,subpoena,tina,vina,domina,athena,philomena,rina,irina,macarena,edina,herzegovina,catena,neenah,rowena,sheena,bina,valentina,nina,reina,avina,concertina,rosina,seraphina,mina,argentina,vena,farina,galena,ianthina,spina,faena,krajina,cartagena,rena,quina,celina,gardena,latina,proserpina,mena,siena,hercegovina,davina,ballerina,semolina,veena,cantina,xena,pyrena,lena,messina,sabina,dena,florentina,hyena,cristina,jena,bettina,vaccina,georgina,marina,alcina,cortina,christina,purina,covina,serafina,verbena,alina,ina,molina,zena,arena,gina,cadena,lina,catalina,gallina,albina,selena,adina,pina,katrina,medina,regina,serena
carencro,
carene,gyrene,pyrene,sirene,cyrene,murein,bahrein,arene
carenton,
carer,fairer,wearer,harar,darer,error,snarer,preparer,barer,kehrer,airer,sherrer,stretcher-bearer,ferrer,harer,squarer,starer,parer,rarer,pairer,terror,seafarer,scharer,bearer,mehrer,sharer,scherrer,lehrer,sparer,standard-bearer,scarer,terrar,farer
carers,
cares,americares,housewares,xers,sayres,prayers,khmers,pares,gerres,repairs,chairs,lairs,upstairs,somewheres,ensnares,theirs,scares,wares,fiduciares,pears,mares,backstairs,armchairs,bankshares,compares,chaires,multimillionaires,prepares,impairs,glares,stares,bears,nightmares,daycares,fares,theres,downstairs,shares,tears,snares,wheelchairs,millionaires,bures,hares,wears,spares,thoroughfares,jares,freres,stairs,flares,gehres,legionnaires,forebears,billionaires,questionnaires,blares,unawares,swears,hairs,airs,phares,errs,mairs,berres,dares,faires,despairs,affairs,bares,declares,frontieres,heirs,fairs,airfares,pairs,squares,ayres
caresa,
care-scorched,
caress,profess,bless,regress,redress,undress,acquiesce,convalesce,nes,coalesce,tress,requests,dress,s,bess,oppress,mess,headdress,noblesse,jess,ccs,yes,hesse,cmos,reassess,oas,dss,largesse,repress,ess,repossess,impress,cress,letterpress,access,egress,fesse,press,nonetheless,ness,wes,ques,inverness,excess,dispossess,gesse,fress,attests,chess,less,ts,cbs,ls,abs,finesse,depress,hess,address,abscess,digress,fess,les,obsess,es,gress,outguess,guess,possess,presse,ines,ws,stress,confess,overdress,aggress,lcs,compress,esse,distress,nevertheless,process,uss,express,assess,watercress,unless,fluoresce,success,suppress,recess,transgress,progress,tess
caressa,
caressable,
caressant,
caresse,mijares,minjares,xers,valladares,vares,palomares,tabares,solares,alvares,olivares,cazares,casares,tavares,manzanares
caressed,southwest,impressed,breast,brest,suggest,best,retest,blessed,guest,ingest,feste,headrest,digressed,obsessed,jest,confessed,messed,unimpressed,acquiesced,depressed,armrest,prest,oppressed,budapest,celeste,dest,quest,incest,attest,protest,expressed,crest,nest,assessed,arrest,invest,west,accessed,possessed,fest,mest,drest,suppressed,inquest,detest,geste,finessed,este,manifest,digest,coalesced,contest,progressed,midwest,molest,bucharest,slugfest,chest,recessed,blest,addressed,wrest,alkahest,behest,dispossessed,test,goldcrest,yest,undressed,lest,northwest,self-professed,infest,rest,congest,bequest,unrest,abreast,vest,request,distressed,professed,repressed,compressed,pressed,gest,pest,stressed,guessed,teste,transgressed,divest,reinvest,zest,backrest,dressed
caresser,
caressers,
caresses,suppresses,messes,oppresses,blesses,expresses,stresses,digresses,cresses,confesses,distresses,empresas,guesses,tresses,impresses,dresses,professes,successes,possesses,progresses,chesses,coalesces,yeses,jesses,headdresses,obsesses,addresses,assesses,compresses,depresses,presses,outguesses,excesses
caressing,cessing,messing,accessing,compressing,impressing,depressing,hairdressing,dressing,expressing,possessing,reassessing,transgressing,assessing,confessing,redressing,blaesing,stressing,professing,coalescing,oppressing,distressing,blessing,outguessing,progressing,suppressing,addressing,digressing,acquiescing,repressing,recessing,obsessing,lessing,hessing,guessing,pressing
caressingly,
caressive,
caressively,
carest,
caret,garett,arret,marat,claret,bharat,barret,jarret,carot,jarratt,garrotte,marett,sarrett,barrett,arraught,garritt,garrett,carotte,garotte,marut,barratt,sharrett,garrott,garrot,starrett,parrett,carrot
caretake,
caretaken,
caretaker,homemaker,toolmaker,automaker,faker,boilermaker,raker,candlemaker,filmmaker,strikebreaker,fenstermaker,achor,wannamaker,blaker,shaker,haymaker,laker,hatmaker,moneymaker,wanamaker,saker,staker,undertaker,acre,slaymaker,chipmaker,dealmaker,taker,lawmaker,basketmaker,codebreaker,muckraker,dressmaker,shoemaker,printmaker,craker,kraker,carmaker,waker,peacemaker,flaker,quaker,newsmaker,glassmaker,kingmaker,studebaker,breaker,policymaker,matchmaker,aker,baker,lawbreaker,troublemaker,pacemaker,drugmaker,moviemaker,rainmaker,bakker,icebreaker,steelmaker,oddsmaker,toymaker,maker,braker,straker
care-taker,
caretakers,foodmakers,steelmakers,icebreakers,matchmakers,carmakers,oddsmakers,peacemakers,akers,toolmakers,breakers,troublemakers,moneymakers,quakers,marketmakers,bakkers,haymakers,policymakers,moviemakers,toymakers,takers,lakers,shoemakers,rakers,chipmakers,newsmakers,acres,printmakers,dealmakers,lawmakers,bakers,kingmakers,drugmakers,fakers,makers,pacemakers,notetakers,shakers,strikebreakers,lawbreakers,codebreakers,dressmakers,filmmakers,automakers,homemakers
caretakes,
caretaking,
care-tired,
caretook,
carets,starets,marotz,clarets,carrots,garrottes
caretta,chiretta
carettochelydidae,
care-tuned,
carew,narew,karroo,larew,karoo,daroo,pareu
careworn,
care-wounded,
carex,varix,larix,araxes,araks,barracks
carf,
carfare,
carfares,
carfax,
carfloat,
carfour,
,
