phaseal,
phase-contrast,
phased,amazed,unfazed,crazed,brazed,appraised,dazed,praised,grazed,raised,mazed,braised,phrased,glazed,gazed,hazed,razed,fazed,blazed,reappraised,rased,fraised,lazed
phaseless,phraseless,praiseless,hazeless
phaselin,
phasemeter,
phasemy,
phaseolaceae,
phaseolin,
phaseolous,
phaseolunatin,
phaseolus,
phaseometer,
phaseout,lookout,pout,rout,sprout,cutout,roundabout,handout,stout,sauerkraut,tryout,drought,turnout,washout,buyout,burnout,standout,knout,printout,readout,lout,blowout,ridout,breakout,glout,trout,timeout,hangout,reroute,grout,snout,bailout,dropout,hideout,throughout,route,without,fallout,lockout,tout,workout,bout,shout,takeout,rollout,clout,holdout,devout,dugout,all-out,scout,flout,gout,knockout,layout,out,payout,spout,about,blackout,doubt,checkout,cookout,redoubt
phaseouts,
phaser,kaeser,fundraiser,raiser,hazor,gazer,frazer,stargazer,blazar,kayser,grazer,appraiser,rukeyser,laser,braiser,lazar,nazer,gazar,heyser,trailblazer,razor,razer,raisor,gaiser,hellraiser,peyser,lazer,qasr,taser,hazer,blaser,kaser,phasor,glaeser,graeser,maser,glaser,naser,fraser,thaser,glazer,raser,blazer,blaiser,mazer,praiser,rasor,graser
phasers,
phases,raises,brazes,mazes,braises,crases,appraises,dazes,fazes,gazes,amazes,phrases,hazes,razes,blazes,glazes,grazes,cabezas,crazes,praises
phaseun,
phase-wound,
phasia,
phasianella,
phasianellidae,
phasianic,
phasianid,
phasianidae,
phasianinae,
phasianine,
phasianoid,
phasianus,
phasic,plazic,gasich
phasing,grazing,blazing,praising,phrasing,childraising,braising,brazing,razing,mazing,paraphrasing,amazing,raising,dazing,crazing,glazing,fazing,gazing,lazing,appraising,blasing,houseraising,overgrazing,rasing,hazing
phasiron,
phasis,daisies,crazies
phasitron,
phasm,spasm,plasm,plasm-,iconoclasm,shazam,cytoplasm,neoplasm,phantasm,chasm,enthusiasm,sarcasm
phasma,
phasmajector,
phasmatid,
phasmatida,
phasmatidae,
phasmatodea,
phasmatoid,
phasmatoidea,
phasmatrope,
phasmid,
phasmida,
phasmidae,
phasmids,
phasmoid,
phasmophobia,
phasogeneous,
phasor,kaeser,fundraiser,raiser,hazor,gazer,frazer,stargazer,blazar,kayser,grazer,appraiser,rukeyser,laser,braiser,lazar,phaser,nazer,gazar,heyser,trailblazer,razor,razer,raisor,gaiser,hellraiser,peyser,lazer,qasr,taser,hazer,blaser,kaser,glaeser,graeser,maser,glaser,naser,fraser,thaser,glazer,raser,blazer,blaiser,mazer,praiser,rasor,graser
phasotropy,
phat,
phathon,
phatic,socratic,symptomatic,diagrammatic,democratic,mattock,systematic,erratic,operatic,prostatic,klezmatic,bureaucratic,hyperchromatic,adriatic,homeostatic,undemocratic,programmatic,telematic,pneumatic,hanseatic,matic,idiomatic,diplomatic,acrobatic,hippocratic,emblematic,charismatic,asthmatic,emphatic,problematic,cinematic,aristocratic,technocratic,lymphatic,sensormatic,ecstatic,idiosyncratic,autocratic,batak,fanatic,thematic,mattick,mathematic,asymptomatic,numismatic,aquatic,aerobatic,snattock,asiatic,dogmatic,electrostatic,traumatic,pragmatic,informatic,pratique,austroasiatic,phlegmatic,patak,pratic,aromatic,monochromatic,prismatic,phosphatic,enzymatic,epigrammatic,schematic,psychosomatic,melodramatic,shattuck,pancreatic,static,semiautomatic,rheumatic,enigmatic,axiomatic,posttraumatic,dramatic,undiplomatic,automatic,hepatic,vatic,theocratic,climatic
phatically,
phc,
phd,
pheal,
phearse,
pheasant,bezzant,present,besant,peasant,omnipresent,unpleasant,pleasant
pheasant-eyed,
pheasant-plumed,
pheasantry,peasantry,pleasantry
pheasants,pleasants,peasants,presents
pheasant's,
pheasant's-eye,
pheasant's-eyes,
pheasant-shell,
pheasant-tailed,
pheasantwood,
pheb,
pheba,
phebe,abitibi,leiby,gleby,bebe,freebee,habibie,smeby,habibi,hebei,seabee,phoebe,eby,uribe,tahmassebi,freebie,beeby,ribi,nashashibi
phecda,
phedra,savedra,hedra,sabedra,edra
phedre,
pheeal,
phegeus,
phegopteris,
pheidippides,
pheidole,
phelan,bellon,kaelin,chelan,ghrelin,felon,lewellen,melon,helin,hellen,sellin,snellen,llewellyn,belin,bellin,kellan,helen,belen,melin,ehlen,medellin,mellon,excelan,wellen,felan,mellen,flewellen,pelon,ellan,yellin,kellen,lewellyn,mcclellan,selin,jelen,watermelon,dellen,delane,thelin,yellen,fellin,tellen,thelen,ellen,mellin,whelan,muskmelon,vellon,maclellan,mclellan,sellen,beilin,magellan
phelgen,
phelgon,
phelia,
phelips,
phellandrene,
phellem,kellum,celom,antebellum,pellum,kellam,melam,bellum,flagellum,zelem,melhem,mellem,velum,vellum,felim,kelim,elam,jhelum,skellum,pelham
phellems,
phello-,
phellodendron,
phelloderm,
phellodermal,
phellogen,telogen
phellogenetic,
phellogenic,
phellonic,
phelloplastic,
phelloplastics,
phellum,
phelonia,
phelonion,
phelonionia,
phelonions,
phelps,kelps,felps,helps,whelps
phemerol,
phemia,
phemic,
phemie,
phemius,
phen-,kren,airmen,zen,minutemen,gwen,playpen,pen,n,wren,senn,men,phen,den,amen,venn,chien,nguyen,chen,fenn,tenne,nexgen,shenzhen,denn,tenn,comedienne,ten,wen,tien,benn,glen,when,thegn,sdn,en,cayenne,henn,chretien,sven,bullpen,ben,gen,gunmen,sten,cheyenne,benne,behn,henne,len,parisienne,gren,sen,splen,glenn,hen,yen,plzen,bren,penne,biogen,businessmen,lpn,antenne,madeleine,renne,ken,then,asean,turkmen,middlemen,adrienne,penn,shen,cnn,fen,handymen,almaden,ren,jen,clergymen,duchenne,penh,again,yuen
phenacaine,
phenacetin,
phenacetine,
phenaceturic,
phenacyl,
phenacite,
phenacodontidae,
phenacodus,
phenakism,
phenakistoscope,
phenakite,
phenalgin,
phenanthraquinone,
phenanthrene,
phenanthrenequinone,
phenanthridine,
phenanthridone,
phenanthrol,
phenanthroline,
phenarsine,
phenate,crenate
phenates,
phenazin,
phenazine,
phenazins,
phenazone,
phene,gene,trampoline,clean,vaccine,convene,sunscreen,treen,clementine,vien,green,fifteen,byzantine,teen,gelatine,jean,protein,mezzanine,labyrinthine,feine,intervene,foreseen,queen,gasoline,spleen,amin,unforeseen,cuisine,bean,quarantine,saline,thirteen,augustine,latrine,aniline,agin,geraldine,caffeine,aquamarine,scene,lean,glean,eugene,wean,screen,internecine,libertine,kerosene,contravene,dean,florentine,opaline,guillotine,lien,limousine,careen,submarine,amphetamine,reconvene,tangerine,sistine,keen,between,canteen,mien,selene,aberdeen,ravine,halloween,demean,sabine,irene,umpteen,serene,undine,hygiene,figurine,baleen,mean,nene,peregrine,seen,argentine,preen,sardine,holstein,casein,wolverine,routine,marine,obscene,murine,magazine,sheen,machine,bromine,philistine,mein,leen,evergreen,tourmaline
phenegol,
phenelzine,
phenene,
phenethicillin,
phenethyl,
phenetic,henotic,phrenetic,stenotic,sphenotic,venetic,threnetic
pheneticist,
phenetics,
phenetidin,
phenetidine,
phenetol,genital,congenital
phenetole,
phenetols,
phenformin,
phengite,
phengitical,
pheni,
pheny,
phenic,scenic,sphenic,phrenic,wieneke,enoch,wienecke,sthenic,neotenic,splenic,genic,greenock
phenica,
phenicate,
phenice,
phenicia,benicia
phenicine,
phenicious,
phenicopter,
phenyl,quenelle,environmental,henle,tennell,transcendental,instrumental,developmental,accidental,transcontinental,xenyl,elemental,oriental,supplemental,incremental,kennell,gentle,benel,detrimental,quennel,fehnel,fundamental,fennell,occidental,chenille,haenel,dental,experimental,crenel,monumental,pennell,continental,fennel,phenol,grenell,departmental,crenelle,sentimental,wennel,pennel,kennel,judgmental
phenylacetaldehyde,
phenylacetamide,
phenylacetic,
phenylaceticaldehyde,
phenylalanine,
phenylamide,
phenylamine,
phenylate,
phenylated,
phenylation,
phenylbenzene,
phenylboric,
phenylbutazone,
phenylcarbamic,
phenylcarbimide,
phenylcarbinol,
phenyldiethanolamine,
phenylene,
phenylenediamine,
phenylephrine,
phenylethylene,
phenylethylmalonylure,
phenylethylmalonylurea,
phenylglycine,
phenylglycolic,
phenylglyoxylic,
phenylhydrazine,
phenylhydrazone,
phenylic,xenylic,cenelec
phenylketonuria,
phenylketonuric,
phenylmethane,
phenyls,
phenylthiocarbamide,
phenylthiourea,
phenin,
phenine,
phenix,fennecs,lennox,enochs,pennex,cryogenics,identics,pennix,xenix,calisthenics,enix,lenox,eugenics,penix
phenixes,
phenmetrazine,
phenmiazine,
pheno-,phreno-,stheno,denno,spheno,briseno,steno-,eno,menow,steno,xeno-,carreno,escareno,centeno,saraceno,fenno,ceno-,ueno,mareno,angeleno,leno,renno,spleno,tenno,zermeno,spleno-,spheno-,visenteno,cedeno,teno-,briceno,pheno,speno,benno,phreno
phenobarbital,
phenobarbitol,
phenobarbitone,
phenocain,
phenocoll,
phenocopy,
phenocopies,
phenocryst,xenocryst
phenocrystalline,
phenocrystic,
phenogenesis,
phenogenetic,
phenol,quenelle,environmental,henle,tennell,transcendental,instrumental,phenyl,developmental,accidental,transcontinental,xenyl,elemental,oriental,supplemental,incremental,kennell,gentle,benel,detrimental,quennel,fehnel,fundamental,fennell,occidental,chenille,haenel,dental,experimental,crenel,monumental,pennell,continental,fennel,grenell,departmental,crenelle,sentimental,wennel,pennel,kennel,judgmental
phenolate,crenellate
phenolated,
phenolia,
phenolic,diastolic,wallack,polich,kowalik,collick,molock,paulick,bollock,holick,parabolic,hollick,walloch,hyperbolic,wollack,krolick,bucolic,pawlik,metabolic,pollok,bolich,wallich,workaholic,nikolic,symbolic,wallick,nonalcoholic,pawlak,pollack,falik,balik,mccolloch,kovalik,wallach,bialik,gawlik,melancholic,hydraulic,alcoholic,frolic,folic,rollick,michalec,vitriolic,bolick,pollick,malec,anabolic,pollak,cholic,kralik,pollock,paulik,zapalac,glycolic
phenolics,
phenoliolia,
phenolion,
phenolions,
phenolization,
phenolize,
phenology,phrenology,splenology,enology,kinology,punnology,quinology
phenologic,
phenological,phrenological,penological,sinological,enological
phenologically,
phenologist,
phenoloid,
phenolphthalein,malin,bailin,venezuelan,veillon,kalen,keylon,galen,alun,calan,galan,taillon,neylon,balan,baylen,whalen,walen,kalan,malan,bailon,bailyn,beilin,caylin
phenol-phthalein,
phenols,continentals,rennels,orientals,fundamentals,gentles,kennels,dentals,instrumentals
phenolsulphonate,
phenolsulphonephthalein,
phenolsulphonic,
phenom,menam,frenum,plenum,genom,denim,venom,denham,denomme,obshchestvennom,glenham,menem
phenomena,nomina,romana,homona
phenomenal,hominal,nominal,abdominal
phenomenalism,
phenomenalist,
phenomenalistic,
phenomenalistically,
phenomenalists,
phenomenality,
phenomenalization,
phenomenalize,
phenomenalized,
phenomenalizing,
phenomenally,nominally
phenomenalness,
phenomenic,
phenomenical,
phenomenism,
phenomenist,
phenomenistic,
phenomenize,
phenomenized,
phenomenology,
phenomenologic,
phenomenological,
phenomenologically,
phenomenologies,
phenomenologist,
phenomenon,pentagon,parmesan,brawn,micron,pawn,bygone,quan,carillon,octagon,aileron,rapprochement,fawn,braun,amadon,dawn,automaton,foregone,coupon,forgone,polygon,drawn,neutron,yon,upon,salon,iran,non,koran,lawn,pylon,hogan,moron,con,mastodon,paragon,marathon,axon,han,photon,epsilon,argon,denouement,juan,chiffon,withdrawn,celadon,john,radon,boron,yawn,nylon,liaison,antiphon,avalon,oberon,sean,aragon,ron,exon,agamemnon,swan,tron,crayon,proton,gabon,hexagon,spawn,hon,gone,oregon,prawn,pecan,wan,flawn,on,bon,oman,lexicon,pantheon,capon,baton,don,khan,woebegone,pion,amazon,yuan,echelon,babylon,meson,emoticon
phenomenona,
phenomenons,
phenoms,
phenoplast,tonoplast,monoplast
phenoplastic,
phenoquinone,
phenosafranine,
phenosal,
phenose,anoas,lanose,winnows,spinose,venose,crinose
phenosol,
phenospermy,
phenospermic,
phenothiazine,
phenotype,cripe,sipe,blowpipe,syp,swipe,tailpipe,linotype,shipe,blype,snipe,gipe,grype,tintype,gripe,tripe,wipe,prototype,ferrotype,skype,genotype,pinstripe,monotype,overripe,hype,slype,bagpipe,stereotype,teletype,subtype,ripe,slipe,archetype,knipe,pipe,type,lipe,stripe,flipe,stipe
phenotypes,types,stipes,gripes,archetypes,prototypes,stereotypes,slipes,shipes,blowpipes,pinstripes,wipes,stripes,teletypes,sipes,bagpipes,cripes,pipes,swipes,genotypes,snipes,hypes
phenotypic,philippic,ipock,atypic
phenotypical,genotypical
phenotypically,genotypically
phenoxazine,
phenoxy,
phenoxybenzamine,
phenoxid,
phenoxide,
phenozygous,
phentolamine,
pheochromocytoma,phaeochromocytoma
pheon,fleen,paean,abyssinian,meighan,theon,fujian,achaean,sofian,mycenaean,vian,aegean,maccabean,breon,sheahan,european,asean,skreen,sheehan,streen,heon,jacobean,creon,ian,gleen,crimean,peon,feehan,protean,eon,eritrean,tennessean,homosapien,korean,cleon,plebeian,boolean,tween,caribbean,teahan,galilean,epicurean,cyclopean,indo-european,jian,wheen,rijn,mckeon,meehan,stean
pheophyl,
pheophyll,
pheophytin,
pherae,
phereclus,
pherecratean,
pherecratian,
pherecratic,
pherephatta,
pheretrer,
pherkad,
pheromonal,
pheromone,cone,acetone,overthrown,gladstone,testosterone,milestone,joan,argonne,condone,homegrown,roan,cornerstone,gemstone,overblown,strown,cologne,prone,megaphone,own,atone,rhinestone,leone,ozone,lodestone,thrown,collarbone,simone,groan,jawbone,scone,postpone,hormone,cicerone,crone,throne,known,t-bone,trombone,hone,telephone,fone,shown,headstone,keystone,moonstone,allophone,lone,rone,bone,anemone,monotone,capone,sewn,tombstone,bemoan,earphone,limestone,capstone,backbone,brownstone,millstone,cobblestone,flown,stone,sharon,sown,cyclone,disown,intone,headphone,phone,homophone,blown,grown,sloan,unknown,microphone,moan,mone,shone,drone,alone,baritone,clone,chaperone,saxophone,undertone,zone,rhone,silicone,francophone,whetstone,tone,touchstone,overtone,xylophone,loan,mon
pheromones,hailstones,drones,earphones,flintstones,jones,rhinestones,limestones,sones,backbones,businessphones,phones,groans,silicones,knowns,chaperones,thoennes,keystones,trombones,microphones,moans,leones,cornerstones,cheekbones,quinones,tones,joens,hormones,roans,headstones,romanones,stones,mones,tombstones,telephones,flagstones,bones,overtones,megaphones,undertones,madstones,reesjones,halftones,gemstones,allophones,crossbones,owns,trones,rhys-jones,cones,thrones,baritones,headphones,condones,cobblestones,cyclones,fones,goens,clones,bemoans,milestones,airfones,loans,goans,koans,zones,cherrystones,hones,postpones,hipbones,interacciones,daimones,lones,homophones,gravestones,scones,unknowns,saxophones,lohnes,intones,soens,gladstones,moonstones,crones,gallstones
pherophatta,
phersephatta,
phersephoneia,
phew,vue,you,tattoo,cue,anew,queue,crew,hitherto,few,bamboo,yew,que,tissue,two,coo,xu,ewe,hew,imbue,yahoo,into,pew,chew,mew,woo,undo,subdue,skew,debut,ado,revenue,undue,purview,to,canoe,thru,roux,through,lieu,view,screw,vu,hue,glue,taboo,redo,loo,shue,blue,askew,gnu,dew,zoo,eschew,due,spew,true,breakthrough,emu,rue,clue,overview,residue,do,sue,statue,poo,too,lulu,boo,q,outdo,ensue,stew,construe,retinue,goo,rendezvous,shoe,pursue,who,flu,u,renew,strew,shrew,brew,cuckoo,guru,new,interview,avenue,ingenue,barbecue,coup,review,flue,slew,accrue,adieu
phi,edify,nye,fly,nigh,nearby,occupy,underlie,aye,i,satisfy,fry,certify,eye,thereby,qualify,testify,reply,guy,dye,defy,nullify,high,justify,tie,pry,lye,sigh,goodbye,butterfly,classify,bae,sty,dry,magpie,y,try,bye,vie,stultify,deny,ai,vi,vilify,why,codify,modify,chi,lie,die,clarify,decry,amplify,shy,supply,identify,lanai,sly,gadfly,apply,pi,indemnify,awry,notify,psi,alumni,comply,signify,imply,my,rectify,verify,whereby,specify,cry,ally,mortify,ratify,alibi,standby,tai,rely,belie,rye,spry,quantify,by,wry,mollify,hereby,bely,hi,ply,ossify,sky,bi,pie,exemplify,spy,ly,buy
phia,
phial,thiol,gemayel,aisle,myall,redial,nial,myel-,lyall,hisle,vial,dyal,spial,videophile,lisle,mistrial,viall,rial,denial,cryal,pretrial,hyal-,glial,gyall,prial,dial,retrial,trial
phialae,
phialai,
phiale,
phialed,
phialful,
phialide,
phialine,
phialing,
phialled,
phiallike,
phialling,
phialophore,
phialospore,
phials,denials,miles,vials,mistrials,aisles,trials,dials
phycic,
phyciodes,
phycite,wasite,miscite,dissite,visite,dacite,sycite,mussite
phycitidae,
phycitol,
phyco-,cicco,picco,dicicco,sicko,myco-,ficco,dekko,richco,leistikow,bricco,recco,ricco,thicko,phyco
phycochrom,
phycochromaceae,
phycochromaceous,
phycochrome,
phycochromophyceae,
phycochromophyceous,
phycocyanin,
phycocyanogen,
phycocolloid,
phycodromidae,
phycoerythrin,
phycography,cacography
phycology,cacology,tocology,tokology
phycological,mycological
phycologist,mycologist
phycomyces,
phycomycete,
phycomycetes,
phycomycetous,
phycophaein,
phycoxanthin,
phycoxanthine,
phidiac,
phidian,
phidias,
phidippides,
phies,
phyfe,wife,nightlife,strife,saif,fyffe,life,midlife,slife,alewife,birdlife,knife,housewife,yellowknife,midwife,metlife,counterlife,pfeiff,schleif,co-wife,loosestrife,rife,southlife,fife,streiff,afterlife,herbalife,wildlife,greiff,fyfe
phigalian,
phygogalactic,
phigs,wigs,rigs,bigs,briggs,gigs,driggs,riggs,spriggs,twiggs,figgs,wiggs,tigges,jigs,diggs,higgs,migs,tiggs,biggs,twigs,griggs,digges,figs,digs,triggs,bigwigs,pigs,whigs
phil,zil,ill,krill,distil,sill,trill,abril,spill,lille,albertville,fulfill,thrill,twill,fil,demille,rille,mille,gil,goodwill,rill,still,skill,gill,hill,dill,refill,mil,cowgill,distill,chill,until,prill,bill,handbill,crill,frill,hornbill,mandeville,drill,ville,til,stil,pill,quill,fille,brill,jill,thill,shill,tamil,shrill,standstill,belleville,nill,wil,pil,advil,bil,kill,brazil,zill,windmill,ghyll,il,schill,mill,till,dphil,lil,treadmill,molehill,grill,nil,overkill,overfill,deville,grille,daffodil,sil,bougainville,seville,anthill,swill,uphill,sawmill,foothill,will,fill,downhill,instill,landfill,bastille
phyl,
phil-,zil,ill,krill,distil,sill,trill,abril,spill,lille,albertville,fulfill,thrill,twill,fil,demille,rille,mille,gil,goodwill,rill,still,skill,gill,hill,dill,refill,mil,cowgill,distill,chill,until,prill,bill,handbill,crill,frill,hornbill,mandeville,drill,ville,til,stil,pill,quill,fille,brill,jill,thill,shill,tamil,shrill,standstill,belleville,nill,wil,pil,advil,bil,kill,brazil,zill,windmill,ghyll,il,schill,mill,till,dphil,lil,treadmill,molehill,grill,nil,overkill,overfill,deville,grille,daffodil,sil,bougainville,seville,anthill,swill,uphill,sawmill,foothill,phil,will,fill,downhill,instill,landfill,bastille
phyl-,
phil.,
phila,
phyla,delilah,fila,twyla,dalila,myla,ludmila,shiela,baila,kotila
philabeg,philibeg,fillibeg,filibeg
philabegs,
phylacobiosis,
phylacobiotic,
phylactery,
phylacteric,
phylacterical,
phylacteried,
phylacteries,
phylacterize,
phylactic,
phylactocarp,
phylactocarpal,
phylactolaema,
phylactolaemata,
phylactolaematous,
phylactolema,
phylactolemata,
philadelphy,
philadelphia,delphia,adelphia,arkadelphia
philadelphian,
philadelphianism,
philadelphians,
philadelphite,
philadelphus,
philae,willey,crilly,hilly,tilly,swilley,milli,piccadilly,willi,tillie,chilly,villi,rockabilly,phily,dillie,chile,dilly,chilli,billie,frilly,tilley,millie,silly,lillie,milli-,lily,involuntarily,lilly,dilley,filly,gillie,rylee,milly,lilli,philly,lili,achille,pilei,gilly,fusilli,briley,nilly,hilley,willy,filley,wyllie,chili,vassily,grilli,willie,phylae,chihli,billy,chantilly,gilley,really,belee,hiley,bily
phylae,willey,crilly,hilly,tilly,swilley,milli,piccadilly,willi,tillie,chilly,villi,rockabilly,phily,dillie,chile,philae,dilly,chilli,billie,frilly,tilley,millie,silly,lillie,milli-,lily,involuntarily,lilly,dilley,filly,gillie,rylee,milly,lilli,philly,lili,achille,pilei,gilly,fusilli,briley,nilly,hilley,willy,filley,wyllie,chili,vassily,grilli,willie,chihli,billy,chantilly,gilley,really,belee,hiley,bily
phil-african,
philalethist,
philamot,
philan,
philana,campana,solana,cabana,johanna,pollyanna,edana,jana,lantana,tramontana,montana,oriana,hana,mariana,banana,americana,copacabana,atlanta,prana,santa,susannah,levana,dulciana,grana,morgana,susanna,thana,ghana,louisiana,susquehanna,arana,canna,texarkana,danna,hannah,hanau,vana,orellana,dianna,bandana,adriana,pestana,hanna,piano,kana,anna,dahna,savannah,deanna,santana,diana,fianna,dannah,amana,cana,brianna,shana,sangha,saldana,ariana,quintana,humana,arcana,tanna,vanna,gloriana,luana,italiana,fontana,nanna,viana,nana,chana,sanna,gitana,alana,tatiana,juliana,oceana,khanna,jnana,rana,savanna,viviana,urbana,lana,panna,havana,christiana,mexicana,tropicana,roxana,joanna,manna,rosanna,indiana,liliana,arianna,georgiana
philander,polander,filander,solander
philandered,
philanderer,
philanderers,
philandering,gerrymandering,meandering,pandering,slandering
philanders,
philanthid,
philanthidae,
philanthrope,
philanthropy,
philanthropian,
philanthropic,microscopic,coppock,topic,tropic,isentropic,endoscopic,hydropic,polytropic,popick,laryngoscopic,telescopic,scopic,isotopic,kopeck,gyroscopic,myopic,hopak,geotropic,laparoscopic
philanthropical,
philanthropically,
philanthropies,
philanthropine,
philanthropinism,
philanthropinist,
philanthropinum,
philanthropise,
philanthropised,
philanthropising,
philanthropism,
philanthropist,
philanthropistic,
philanthropists,
philanthropize,
philanthropized,
philanthropizing,
philanthus,
philantomba,
phylar,
phil-arabian,
phil-arabic,
phylarch,
philarchaist,
phylarchy,
phylarchic,
phylarchical,
philaristocracy,
phylartery,
philately,nattily,natalie,gateley,atalie,rattly,nathalie
philatelic,sellick,bellic,pelick,selleck,mellic,elleck,stehlik,mellick,relic,shellac,allelic,delich,psychedelic,breloque,kastelic,belak,pellack,shellack,uzelac,belich,pavelic,zelek,melick,heloc,angelic
philatelical,
philatelically,
philatelies,
philatelism,
philatelist,catalyst
philatelistic,
philatelists,
philathea,
philathletic,
philauty,vility,nullity
phylaxis,
phylaxises,
philbert,hilbert,gilberte,filbert,wilbert,gilbert,silbert,guilbert
philby,gilby,milby,filby,gilbey,bilby,kilby,trilby
philbin,wilbon,kilbane,hilbun
philbo,
philbrook,tooke,overlook,nook,forsook,notebook,quook,pocketbook,inglenook,hook,storybook,took,plook,overbook,cook,stroock,chinook,checkbook,outlook,cooke,strook,retook,sketchbook,donnybrook,gook,textbook,powerbook,rulebook,sihanouk,logbook,overcook,brook,gobbledygook,book,chook,undertook,snook,cookbook,sourcebook,rook,hooke,overtook,mccook,brooke,westbrook,holbrook,willowbrook,shook,flook,unhook,guidebook,matchbook,passbook,schoolbook,blook,yearbook,scrapbook,kirkuk,seabrook,shnook,mook,handbook,undercook,crook,schnook,rebook,mistook,bankbook,zook,hornbook,redbook,rooke,precook,look
philcox,
phile,spile,aisle,hile,seil,lyle,zile,gentile,idlewild,stockpile,peristyle,mile,profile,hairstyle,heil,kyle,beguile,juvenile,mercantile,exile,tile,erstwhile,nile,style,smile,hostile,anglophile,while,corbeil,scyle,pile,oenophile,wyle,carlisle,lifestyle,argyll,meanwhile,compile,hyle,textile,bile,revile,turnstile,lile,kile,marseille,restyle,weill,trial,quintile,chyle,crocodile,stile,crile,percentile,niall,pyle,vile,argyle,versatile,carlyle,senile,mikhail,guile,delisle,refile,dial,phyle,cheil,file,rile,awhile,isle,fertile,freestyle,sundial,wile,worthwhile,weil,gile,ryle,reconcile,immobile,francophile,tactile
phyle,spile,aisle,hile,seil,lyle,zile,gentile,idlewild,stockpile,peristyle,mile,profile,hairstyle,heil,kyle,beguile,juvenile,mercantile,exile,tile,erstwhile,nile,style,smile,hostile,anglophile,while,corbeil,scyle,pile,oenophile,wyle,carlisle,lifestyle,argyll,meanwhile,compile,hyle,textile,bile,revile,turnstile,lile,kile,marseille,restyle,weill,trial,phile,quintile,chyle,crocodile,stile,crile,percentile,niall,pyle,vile,argyle,versatile,carlyle,senile,mikhail,guile,delisle,refile,dial,cheil,file,rile,awhile,isle,fertile,freestyle,sundial,wile,worthwhile,weil,gile,ryle,reconcile,immobile,francophile,tactile
philem,ullom,malum,cullom,kilim,whilom,filum,cullum,hullum,chillum,mccullum
philem.,
philematology,
philemol,
philemon,heyman,klayman,goemon,daimon,flamen,saimin,klamon,layman,caman,haymon,freyman,zaman,stamen,damon,laymen,drayman,clamen,yamen,neyman,eyman,cayman,clayman,caiman,naiman,haman,tayman,xiamen,braman,daman,kaman,rayman,draymen,laman,shireman,lehmann,reyman,brayman,namen,heymann,foramen,raman,bayman,hayman,daemon,saman,peyman,weyman,taman,shaman,laymon,gaymon,wayman
philender,
phylephebic,
philepitta,
philepittidae,
phyleses,
philesia,
phylesis,
phylesises,
philetaerus,
phyletic,xyletic,villatic,nilotic
phyletically,
phyletism,
phyleus,
philharmonic,chthonic,flextronic,lexiphonic,mnemonic,audiotronic,isoelectronic,ionic,embryonic,histrionic,chronique,diasonic,ovonic,hanak,tronic,hegemonic,pharaonic,tonic,vanik,medtronic,miltonic,catatonic,monophonic,bubonic,supersonic,plantronic,propionic,telectronic,respironic,polyphonic,hedonic,diatonic,nucleonic,sonic,chronic,symphonic,plutonic,personic,platonic,conic,microelectronic,photronic,napoleonic,leptonic,hypertonic,electronic,phonic,fibronic,pneumonic,allophonic,hydroponic,stronach,ultrasonic,tectonic,clonic,masonic,kronick,tranzonic,hypersonic,demonic,hyaluronic,sardonic,harmonic,yonic,neoplatonic,avionic,environic,varitronic,connick,isotonic,teutonic,lasersonic,ganglionic,panasonic,planktonic,telephonic,ironic,ebonic,canonic,laconic,blahnik,synchronic,gnomonic
philharmonics,
philhellene,
philhellenic,
philhellenism,
philhellenist,
philhymnic,
,
