oligochete,oligochaete
oligochylia,
oligocholia,
oligochrome,
oligochromemia,
oligochronometer,
oligocystic,
oligocythemia,
oligocythemic,
oligoclase,
oligoclasite,
oligodactylia,
oligodendroglia,
oligodendroglioma,
oligodynamic,
oligodipsia,
oligodontous,
oligogalactia,
oligohemia,
oligohydramnios,
oligolactia,
oligomenorrhea,
oligomer,
oligomery,
oligomeric,
oligomerization,
oligomerous,
oligomers,
oligometochia,
oligometochic,
oligomycin,
oligomyodae,
oligomyodian,
oligomyoid,
oligonephria,
oligonephric,
oligonephrous,
oligonite,
oligonucleotide,
oligopepsia,
oligopetalous,
oligophagy,
oligophagous,
oligophyllous,
oligophosphaturia,
oligophrenia,
oligophrenic,
oligopyrene,
oligoplasmia,
oligopnea,
oligopoly,metropoli,sloppily,monopoly,duopoly,denapoli
oligopolist,
oligopolistic,realistic,antiballistic,relativistic,hellenistic,statistic,sensationalistic,euphemistic,humanistic,primitivistic,militaristic,antagonistic,imperialistic,swistak,journalistic,pessimistic,mystic,monopolistic,opportunistic,holistic,pugilistic,hedonistic,individualistic,stylistic,linguistic,sadistic,nationalistic,anachronistic,fatalistic,unrealistic,patristic,mistic,supercalifragilistic,surrealistic,atheistic,mechanistic,impressionistic,jingoistic,novelistic,characteristic,naturalistic,ritualistic,expressionistic,altruistic,terroristic,stalinistic,futuristic,heuristic,logistic,materialistic,idealistic,capitalistic,chauvinistic,narcissistic,puristic,polytheistic,christic,optimistic,legalistic,autistic,ballistic,artistic,voyeuristic,paternalistic,cystic,uncharacteristic,dualistic,simplistic,feudalistic,pantheistic,socialistic,coloristic,pluralistic,sistek,propagandistic,synergistic,deterministic,moralistic
oligoprothesy,
oligoprothetic,
oligopsychia,
oligopsony,
oligopsonistic,
oligorhizous,
oligosaccharide,
oligosepalous,
oligosialia,
oligosideric,
oligosiderite,
oligosyllabic,
oligosyllable,
oligosynthetic,
oligosite,
oligospermia,
oligospermous,
oligostemonous,
oligotokeus,
oligotokous,
oligotrichia,
oligotrophy,
oligotrophic,
oligotropic,
oliguresia,
oliguresis,
oliguretic,
oliguria,
oliy,
olykoek,
olimbos,
olympe,
olimpia,
olympia,
olympiad,add,ecad,mossad,ydrad,pad,nad,ladd,volgograd,amistad,vlad,clad,forbad,trinidad,tchad,dradde,hadd,thad,dad,ciudad,doodad,soledad,leningrad,gadd,schad,sociedad,ironclad,grad,sinbad,tadd,undergrad,comrade,plaid,ladde,mirad,strad,lad,tad,keypad,grandad,chad,riyadh,riyad,triad,halmstad,cad,gad,had,galahad,scad,unctad,madd,visegrad,hyderabad,thinkpad,shabad,shad,ad,dyad,mad,glad,rad,bad,brad,caridad,kaliningrad,sad,shadd,flad,fad,nomad,amstrad,stalingrad
olympiadic,
olympiads,
olympian,
olympianism,
olympianize,
olympianly,
olympians,
olympianwise,
olympias,
olympic,paralympic
olympicly,
olympicness,
olympics,
olympie,
olympieion,
olympio,
olympionic,
olympium,
olympus,
olin,ohlin
olinde,moland,haaland,oland,bolland,lolland,rolland,volland,tolland,volund,folland,polland,voland,holland,soland,pollened,troland,mulholland
olinia,
oliniaceae,
oliniaceous,
olynthiac,
olynthian,
olynthus,
olio,
olios,
oliphant,olifant
olyphant,
oliprance,
olit,
olitory,
oliva,aptiva,shiva,viva,sieva,geneva,delariva,festiva,achieva,cleva,spiva,iva,akiva,sliva,yeshiva,leiva,acquaviva,riva,aprodiva,iniziativa,diva,chanishiva,ediva
olivaceo-,
olivaceous,
olivann,
olivary,
olivaster,
olive,palmolive
olivean,
olive-backed,
olive-bordered,
olive-branch,
olive-brown,
oliveburg,
olive-cheeked,
olive-clad,
olive-colored,
olive-complexioned,
olived,
olive-drab,
olive-green,
olive-greenish,
olive-growing,
olivehurst,
olivella,
oliveness,
olivenite,
olive-pale,
oliver,bolivar,dolliver,wolaver,colliver
oliverea,
oliverian,
oliverman,
olivermen,
olivero,madero,montero,ribeiro,romero,sclero-,lucero,merrow,varo,sphero,sclero,soltero,botero,pinheiro,bero,pharoah,guerrero,barreiro,cerro,ferrero,meroe,companero,herrero,bolero,bracero,cuero,dondero,monteiro,sero-,ptero,amero,gero,arrow,ferro-,herro,xero-,borrero,sparrow,ibero,acero,ptero-,pharaoh,sphero-,ferro,escudero,minero,wheelbarrow,camero,mescalero,sendero,gerow,barbero,pinero,mero,marrow,cantero,marrero,serow,caballero,ranchero,passero,aguero,faro,barrow,narrow,garo,aero-,sombrero,quintero,taro,carneiro,embarcadero,fero,rivero,spero,vero,darrow,otero,camaro,valero,aero,cordero,garrow
oliversmith,
olives,
olive's,
olivescent,
olive-shaded,
olive-shadowed,
olivesheen,
olive-sided,
olive-skinned,
olivet,
olivetan,
olivette,nett,headset,whet,epithet,minaret,outlet,asset,cigarette,antoinette,joliet,alphabet,duet,flageolet,heavyset,ret,marmoset,chet,stet,vet,debt,mindset,let,inset,reset,set,wet,coronet,sublet,sunset,sextet,vette,clarinet,dragnet,outset,et,roulette,calumet,regret,rosette,pipette,lorgnette,octet,smet,cassette,pret,gazette,cabriolet,net,fret,jet,avocet,beget,preset,upset,corvette,vedette,bet,get,sobriquet,met,tet,quintet,colette,silhouette,sweat,bayonet,brunette,baguette,onset,ethernet,soviet,typeset,forget,tete,subset,gimlet,anisette,piet,inlet,pet,charrette,beset,abet,vignette,lafayette,tibet,yet,threat,internet,offset,parapet,cornet,minuet,barrette,quartet,suffragette,baronet,cadet,brett
olivetti,pretti,micheletti,confetti,petti,corsetti,brunetti,angeletti,binetti,giacometti,nettie,rossetti,lettie,detty,betty,doretti,briccetti,fetty,getty,teti,coletti,nicoletti,jettee,hettie,betti,setty,netty,letty,stretti,fioretti,benetti,bonetti,righetti,colletti,marchetti,etty,pettey,aletti,leonetti,vietti,jetty,settee,salvetti,bartoletti,hetty,vendetti,spaghetti,pedretti,giannetti,setae,poletti,cappelletti,perfetti,aimetti,mazzetti,pettie,petty,bassetti,debtee,bette,lorenzetti,fretty,rosetti,ettie,ferretti,donizetti,serengeti,allegretti,peretti,fischetti,yeti,civiletti,petit,moretti,paoletti,tetty,sweaty,reti,benedetti,andretti,simonetti,antonetti,galletti,dalgety
olivewood,
olive-wood,
olivia,trivia,livia,bolivia
olividae,
olivie,
olivier,yea,play,tray,soiree,railway,passe,x-ray,asea,say,overlay,dna,ballet,pay,melee,valet,heyday,pray,lay,jay,fey,vertebrae,stray,they,gateway,hay,display,astray,ray,sunday,dismay,survey,delay,repay,everyday,portray,entree,friday,fray,usa,lei,leeway,fiance,stay,cafe,clay,splay,bray,latte,gay,spray,gourmet,k,away,sachet,array,sobriquet,decay,slay,may,halfway,protege,nay,cliche,hey,allay,sway,re,yay,fillet,j,grey,cache,today,lingerie,holiday,bay,gainsay,disarray,relay,mainstay,dossier,prey,convey,ok,waylay,obey,inlay,betray,resume,bouquet,essay,buffet,quay,weigh,underway,gray,day,way,anyway,okay
oliviero,
oliviferous,
oliviform,
olivil,
olivile,
olivilin,
olivine,seen,sunscreen,machine,between,limousine,hygiene,vaccine,lean,green,aquamarine,vien,eugene,foreseen,lien,irene,sardine,wolverine,undine,umpteen,sistine,amphetamine,mein,byzantine,dean,preen,geraldine,leen,tangerine,demean,serene,saline,gasoline,jean,casein,obscene,feine,florentine,wean,baleen,clementine,halloween,keen,fifteen,canteen,amin,trampoline,mean,cuisine,latrine,kerosene,caffeine,murine,selene,holstein,unforeseen,aniline,protein,evergreen,agin,mien,peregrine,labyrinthine,sabine,quarantine,teen,nene,augustine,thirteen,glean,aberdeen,marine,philistine,careen,internecine,libertine,ravine,contravene,figurine,queen,argentine,routine,reconvene,mezzanine,bean,scene,clean,gene,sheen,bromine,gelatine,spleen,screen,intervene,guillotine,magazine,treen,convene,tourmaline,submarine,opaline
olivine-andesite,
olivine-basalt,
olivinefels,
olivines,
olivinic,
olivinite,
olivinitic,
olla,
ollayos,
ollamh,
ollapod,
olla-podrida,
ollas,
ollav,
ollen,
ollenite,
olli,
olly,whally,dali,trolley,somali,ali,holly,mexicali,golly,polly,crawley,scholy,hawley,lolly,brawley,internationale,blolly,jolley,mccauley,pawley,macaulay,cardinale,fawley,bialy,canale,cali,wally,raleigh,nepali,callie,dolley,scrawly,jolly,smalley,squali,mali,duopoly,drawly,melancholy,squally,brolly,gali,pauli,lolli,walley,macauley,rawly,folly,cawley,smally,vitaly,solly,molly,murali,hallie,pauly,poly,dollie,solley,dawley,crawly,collie,rollie,vitali,aalii,colly,bengali,colley,prolly,tallie,imperiale,dolly,brawly,natale,casale,scali,poly-,sprawly,diwali,hollie,ollie,kigali,volley,vallie,drolly,rolley,holley,mollie,kolli,rawley,loblolly,callee,bali,akali,papale
ollie,growly,coli,dali,trolley,somali,ali,holly,mexicali,golly,solei,coaly,polly,paoli,guacamole,crawley,lolly,brawley,prole,internationale,wholly,rowley,jolley,mccauley,pawley,macaulay,joly,fawley,bialy,canale,cali,wally,raleigh,nepali,poley,stromboli,callie,dolley,scrawly,jolly,smalley,drawly,mali,duopoly,foley,melancholy,goalie,squally,brolly,pauli,lolli,moly,rawly,folly,holy,solly,molly,olly,poly,dollie,crawly,collie,rollie,aalii,colly,soley,slowly,bengali,colley,nucleoli,coley,prolly,tolly,yowley,lowly,choli,dolly,albendazole,brawly,rolly,poly-,diwali,shoaly,kigali,volley,poli,drolly,rolley,holey,holley,roley,mollie,ravioli,trolly,loblolly,callee,unholy,bali,akali
ollock,
olluck,
olm,
olmito,
olmitz,
olmstead,bred,seabed,bread,ed,fled,behead,woodshed,misread,dead,homestead,whitehead,flatbed,thread,bled,shed,led,drumhead,trailhead,hotbed,swed,instead,wed,bloodshed,redd,flathead,skinhead,warhead,sled,overhead,butthead,egghead,tread,fed,ged,med,retread,bulkhead,unwed,masthead,figurehead,deadhead,abed,fred,bedspread,wellhead,inbred,ned,blockhead,purebred,arrowhead,zed,ted,misled,spearhead,lead,widespread,newlywed,featherbed,said,coed,pled,airhead,beachhead,imbed,bobsled,red,thoroughbred,reade,watershed,letterhead,riverbed,deathbed,gingerbread,bridgehead,infrared,dred,spread,copperhead,ahead,farmstead,pwned,read,shithead,sped,freda,roundhead,shred,godhead,head,embed,bed,loggerhead,cornbread,bullhead,shead,stead,dread,redhead,aforesaid
olmsted,
olmstedville,
olnay,
olnee,
olney,nadolny,dolney,volney
olneya,
olnek,
olnton,
olodort,
olof,roll-off,olaf,rohloff
ology,serology,criminology,mineralogy,histology,dermatology,immunology,etymology,sociology,enterology,otology,scatology,paleontology,thanatology,hematology,geomorphology,cardiology,urology,biology,genealogy,micropaleontology,epistemology,geology,endocrinology,pathology,cosmology,mycology,egyptology,hymnology,opthalmology,technology,cosmetology,meteorology,scientology,gerontology,virology,pomology,microbiology,cytology,deontology,methodology,chronology,terminology,ecology,ideology,penology,archaeology,limnology,ophthalmology,entomology,apology,zoology,gynecology,ontology,physiology,topology,necrology,archeology,rheumatology,ethology,kinesiology,rheology,graphology,biotechnology,oncology,petrology,neurology,anthology,anthropology,etiology,seismology,morphology,theology,embryology,doxology,pharmacology,anesthesiology,ornithology,toxicology,psychology,numerology,mythology,radiology,bacteriology,astrology,epidemiology,ethnology,dendrochronology
ological,
ologies,
ologist,musicologist,virologist,zoologist,mineralogist,gerontologist,volcanologist,ophthalmologist,technologist,neurologist,pharmacologist,rheumatologist,meteorologist,radiologist,ethnomusicologist,oncologist,scientologist,immunologist,urologist,ideologist,kremlinologist,pathologist,physiologist,criminologist,toxicologist,ecologist,geologist,paleontologist,microbiologist,anthropologist,apologist,anesthesiologist,biologist,epidemiologist,sovietologist,climatologist,oligist,creatologist,dermatologist,serologist,gynecologist,cardiologist,archaeologist,opthalmologist,sociologist,necrologist,endocrinologist,entomologist,seismologist,psychologist
ologistic,
ologists,
olograph,
olographic,
ololiuqui,
olomao,
olomouc,
olona,
olonets,
olonetsian,
olonetsish,
olonos,
olor,
oloron,
oloroso,doloroso
olorosos,
olp,
olpae,
olpe,
olpes,
olpidiaster,
olpidium,
olsburg,
olsen,polson,jolson,holsten,bolson,ohlson,coleson,toalson,golson,colson,tolson,molson,kholsun,ohlsen,ohlsson,olsson,polcyn,olson,joelson,folson,dolson,gholson,coalson
olsewski,
olshausen,
olson,polson,jolson,holsten,bolson,ohlson,coleson,toalson,golson,colson,tolson,molson,kholsun,ohlsen,ohlsson,olsen,olsson,polcyn,joelson,folson,dolson,gholson,coalson
olsson,polson,jolson,holsten,bolson,ohlson,coleson,toalson,golson,colson,tolson,molson,kholsun,ohlsen,ohlsson,olsen,polcyn,olson,joelson,folson,dolson,gholson,coalson
olszyn,
oltm,
olton,
oltonde,
oltp,
oltunna,
olustee,
olva,volva,molva
olvan,
olwen,
olwena,
olwm,
om,
om.,
oma,mesothelioma,troma,toma,algoma,stroma,blastoma,stoma,melanoma,leoma,thoma,carcinoma,papilloma,xoma,saloma,shiroma,soma,oklahoma,scoma,goma,multnomah,sumatoma,aroma,roma,paloma,luoma,tacoma,bancoklahoma,loma,homa,lymphoma,coma,poma,neoma,moma,choma,glaucoma,douma,naoma,nujoma,sonoma,diploma,retinoblastoma,bouma,sloma,coloma
omadhaun,
omagh,
omagra,
omagua,
omaha,gras,ja,thaw,awe,ona,shaw,sha,law,xio,chaw,ahh,faw,bylaw,ah,ha,paw,dumas,ta,aha,caw,craw,wa,bra,slaw,bah,gaw,seesaw,scrimshaw,ma,la,ya,baccarat,chihuahua,gnaw,esau,yah,na,claw,macaw,chainsaw,flaw,cha,nah,moi,maw,blah,hacksaw,da,raw,haw,squaw,panama,saw,whipsaw,jigsaw,draugh,aw,utah,guffaw,ottawa,doha,redraw,coleslaw,rah,chutzpah,pasha,bourgeois,pa,mackinaw,straw,dada,spa,schwa,trois,hoopla,ga,arkansas,baja,qua,grandpa,shah,overdraw,outlaw,ra,hurrah,withdraw,daw,yaw,wah,naw,jaw,pshaw,bois,fermata,rawe,ka,draw,sa,voila,hah
omahas,
o'mahony,
omayyad,
omak,
omalgia,
o'malley,
oman,aragon,carillon,pantheon,foregone,automaton,swan,pawn,on,han,hon,quan,aileron,micron,bon,amadon,bygone,pentagon,yawn,celadon,yon,prawn,don,tron,exon,lexicon,denouement,woebegone,iran,crayon,phenomenon,radon,parmesan,flawn,hogan,fawn,argon,boron,coupon,sean,hexagon,amazon,octagon,proton,paragon,lawn,polygon,drawn,agamemnon,dawn,koran,echelon,juan,avalon,con,pion,withdrawn,ron,photon,rapprochement,braun,chiffon,oregon,forgone,khan,spawn,nylon,capon,pecan,epsilon,antiphon,emoticon,liaison,yuan,meson,baton,pylon,salon,john,upon,axon,gone,brawn,gabon,non,wan,babylon,neutron,marathon,moron,mastodon,oberon
omander,
omani,pisani,cassani,vonnie,cipriani,faunae,brawny,donny,rafsanjani,yamane,villani,sclafani,johnny,advani,gianni,mani,lonnie,germani,sawney,milani,barany,spaziani,satriani,lani,conny,leilani,cristiani,mohney,pagani,shawny,nonie,johnie,centanni,bonney,dani,urbani,guiliani,swanny,scrawny,nonne,bonny,tawny,tani,afghani,donee,nonny,giuliani,damiani,celani,magnani,troiani,castellani,onni,armani,graziani,loni,donnie,tawney,bongiovanni,yamani,trani,mariani,yani,giovanni,connie,adjani,ianni,albani,ronnie,hemani,shawnee,romani,swaney,mauney,otani,garmany,guarani,lawny,trapani,sirianni,zani,doney,azerbaijani,bahraini,modigliani,fulani,irani,lonny,jani,johnnie,johny,kewaunee,ronny,ahwahnee,viviani,fabiani,rani,bonnie,mastroianni,tehrani
omao,
omar,omaar,glomar
omari,
omarr,
omarthritis,
omasa,
omasitis,
omasum,
omb,
omber,scomber,somner,vaagmer
ombers,
ombre,
ombrellino,
ombrellinos,
ombres,
ombrette,
ombrifuge,
ombro-,
ombrograph,
ombrographic,
ombrology,
ombrological,
ombrometer,
ombrometric,
ombrophil,
ombrophile,
ombrophily,
ombrophilic,
ombrophilous,
ombrophyte,
ombrophobe,
ombrophoby,
ombrophobous,
ombudsman,
ombudsmanship,
ombudsmen,
ombudsperson,
omd,
omdurman,
ome,
o'meara,
omega,bodega,delavega,mega,taiga,mega-,degas,sega,noriega,veiga,saiga,iomega,escarcega,talladega,noreiga,ortega,vega,strega
omegas,
omegoid,
omelet,bomblet
omelets,bomblets
omelette,
omelettes,
omelie,
omen,sloman,moman,thoman,oehmen,frohman,roman,groman,lommen,homen,abdomen,lohman,vroman,nomen,boman,loman,goeman,loehmann,oklahoman,greco-roman,toman,fomon,ohman,soman,doughman,broman,hohmann,stroman,yeoman,hohman,homann,dohman,ohmann,grohman,gnomon,lowman,ommen,bowmen,showman,lohmann,froman,rohman,koman,dromon,bowman,coman,domin,homan,bohman,gohman,thomann,nonroman,businesswomen
omena,
omened,
omening,
omenology,
omens,comins,homans,oehmens,yeomans,romans,oklahomans
omen's,
omenta,ramenta,pimenta,momenta,tomenta
omental,simmental,emmental,cemental
omentectomy,
omentitis,
omentocele,
omentofixation,
omentopexy,
omentoplasty,
omentorrhaphy,
omentosplenopexy,
omentotomy,
omentulum,
omentum,cementum,lomentum,amentum,tomentum,ramentum
omentums,
omentuta,
omer,kromer,ohmer,boehmer,homer,colmer,bohmer,fromer,sohmer,dromer,mccomber,komer,schomer,foamer,rohmer,schloemer,gomer,comber,bloemer,womer,roamer,stromer,beachcomber,romer,misnomer,spomer,roemer,tomer,komar,bomer,cromer,domer,bowmer,sarcoma,gromer
omero,
omers,gomers
ometer,
omicron,
omicrons,
omidyar,
omikron,
omikrons,
omina,
ominate,brominate
ominous,commonness
ominously,
ominousness,
ominousnesses,
omissible,
omission,demolition,abolition,superstition,supposition,recission,magician,optician,obstetrician,logician,intuition,inquisition,transmission,coalition,ambition,emission,position,audition,expedition,munition,tactician,volition,fruition,petition,commision,contrition,rendition,malnutrition,cognition,pediatrician,physician,beautician,erudition,mortician,tradition,decomposition,commission,extradition,sedition,musician,requisition,precondition,condition,transition,recondition,ignition,redefinition,admonition,exposition,suspicion,repetition,partition,patrician,addition,admission,remission,academician,statistician,acquisition,proposition,decommission,tuition,juxtaposition,nutrition,theoretician,presupposition,opposition,dentition,inhibition,permission,rhetorician,composition,definition,recognition,disposition,mission,exhibition,clinician,deposition,fission,titian,reposition,edition,dietician,intermission,ammunition,attrition,submission,politician,imposition,predisposition,prohibition,dietitian,mathematician,apparition,premonition,technician,competition,electrician
omissions,predispositions,transitions,depositions,admissions,rhetoricians,electricians,missions,editions,ammunitions,musicians,repetitions,competitions,intermissions,tuitions,definitions,acquisitions,partitions,politicians,statisticians,tacticians,preconditions,suppositions,commissions,airconditions,positions,physicians,transmissions,expeditions,expositions,compositions,submissions,pediatricians,dispositions,inhibitions,magicians,remissions,permissions,opticians,obstetricians,petitions,propositions,emissions,auditions,exhibitions,clinicians,technicians,patricians,premonitions,ambitions,geriatricians,juxtapositions,theoreticians,additions,conditions,coalitions,superstitions,admonitions,dietitians,renditions,traditions,academicians,suspicions,prohibitions,mathematicians,apparitions,oppositions,munitions
omission's,
omissive,promissive
omissively,
omissus,
omit,chit,permit,knit,messerschmitt,smitt,sit,tritt,quit,britt,dewitt,cockpit,hit,befit,fytte,rootkit,whit,slit,emit,hypocrite,bit,grit,whitt,it,kitt,witt,misfit,armpit,devitt,unfit,split,skit,readmit,dlitt,flit,acquit,ritt,schmidt,kit,smit,fit,pit,writ,moonlit,commit,gillett,tit,legit,schmitt,nit,admit,mitt,witte,wit,lit,refit,recommit,pitt,counterfeit,litt,spit,bullshit,tidbit,fitt,lafitte,obit,resubmit,shit,blitt,sunlit,retrofit,ccitt,remit,brit,identikit,outfit,hitt,transmit,outwit,submit
omitis,
omits,outfits,hitz,transmits,pitz,bits,gets,admits,rosewicz,skits,retrofits,misfits,britts,kritz,tritz,outwits,quits,armpits,schlitz,litts,befits,permits,spitz,writs,klitz,submits,cockpits,berlitz,bitts,gritz,fyttes,acquits,ritts,kitts,obits,witts,blitz,stitz,critz,kits,fits,witz,ovitz,fitts,shits,smits,britz,pritz,splits,hritz,frits,knits,chits,sits,hits,grits,mitts,glitz,spits,slits,sitz,fritz,its,sophisticates,bitz,counterfeits,pitts,schnitz,hypocrites,sitts,ritz,pits,lits,wits,fritts,dershowitz,fitz,brits,moritz,schmitz,kitz,litz,pritts,syndicats,emits,nitz,whits,commits
omittable,
omittance,
omitted,emitted,admitted,transmitted,whitted,recommited,counterfeited,retrofitted,buffeted,permitted,outwitted,refitted,uncommitted,knitted,remitted,fitted,committed,benefited,readmitted,resubmitted,pitted,outfitted,witted,unaccredited,submitted,unremitted,acquitted
omitter,
omitters,
omitting,fitting,hitting,pitting,quitting,retrofitting,slitting,babysitting,outfitting,resubmitting,submitting,gritting,witting,permitting,knitting,unremitting,befitting,admitting,spitting,outwitting,sitting,transmitting,getting,acquitting,flitting,refitting,unwitting,committing,splitting,emitting,bitting,whitting,counterfeiting
omlah,
omland,
omm,
ommastrephes,
ommastrephidae,
ommatea,
ommateal,
ommateum,
ommatidia,
ommatidial,
ommatidium,
ommatitidia,
ommatophore,
ommatophorous,
ommetaphobia,
ommiad,
ommiades,
ommiads,
omneity,
omnes,
omni,omni-,romney
omni-,omni,romney
omniactive,
omniactuality,
omniana,
omniarch,
omniarchs,
omnibearing,
omnibenevolence,
omnibenevolent,
omnibus,
omnibus-driving,
omnibuses,
omnibus-fashion,
omnibusman,
omnibus-riding,
omnicausality,
omnicompetence,
omnicompetent,
omnicorporeal,
omnicredulity,
omnicredulous,
omnidenominational,
omnidirectional,
omnidistance,
omnierudite,
omniessence,
omnifacial,
omnifarious,
omnifariously,
omnifariousness,
omniferous,somniferous
omnify,
omnific,somnific
omnificence,
omnificent,
omnifidel,
omnified,
omnifying,
omnifocal,
omniform,
omniformal,
omniformity,
omnigenous,
omnigerent,
omnigraph,
omnihuman,
omnihumanity,
omni-ignorant,
omnilegent,
omnilingual,
omniloquent,
omnilucent,
omnimental,
omnimeter,
omnimode,
omnimodous,
omninescience,
omninescient,
omniparent,
omniparient,
omniparity,
omniparous,
omnipatient,
omnipercipience,
omnipercipiency,
omnipercipient,
omniperfect,
omnipotence,
omnipotences,
omnipotency,
omnipotent,
omnipotentiality,
omnipotently,
omnipregnant,
omnipresence,presence,pleasance
omnipresences,
omnipresent,peasant,present,besant,pheasant,pleasant,unpleasant,bezzant
omnipresently,
omniprevalence,
omniprevalent,
omniproduction,
omniprudence,
omniprudent,
omnirange,
omniregency,
omniregent,
omnirepresentative,
omnirepresentativeness,
omnirevealing,
omniscience,
omnisciences,
omnisciency,
omniscient,sufficient,self-sufficient,proficient,insufficient,efficient,inefficient,beneficent,deficient,coefficient
omnisciently,
omniscope,
omniscribent,
omniscriptive,
omnisentience,
omnisentient,
omnisignificance,
,
