plasmodesmal,
plasmodesmata,
plasmodesmic,
plasmodesmus,
plasmodia,balodia,todea,cambodia,rhodia,podia
plasmodial,
plasmodiate,
plasmodic,
plasmodiocarp,
plasmodiocarpous,
plasmodiophora,
plasmodiophoraceae,
plasmodiophorales,
plasmodium,odeum,rhodium,sodium,podium,spodium,odiaum,odium
plasmogamy,chasmogamy
plasmogen,
plasmogeny,
plasmoid,
plasmoids,
plasmolyse,
plasmolysis,
plasmolytic,spasmolytic
plasmolytically,
plasmolyzability,
plasmolyzable,
plasmolyze,
plasmology,
plasmoma,
plasmomata,
plasmon,
plasmons,
plasmopara,
plasmophagy,
plasmophagous,
plasmoptysis,
plasmoquin,
plasmoquine,
plasmosoma,
plasmosomata,
plasmosome,
plasmotomy,
plasms,
plasome,
plass,ass,masse,strass,sasse,grass,das,middle-class,trespass,underpass,pass,ras,mass,amass,gras,outclass,surpass,blass,grasse,hass,smartass,alas,cas,sass,kvass,impasse,harass,overpass,sunglass,glas,plas,tasse,gas,casque,repass,eyeglass,eelgrass,lasse,plexiglass,class,brass,nass,plexiglas,fass,basse,chasse,rasse,yass,hourglass,bass,alsace,casse,underclass,snodgrass,sassafras,spyglass,frass,lass,bluegrass,brasse,vass,cass,contrasts,tass,jackass,bras,trass,landmass,bypass,crass,morass,wrasse,sas,last,glass,fiberglass
plassey,masci,massi,glassey,cassi,passey,kasey,malagasy,chassis,grassy,massey,lassie,gassy,profligacy,massie,fasci,uliassi,selassie,jassy,tassi,sassi,hassey,brassie,vassey,grassi,stassi,passee,efficacy,passy,vasey,cassie,bassi,classy,paspy,tallahassee,lassi,massy,blassie,thlaspi,brassy,assay,glassy,rasey,sassy
plasson,stassen,sasson,yasin,classen,assassin,masson,sasin,kassen,gassen,cassin,kasson,chason,glassen,yassin,clason,nason,kassan,lassen,assen,gascogne,hasson,kassin,mcglasson,pengassan,classon,fasten,lasagne,fason,hassen,casson,dracin,bassin,chasin,tassin,bason,glasson,cason,passon,klassen
plast,precast,hast,downcast,ast,recast,vast,iconoclast,unsurpassed,belfast,superfast,simulcast,miscast,nast,harassed,gast,lambaste,everlast,gassed,sandblast,blast-,broadcast,lymphoblast,bast,cast,snast,caste,grassed,prendergast,mast,outcast,polycast,chloroplast,tillinghast,past,rast,surpassed,aghast,sassed,telecast,lightfast,clast,forecast,flabbergast,colorfast,pendergast,rebroadcast,enthusiast,massed,glassed,classed,outlast,comcast,blast,assed,brast,triplecast,steadfast,kast,chast,typecast,contrast,ghast,holdfast,newscast,qualcast,asked,podcast,mast-,bypassed,outclassed,amcast,fast,overcast,last,passed,amassed
plastein,
plaster,alabaster,headmaster,laster,toastmaster,webmaster,concertmaster,astor,kaster,schoolmaster,oleaster,ringmaster,faster,lancaster,burgmaster,pastor,raster,grandmaster,postmaster,buckmaster,forecaster,quartermaster,stratocaster,broadcaster,macmaster,pilaster,caster,gaster,taskmaster,mcmaster,podcaster,roadmaster,castor,sportscaster,newscaster,jaster,master,blaster,goodpaster,paster,scoutmaster,aster,vaster,disaster,burgomaster
plasterbill,
plasterboard,springboard,wallboard,broadsword,overboard,baseboard,pegboard,afford,scored,outboard,ord,washboard,switchboard,storyboard,unexplored,ward,surfboard,landlord,headboard,toward,chord,ignored,sward,floored,poured,oared,pored,hoard,floorboard,clapboard,record,dartboard,sword,smorgasbord,warlord,scoreboard,harpsichord,fnord,keyboard,gored,gaylord,implored,adored,soared,njord,seaboard,notochord,restored,ford,chipboard,clavichord,aboard,skateboard,cardboard,chessboard,inboard,fiberboard,aboveboard,clipboard,accord,gourd,dashboard,checkerboard,deplored,hardboard,snowboard,nord,billboard,cord,acord,lord,concorde,mord,paperboard,overlord,roared,underscored,reward,hord,bored,onboard,concord,fingerboard,award,board,explored,fjord,abhorred,untoward,blackboard,verwoerd,horde,stored
plastered,bastard,mastered,astred
plasterer,
plasterers,
plastery,mastery
plasteriness,
plastering,mastering
plasterlike,
plasters,newscasters,pastors,blasters,forecasters,masters,headmasters,broadcasters,postmasters,disasters,mcmasters,burgomasters,jewelmasters,castors,asters,lemasters,sportscasters,casters,pilasters
plasterwise,
plasterwork,murch,berk,overwork,sirk,berke,werk,birk,shirk,earthwork,masterwork,clockwork,jerk,beadwork,artwork,casework,dirk,firework,berserk,schoolwork,klerk,quirk,kirch,roadwork,lurk,perc,network,metalwork,smirk,patchwork,clerc,mcgurk,bourke,irk,paperwork,clerk,guesswork,kirk,openwork,burke,merc,handiwork,perk,lerch,kurk,teamwork,merck,woodwork,piecework,leclerc,latticework,work,murk,cirque,brushwork,bjerke,needlework,framework,spadework,burk,groundwork,legwork,quirke,footwork,fieldwork,homework,derk,merk,rework,turk,ataturk,erk,werke,waterwork,housework
plasty,masty,angioplasty,haraszti,drasty,fasti,basti,grasty,nasty,blasty,vasty
plastic,iconoclastic,onomastic,scholastic,sarcastic,fantastik,ecclesiastic,desmoplastic,gymnastic,bombastic,monastic,spastic,interscholastic,mastic,blastic,unenthusiastic,stochastic,fantastic,elastic,drastic,inelastic,nastic,anaplastic,dynastic,plastique,enthusiastic,thermoplastic,clastic,lymphoblastic
plastically,
plasticimeter,
plasticine,screen,marine,mein,casein,scene,jean,fifteen,reconvene,foreseen,unforeseen,aniline,saline,canteen,keen,wean,amin,kerosene,quarantine,mezzanine,routine,murine,augustine,latrine,tourmaline,opaline,mean,gene,wolverine,gelatine,umpteen,internecine,protein,careen,contravene,halloween,argentine,clean,cuisine,gasoline,irene,vaccine,limousine,ravine,selene,preen,figurine,holstein,dean,sistine,glean,baleen,queen,obscene,spleen,geraldine,between,florentine,byzantine,teen,leen,aquamarine,nene,seen,labyrinthine,demean,trampoline,aberdeen,convene,philistine,evergreen,thirteen,eugene,feine,mien,sunscreen,green,serene,magazine,intervene,vien,undine,libertine,peregrine,caffeine,lien,treen,tangerine,bean,agin,amphetamine,submarine,lean,sardine,machine,bromine,guillotine,clementine,hygiene,sheen,sabine
plasticisation,
plasticise,
plasticised,
plasticising,
plasticism,
plasticity,spasticity
plasticities,
plasticization,
plasticize,
plasticized,
plasticizer,agrivisor,advertiser,wiser,speiser,sizer,anheuser,iser,mobilizer,kizer,heizer,atomizer,energizer,womanizer,geyser,kaiser,appetizer,nebulizer,stabilizer,adviser,equalizer,exerciser,analyzer,rizer,fiser,advisor,guiser,keyser,hizer,sympathizer,riser,pfizer,popularizer,sizar,mizer,visor,kyzer,franchiser,biser,cafetizer,synthesizer,polarizer,merchandiser,compromiser,moisturizer,supervisor,sterilizer,keizer,divisor,colonizer,tranquilizer,ionizer,incisor,organizer,oxidizer,kiser,pizer,hiser,miser,fertilizer,prizer,priser,fizer,hulsizer,schweizer,itemizer
plasticizes,
plasticizing,
plasticly,
plastics,lastex,onomastics,thermoplastics,gymnastics
plastid,lambasted,lasted,blasted,outlasted,contrasted,forecasted,masted,flabbergasted,sandblasted,fasted
plastidial,
plastidium,
plastidome,
plastidozoa,
plastids,
plastidular,
plastidule,
plastify,
plastin,aston,haston,kasten,glassed-in,caston,gaston,shastan,casten,bastin,baston,masten,bastien,maston,mastin
plastinoid,
plastique,iconoclastic,onomastic,scholastic,sarcastic,fantastik,ecclesiastic,desmoplastic,gymnastic,bombastic,monastic,spastic,interscholastic,mastic,blastic,unenthusiastic,stochastic,fantastic,elastic,drastic,inelastic,nastic,anaplastic,plastic,dynastic,enthusiastic,thermoplastic,clastic,lymphoblastic
plastiqueur,
plastiqueurs,
plastisol,
plastochondria,
plastochron,
plastochrone,
plastodynamia,
plastodynamic,
plastogamy,
plastogamic,
plastogene,
plastomer,
plastomere,
plastometer,
plastometry,
plastometric,
plastosome,
plastotype,
plastral,astrol,castrel,astral
plastron,gastrin,nastran,astron
plastrons,gastrins
plastrum,
plastrums,
plat,
plat.,
plata,stigmata,elata,consolata,desiderata,arcata,sonata,scarlata,hirata,iwata,lopata,hata,lafata,nunziata,yotta,traviata,regatta,lotta,covatta,donata,takata,cammarata,yotta-,autoplasty,annunciata,renate,renata,quata,lysistrata,carlotta,camarata,flauta,mahabharata,nakata,nata,ata,juniata,zapata,grata,flotta,miata,kalata,salata,otoplasty,vannatta,algata,nagata,shibata,rotta,mata,sakata,murata,fatah,santagata,flota,botta,inkatha,granata,cassata,cotta,mendota,bharata,marotta,cannata,janata,scrota,tata,ogata,dagata,zlata,fata,licata,oughta,arata,yamagata,dolata,cantata,teradata,gotta,baratta,lata,annunziata,vanatta
plataea,
plataean,
platalea,
plataleidae,
plataleiform,
plataleinae,
plataleine,
platan,eyton,creighton,gaytan,stayton,deighton,slayton,mayton,gayton,batan,leighton,straiten,ratan,statin,katyn,cayton,shaitan,drayton,aten,latten,greaten,hayton,layton,straighten,shaytan,payton,satan,laten,paten,peyton,natan,iatan,dayton,brayton,lateen,crayton,clayton,slaten
platanaceae,
platanaceous,
platane,
platanes,
platanist,latinist
platanista,
platanistidae,
platanna,
platano,
platans,
platanus,gelatinous,platinous
platas,
platband,hatband
platch,
plate,trait,integrate,stipulate,procrastinate,profligate,predicate,emanate,elucidate,inculcate,communicate,deprecate,exonerate,anticipate,gate,mate,mitigate,debate,precipitate,desolate,accommodate,update,slate,compensate,consummate,extrapolate,cultivate,emulate,consolidate,dissipate,coordinate,fate,intimate,ameliorate,advocate,subordinate,date,conflate,dedicate,late,arrogate,rate,rait,collaborate,abrogate,weight,graduate,spate,exacerbate,estate,indicate,commiserate,deliberate,surrogate,great,associate,moderate,repudiate,obfuscate,articulate,disseminate,propagate,alleviate,assimilate,vacillate,state,separate,elaborate,evaluate,appropriate,contemplate,relate,incorporate,freight,create,resonate,designate,celebrate,straight,appreciate,wait,delegate,obviate,abate,manipulate,corroborate,reiterate,mandate,estimate,delineate,alternate,innate,postulate,adequate,collate,initiate,facilitate,abdicate,demonstrate,denigrate,gait
platea,
plateasm,
plateau,aglow,rococo,adagio,buffalo,woe,patio,tornado,beau,torpedo,shadow,apropos,gusto,rhino,hoe,forgo,ratio,yoe,micro,winnow,o,toe,go,glow,hydro,audio,doe,studio,grotto,tempo,plough,grow,aficionado,overthrow,forego,fallow,owe,joe,glo,ho,tomorrow,indigo,photo,borrow,show,dado,mow,tableau,bio,although,calypso,torso,co,radio,no,meadow,tomato,manifesto,solo,quo,bowe,lo,flow,throw,cameo,otto,roe,whoa,low,portfolio,dough,coco,know,blow,willow,tow,potato,virago,veto,so,foe,slow,vertigo,rainbow,bestow,portico,though,below,mo,escrow,crow,undergo,row,pro,hello,sew,archipelago,snow,espresso
plateaued,sewed,corrode,payload,bestrode,crowed,sowed,toad,moad,glowed,methode,flowed,overload,diode,trode,code,overrode,snowed,explode,busload,ode,owed,strode,spode,implode,shipload,lowed,commode,borrowed,truckload,road,reload,shoad,blowed,tiptoed,troad,workload,caseload,chode,cathode,coed,nematode,winnowed,shrowd,bowed,bestowed,microcode,brode,glode,shode,overflowed,mode,stowed,radioed,download,inroad,showed,unload,unbowed,lode,rode,forebode,toed,load,outmode,towed,goad,thode,erode,rhode,knowed,slowed,bode,mustachioed,node,railroad,mowed,encode,boatload,abode,anode,rowed,carload,crossroad,decode,episode
plateauing,seagoing,forgoing,unknowing,flowing,overthrowing,easygoing,elbowing,farrowing,slowing,glassblowing,outgrowing,glowing,foregoing,blowing,bestowing,oceangoing,throwing,undergoing,ongoing,moviegoing,crowing,boing,torpedoing,growing,stowing,snowing,overflowing,churchgoing,outgoing,winnowing,tiptoeing,koing
plateaulith,
plateaus,chateaus,mattos
plateau's,
plateaux,bateaux,gateaux
plate-bending,
plate-carrier,
plate-collecting,
plate-cutting,
plated,consolidated,inundated,intimidated,indicated,associated,excoriated,frustrated,reiterated,elevated,unabated,precipitated,alienated,incorporated,affiliated,feted,agitated,nauseated,attenuated,stipulated,motivated,abated,prorated,complicated,integrated,sated,intimated,allocated,unmitigated,delineated,belated,encapsulated,initiated,sophisticated,exacerbated,incapacitated,irritated,decapitated,dilapidated,interrelated,perforated,consecrated,mitigated,stated,deprecated,cultivated,articulated,isolated,educated,unadulterated,substantiated,promulgated,slated,liberated,emaciated,appreciated,created,incarcerated,intoxicated,obligated,aggravated,dated,bifurcated,graduated,serrated,related,antiquated,aggregated,mandated,exonerated,fascinated,devastated,truncated,outdated,emanated,situated,animated,inebriated,automated,elated,saturated,concentrated,dissipated,contaminated,exaggerated,designated,understated,infatuated,located,annotated,relegated,separated,anticipated,corrugated,eviscerated,overrated,bated,predicated,orientated,opinionated,exasperated
plate-dog,
plate-drilling,
plateful,fateful,hateful,crateful,stateful,bateful,ungrateful,grateful
platefuls,
plate-glass,
plate-glazed,
plateholder,
plateiasmus,
plat-eye,
plate-incased,
platelayer,
plate-layer,
plateless,
platelet,chatelet
platelets,
platelet's,
platelike,lookalike,fernlike,unlike,turnpike,stike,ghostlike,beaklike,bleich,glike,dislike,grike,ike,teich,like,trike,ladylike,snakelike,rike,hornlike,winglike,netlike,berrylike,plantlike,birdlike,wike,weich,carmike,eyelike,updike,unsportsmanlike,bike,warlike,spike,needlelike,fike,childlike,pyke,glasslike,moonlike,statesmanlike,fanlike,mosslike,apelike,dyke,hike,tike,lifelike,dyck,swordlike,reich,dike,knifelike,wyke,sharklike,wormlike,motorbike,shrike,pike,mike,businesslike,dreamlike,lyke,brike,workmanlike,strike,hitchhike,skrike,homelike,gleich,saltlike,doglike,klondike,starlike,leaflike,fyke,grasslike,eellike,airstrike,alike,vandyke,starchlike,eich,catlike,tyke,psych-,psych
platemaker,
platemaking,
plateman,
platemark,
plate-mark,
platemen,
plate-mounting,
platen,craton,gatton,slatten,patin,latin,baton,platten,batten,chattin,bratten,hattan,patten,staten,catton,hatten,hatton,grattan,caton,slaton,matton,lattin,braton,manhattan,pattin,gratin,paton,stratton,catain,ratten,bratton,statton,battin,matin,mchatton,gatten,brattin,slatton,fatten,patane,satin,staton,batton,flatten,platin,flaten,patton,gratton,laton
platens,
platen's,
plate-punching,
plater,rater,decorator,speculator,dictator,oscillator,infiltrator,freighter,pater,arbitrator,applicator,stater,liquidator,stator,collaborator,slater,legislator,grater,commentator,carburetor,incubator,originator,terminator,administrator,illustrator,actuator,insulator,gaiter,procrastinator,decatur,mediator,cater,curator,creator,exterminator,innovator,later,simulator,integrator,demonstrator,greater,alligator,indicator,generator,escalator,incinerator,operator,gladiator,navigator,educator,imitator,gator,detonator,translator,investigator,aviator,equator,skater,moderator,amphitheatre,fetor,activator,instigator,manipulator,calculator,traitor,viator,alternator,accelerator,litigator,facilitator,mercator,denominator,waiter,communicator,excavator,agitator,defibrillator,radiator,locator,eighter,amphitheater,refrigerator,perpetrator,fabricator,accumulator,animator,respirator,baiter,tater,hater,crater,coordinator,illuminator,mater,elevator,percolator,estimator,ventilator,regulator,negotiator
platerer,
plateresque,
platery,
plate-roll,
plate-rolling,
platers,waiters,dictators,batres,respirators,consolidators,slaters,caters,applicators,simulators,manipulators,indicators,mediators,defibrillators,actuators,paters,skaters,pontificaters,commentators,moderators,administrators,carburetors,imitators,syndicators,gators,locators,penetrators,curators,speculators,traitors,legislators,illustrators,perpetrators,raters,translators,estimators,gaiters,collaborators,radiators,animators,elevators,accelerators,incinerators,alligators,freighters,impersonators,educators,oscillators,craters,amphitheaters,coordinators,escalators,natters,facilitators,insulators,liquidators,incubators,instigators,innovators,haters,litigators,allocators,detonators,regulators,negotiators,operators,stimulators,infiltrators,cogenerators,appropriators,narrators,navigators,originators,procrastinators,superfreighters,accumulators,staters,excavators,debaters,renovators,refrigerators,investigators,demonstrators,creators,percolators,decorators,fabricators,equators,irrigators,calculators,gladiators,exterminators,agitators,arbitrators,integrators,generators,maters,interrogators
plates,traits,appreciates,rates,estimates,perpetuates,facilitates,indicates,operates,dissipates,corroborates,pates,skates,vacillates,delineates,mandates,necessitates,hippocrates,differentiates,grates,primates,postulates,accelerates,mates,equates,disseminates,affiliates,updates,ates,sates,creates,advocates,waits,expatriates,translates,nates,illustrates,deviates,plaits,resonates,repudiates,classmates,graduates,yates,slates,extrapolates,anticipates,radiates,states,exaggerates,teammates,relates,dates,predominates,negates,fates,separates,accommodates,integrates,crates,deteriorates,demonstrates,baits,approximates,commemorates,permeates,obviates,gates,chordates,yeats,infuriates,weights,annotates,exacerbates,fluctuates,coordinates,mitigates,allocates,emirates,invertebrates,inmates,emulates,estates,eights,predicates,awaits,straits,delegates,greats,bates,cates,coates,subordinates,fetes,associates,dictates,intimidates,evaporates,vertebrates
plate-scarfing,
platesful,
plate-shaped,
plate-shearing,
plate-tossing,
plateway,
platework,
plateworker,
plat-footed,
platform,transform,outperform,form,conform,lukewarm,maidenform,torme,brainstorm,cuneiform,perform,hailstorm,schwarm,storm,uniform,deform,horme,firestorm,sandstorm,reform,norm,disinform,rainstorm,forme,thunderstorm,coliform,warm,misinform,underperform,dorm,orme,inform,chloroform,freeform,windstorm,swarm,landform,barnstorm,snowstorm
platformally,
platformed,
platformer,
platformy,
platformish,
platformism,
platformist,
platformistic,
platformless,
platforms,landforms,storms,misinforms,corms,brainstorms,stormes,swarms,sandstorms,coliforms,ormes,norms,uniforms,forms,rainstorms,outperforms,conforms,reforms,transforms,performs,formes,thunderstorms,warms,informs,dorms,snowstorms
platform's,
plath,wrath,mcgrath,scath,fath,mcmath,ridpath,cath-,math,metpath,footpath,path,psychopath,rath,flath,aftermath,empath,vath,snath,spath,magrath,mcelrath,corath,hedgepath,sociopath,mcgath,strath,wolrath,lath,nath,hath,bath,sunbath,mcilrath,bloodbath,warpath,kath,gath,mcelreath,redpath,telepath,idiopath,pathe
plathelminth,
platy,katey,batey,baty,baity,hayti,beatty,kati,slatey,matey,slaty,maiti,haiti,patee,batie,paty,kuwaiti,m-80,platy-,weighty,matie,katie,iafrate,patey,leighty,katy,eighty
platy-,katey,batey,baty,baity,hayti,beatty,kati,slatey,matey,slaty,platy,maiti,haiti,patee,batie,paty,kuwaiti,m-80,weighty,matie,katie,iafrate,patey,leighty,katy,eighty
platybasic,
platybrachycephalic,
platybrachycephalous,
platybregmatic,
platic,
platycarya,
platycarpous,
platycarpus,
platycelian,
platycelous,
platycephaly,
platycephalic,
platycephalidae,
platycephalism,
platycephaloid,
platycephalous,
platycephalus,
platycercinae,
platycercine,
platycercus,
platycerium,
platycheiria,
platycyrtean,
platicly,
platycnemia,
platycnemic,
platycodon,
platycoelian,
platycoelous,
platycoria,
platycrania,
platycranial,
platyctenea,
platydactyl,
platydactyle,
platydactylous,
platydolichocephalic,
platydolichocephalous,
platie,
platier,
platies,
platiest,
platyfish,
platyglossal,
platyglossate,
platyglossia,
platyhelmia,
platyhelminth,
platyhelminthes,platyhelminths
platyhelminthic,
platyhieric,
platykurtic,
platykurtosis,
platilla,
platylobate,
platymery,
platymeria,
platymeric,
platymesaticephalic,
platymesocephalic,
platymeter,
platymyoid,
platin-,
platina,patena,katana
platinamin,
platinamine,
platinammin,
platinammine,
platinas,
platinate,
platinated,
platinating,
platine,
plating,self-deprecating,penetrating,skating,creating,contemplating,weighting,operating,escalating,exacerbating,grating,cultivating,intimidating,gating,illuminating,pulsating,exhilarating,deprecating,dominating,frustrating,eliminating,procrastinating,ingratiating,undulating,relating,emulating,titillating,permeating,discriminating,stating,infuriating,debilitating,rotating,implicating,abbreviating,instigating,validating,exasperating,humiliating,dating,nauseating,abrogating,incriminating,recuperating,salivating,suffocating,coordinating,reciprocating,fluctuating,rating,accumulating,initiating,devastating,emanating,liberating,anticipating,obviating,accelerating,alternating,activating,accommodating,alienating,berating,awaiting,vacillating,percolating,mating,stimulating,pontificating,perpetuating,communicating,indicating,irritating,culminating,mitigating,denigrating,waiting,deteriorating,bating,fascinating,advocating,delegating,delineating,radiating,subordinating,invigorating,articulating,annihilating,baiting,calculating,extenuating,captivating,gaiting,placating,intoxicating,oscillating,excruciating,aggravating,facilitating,excoriating,abating
platings,
platinic,stratonic,cratonic
platinichloric,
platinichloride,
platiniferous,
platiniridium,
platinisation,
platinise,
platinised,
platinising,
platinite,
platynite,
platinization,
platinize,latinize,patinize,latinise
platinized,latinized
platinizing,
platino-,
platinochloric,
platinochloride,
platinocyanic,
platinocyanide,
platinode,patenaude
platinoid,catenoid
platinoso-,
platynotal,
platinotype,
platinotron,
platinous,gelatinous,platanus
platinum,
platinum-blond,
platinums,
platinumsmith,
platyodont,
platyope,
platyopia,
platyopic,
platypellic,
platypetalous,
platyphyllous,
platypi,
platypygous,
platypod,
platypoda,
platypodia,
platypodous,
platyptera,
platypus,puss,octopus
platypuses,
platyrhina,
platyrhynchous,
platyrhini,
platyrrhin,
platyrrhina,
platyrrhine,
platyrrhini,
platyrrhiny,
platyrrhinian,
platyrrhinic,
platyrrhinism,
platys,eighties,batis,kuwaitis,haitis,euphrates,fetis
platysma,
platysmamyoides,
platysmas,
platysmata,
platysomid,
platysomidae,
platysomus,
platystaphyline,
platystemon,
platystencephaly,
platystencephalia,
platystencephalic,
platystencephalism,
platysternal,
platysternidae,
platystomidae,
platystomous,
platytrope,
platytropy,
platitude,allude,wooed,rude,barbecued,brood,snood,renewed,cooed,cued,slewed,subdued,interlude,servitude,shrewd,canoed,shoed,exude,stewed,solitude,rood,hewed,misconstrued,ensued,exactitude,sued,pursued,dude,fortitude,skewed,brewed,chewed,strude,latitude,elude,aptitude,mooed,certitude,spewed,screwed,construed,obtrude,crude,glued,rectitude,debuted,verisimilitude,lewd,protrude,blued,include,gratitude,reviewed,multitude,solicitude,queued,amplitude,seclude,extrude,unglued,nude,flewed,intrude,prelude,frankenfood,imbued,collude,magnitude,conclude,ineptitude,eschewed,hued,strewed,pseud,tude,mood,exclude,preclude,endued,trude,gude,turpitude,food,feud,denude,shooed,accrued,longitude,booed,prude,attitude,jude,tattooed,viewed,delude,likud,seafood,altitude
platitudes,seafoods,etudes,multifoods,magnitudes,bermudes,megafoods,foods,concludes,feuds,snoods,longitudes,crudes,intrudes,eludes,preludes,extrudes,prudes,deludes,precludes,dudes,moods,interludes,alludes,nudes,roods,broods,exudes,aptitudes,excludes,latitudes,attitudes,altitudes,multitudes,obtrudes,includes
platitudinal,
platitudinarian,attitudinarian,latitudinarian
platitudinarianism,
platitudinisation,
platitudinise,
platitudinised,
platitudiniser,
platitudinising,
platitudinism,
platitudinist,
platitudinization,
platitudinize,attitudinize,attitudinise
platitudinized,
platitudinizer,
platitudinizing,
platitudinous,
platitudinously,
platitudinousness,
platly,
plato,chato,kato,naito,cato,spoleto,keto,oliveto,caito,keto-,tomatoe,nato,mansueto,soweto,spoletto
platoda,
platode,
platodes,
platoid,
platon,chaton,haton
platonesque,
platonian,
platonic,ultrasonic,diatonic,chronique,leptonic,demonic,bubonic,medtronic,isotonic,embryonic,kronick,environic,teutonic,blahnik,ebonic,clonic,chronic,lexiphonic,symphonic,miltonic,hanak,respironic,tonic,tronic,canonic,fibronic,philharmonic,ganglionic,harmonic,hedonic,catatonic,telectronic,vanik,sardonic,varitronic,sonic,laconic,pneumonic,audiotronic,pharaonic,synchronic,hydroponic,diasonic,personic,hypersonic,nucleonic,chthonic,plutonic,neoplatonic,hyaluronic,napoleonic,avionic,yonic,ovonic,conic,stronach,ionic,propionic,tranzonic,supersonic,microelectronic,masonic,mnemonic,allophonic,planktonic,tectonic,monophonic,histrionic,ironic,telephonic,photronic,plantronic,gnomonic,hypertonic,isoelectronic,hegemonic,panasonic,electronic,flextronic,phonic,lasersonic,connick,polyphonic
platonical,
platonically,
platonicalness,
platonician,
platonicism,
platonisation,
platonise,
platonised,
platoniser,
platonising,
platonism,
platonist,satanist,neoplatonist
platonistic,
platonization,
platonize,
platonizer,
platoon,coon,hoon,typhoon,cameroon,yoon,impugn,pantaloon,toon,bassoon,boon,monsoon,festoon,balloon,strewn,cartoon,immune,cardoon,shewn,saskatoon,witherspoon,soon,brune,prune,afternoon,croon,spoon,kroon,harpoon,cahoon,galloon,hewn,shoen,gruen,troon,kuhn,raccoon,lampoon,honeymoon,pontoon,tune,suine,picayune,noone,saloon,shoon,suen,dune,laffoon,magoon,opportune,contrabassoon,muldoon,june,teaspoon,rangoon,noon,sassoon,cancun,loon,moone,poon,buffoon,rune,commune,maroon,terhune,cocoon,attune,lagoon,midafternoon,calhoun,jeune,bethune,swoon,goon,inopportune,koon,baboon,tycoon,boone,clune,mattoon,moon,calhoon,tablespoon
platooned,
platooning,
platoons,lunes,nunes,runes,pontoons,typhoons,boons,tunes,lagoons,noons,harpoons,communes,kunes,impugns,honeymoons,loons,croons,afternoons,saloons,swoons,kuhns,coons,pantaloons,baboons,cartoons,balloons,coones,goons,spoons,verboons,junes,prunes,tablespoons,clunes,monsoons,moons,cocoons,toons,teaspoons,raccoons,koons,tycoons,dunes,funes
platopic,
platosamine,
platosammine,
plato-wise,
plats,gnats,at-bats,stats,formats,dats,pats,cats,platts,bureaucrats,bratsk,batz,kratz,katz,rats,caveats,chats,habitats,laundromats,bats,splats,flats,prats,oshatz,sprats,blatz,wombats,copycats,blats,ghats,gratz,schatz,vats,wildcats,polecats,gatz,mattes,thundercats,datz,coseratz,chatz,diplomats,ziggurats,mats,bratz,statz,technocrats,brats,ratts,klatsch,plutocrats,bratsche,ratz,frats,aristocrats,spatz,matz,matts,fats,doormats,batts,combats,slats,lats,kats,aerostats,badavatz,thermostats,shatz,hats,nats,democrats,rosenblatts,thats,spats,hatz,satz,acrobats,patz,scats,brickbats,platz,lattes,latz,bahts,atz,tsatske,pussycats,glatz
platt,kitcat,pussycat,bratt,gnat,muskrat,schmatte,wombat,plutocrat,sprat,placemat,babysat,sat,gujarat,at,doormat,platte,scat,scrat,gatt,chitchat,tit-for-tat,pat,thundercat,habitat,stat,gat,tomcat,combat,polecat,blatt,matt,nat,batt,cat,diplomat,patte,chat,strat,hatte,acrobat,kat,that,inmarsat,democrat,begat,slat,scatt,dat,butterfat,copycat,brat,flat,tat,aerostat,bobcat,bureaucrat,bat,fat,ziggurat,laundromat,catt,splat,mat,spat,nonfat,matte,format,patt,latke,brickbat,elat,rat,caveat,wildcat,technocrat,hat,vat,thermostat,glatt,aristocrat,autocrat,sadat,pratt
plattdeutsch,
platte,kitcat,pussycat,bratt,gnat,muskrat,schmatte,wombat,plutocrat,sprat,placemat,babysat,sat,gujarat,at,doormat,scat,scrat,gatt,chitchat,tit-for-tat,pat,thundercat,habitat,stat,gat,tomcat,combat,polecat,blatt,matt,nat,batt,cat,diplomat,patte,chat,strat,hatte,acrobat,kat,that,inmarsat,democrat,begat,slat,scatt,dat,butterfat,platt,copycat,brat,flat,tat,aerostat,bobcat,bureaucrat,bat,fat,ziggurat,laundromat,catt,splat,mat,spat,nonfat,matte,format,patt,latke,brickbat,elat,rat,caveat,wildcat,technocrat,hat,vat,thermostat,glatt,aristocrat,autocrat,sadat,pratt
platted,slatted,matted,batted,dratted,fatted,tatted,vatted,spatted,flatted,blatted,hatted,ratted,scatted,patted,chatted,catted
plattekill,
platteland,
platten,craton,gatton,slatten,patin,latin,baton,batten,chattin,bratten,hattan,patten,staten,catton,hatten,hatton,grattan,caton,slaton,matton,lattin,braton,manhattan,pattin,gratin,paton,stratton,catain,ratten,bratton,statton,battin,matin,mchatton,gatten,brattin,slatton,fatten,patane,satin,staton,batton,flatten,platin,flaten,patton,gratton,platen,laton
plattensee,
plattenville,
platter,natter,vannater,tatter,splatter,tatar,matter,satter,scatter,vatter,vanatter,schlatter,blatter,attar,shatter,clatter,batter,chitterchatter,mcphatter,slatter,mcfatter,patter,latter,smatter,mater,spatter,chatter,ratter,flatter,sater,antimatter,hatter,vannatter,wildcatter,fatter
platterface,
platter-faced,
platterful,
platters,tatters,tatars,matters,scatters,hatters,batters,spatters,wildcatters,flatters,clatters,splatters,shatters,patters,taters,chatters,graters
platter's,
platteville,
platty,
platting,wildcatting,vatting,hatting,batting,fatting,patting,gatting,sating,blatting,catting,chatting,spatting,copycatting,datong,satang,ratting,tatting,matting,slatting,combating,combatting,flatting,scatting
plattnerite,
platto,
plattsburg,
plattsburgh,schatzberg
plattsmouth,
platurous,
platus,
plaucheville,
plaud,rashad,ramrod,sprod,quad,strawed,yawed,arthropod,baaed,pernod,petard,braud,applaud,mossad,prod,pod,sod,outlawed,shod,cephalopod,laude,penrod,clawed,assad,hawed,god,roughshod,bawd,saud,belgrade,ipod,raad,schrod,chawed,plod,tod,escalade,peapod,tightwad,riyadh,elrod,tawed,squad,aud,codd,awed,todd,odd,abroad,trod,wad,jawed,defraud,thawed,flawed,nod,brod,saad,fraud,goldenrod,ballade,dodd,claud,antifraud,pawed,tripod,natividad,glod,novgorod,riyad,mod,maud,esplanade,cawed,riad,brachiopod,rod,claude,seesawed,broad,baud,sawed,fahd,chaud,backboard,chmod,slipshod,seedpod,abad,facade,maraud,laud,gnawed,cod,scrod,maude
plaudation,
plaudit,godet,baudot,daudet
plaudite,
plauditor,
plauditory,
plaudits,odets,audits
plauen,lohan,draughon,frauen,gaughan,straughan,tauon,lauan,sawan,baughan,gawen,jawan
plauenite,
plausibility,unavailability,readability,maneuverability,feasibility,responsibility,sensibility,incompatibility,humility,palatability,desirability,ductility,accessibility,hostility,inevitability,credibility,liability,applicability,inability,deniability,motility,fragility,availability,comprehensibility,adaptability,durability,malleability,believability,senility,eligibility,acceptability,vulnerability,volatility,fallibility,infallibility,admissibility,inflexibility,capability,virility,flexibility,civility,comparability,marketability,infertility,miscibility,mobility,compatibility,instability,utility,agility,irritability,gullibility,unpredictability,debility,irresponsibility,dependability,tranquility,visibility,advisability,transferability,invulnerability,versatility,ability,amiability,stability,reliability,disability,sterility,gentility,flammability,profitability,portability,possibility,docility,affordability,suitability,enforceability,sustainability,probability,facility,nobility,susceptibility,legibility,immobility,viability,culpability,survivability,inaccessibility,fertility,predictability,futility,invincibility,collectibility,invisibility,variability,incivility,impossibility,permeability,respectability
plausibilities,
plausible,implausible,causable
plausibleness,
plausibly,implausibly
plausive,
plaustral,
plautine,
plautus,
plaza,pedraza,tazza,piazza,podraza,bozza,raza,maza,mazza,zentralsparkasse,barraza,braza,gaza,kasbah,brazza,glaza,carozza,scocozza,peraza,adaza
plazas,pauses,clauses,vases,pazazz,spazzes,lases,gauzes,asbos,vosges,causes
plazolite,
plbroch,
plc,
plcc,
pld,
plea,free,gee,payee,lea,she,tree,reality,glee,referee,si,ye,quay,guarantee,flea,we,spree,bourgeoisie,cree,de,degree,snee,scree,nestle,potpourri,sunday,lessee,tea,repartee,asap,marquee,turnkey,manatee,sea,pony,marquis,dee,flee,kabuki,pee,ghee,jubilee,ree,xi,decree,t,key,b,foresee,z,tv,be,ski,trustee,ne,p,cc,agree,apogee,hawaii,idiosyncrasy,ac,bee,knee,partee,g,qi,actuary,syncope,hee,me,tee,fee,nee,calliope,machete,esprit,guaranty,lee,pea,precis,oversee,carefree,c,hyperbole,three,indri,pre,mi,v,thee,e,emcee,d,he,banshee,see,debris,wee,yee,di
pleach,breech,beech,wiech,beseech,leach,keach,breach,leech,piech,meach,veech,pietsch,each,cheech,overreach,keetch,speech,peach,keech,dietsch,reach,preach,reeche,bleach,microfiche,screech,seabeach,weech,leitch,creech,veach,outreach,swiech,inspeech,veatch,creach,dreich,dietsche,long-beach,broadbeach,impeach,beach,leetch,queach,teach,meech
pleached,breached,leeched,peached,overreached,bleached,leached,reached,breeched,beached,beseeched,screeched,impeached,preached
pleacher,
pleaches,
pleaching,leeching,teaching,beseeching,peaching,preaching,breeching,overreaching,breaching,speeching,impeaching,leaching,reaching,screeching,beaching,bleaching
plead,lead,knead,mislead,inbreed,reid,rapeseed,freed,fireweed,speed,bead,screed,proceed,ganymede,ragweed,read,breed,airspeed,nead,flaxseed,hamid,seaweed,steed,stampede,appleseed,skeed,succeed,tweed,proofread,siegfried,milkweed,swede,cede,rashid,fried,dreed,oilseed,saeed,guaranteed,decreed,precede,agreed,teed,duckweed,beede,gleed,misread,recede,intercede,skied,treed,supersede,overfeed,linseed,need,gilead,nosebleed,feed,kneed,aniseed,aristide,impede,misdeed,accede,reed,meade,bleed,bede,eade,smead,peed,degreed,leed,reread,deed,seed,sneed,keyed,ede,mead,concede,exceed,snead,brede,reseed,secede,dede,glead,indeed,weed,greed,heed,prophesied,pitied,centipede,pokeweed,glede,creed
pleadable,unreadable,kneadable,readable
pleadableness,
pleaded,proceeded,reeded,unheeded,preceded,receded,seceded,unimpeded,succeeded,unneeded,heeded,exceeded,needed,interceded,deeded,stampeded,beaded,conceded,ceded,kneaded,weeded,seeded,superseded,speeded,impeded,acceded
pleader,cheerleader,ceder,neider,bleeder,sheeder,kedar,breeder,eader,copyreader,lieder,wieder,rieder,veeder,leeder,heder,meader,seeder,reader,cedar,nieder,feeder,reider,meeder,grieder,speeder,kneader,meder,weeder,ringleader,meador,reeder,birdfeeder,beader,needer,leader
pleaders,
pleading,exceeding,deeding,inbreeding,reading,succeeding,conceding,ceding,proofreading,seceding,breeding,cheerleading,heeding,preceding,superseding,impeding,proceeding,seeding,cleading,misreading,reding,receding,sheading,preceeding,speeding,reeding,bleeding,weeding,misleading,acceding,rereading,beading,kneading,stampeding,interceding,feeding,leading,needing
pleadingly,misleadingly,leadingly,exceedingly
pleadingness,
pleadings,feedings,readings,proceedings
pleads,recedes,impedes,needs,medes,leads,steeds,reeds,screeds,oilseeds,heeds,feeds,edes,misleads,seeds,cedes,succeeds,speeds,meeds,eads,accedes,meads,exceeds,weeds,concedes,reads,beads,precedes,misdeeds,eades,tweeds,supersedes,preceeds,proceeds,leeds,creeds,pedes,kneads,deeds,swedes,redes,breeds,seaweeds,bleeds
pleaproof,
pleas,ease,trapeze,actuaries,reis,rameses,guarantees,isosceles,geez,parentheses,hypotheses,analyses,chese,teas,idiosyncrasies,skis,striptease,oversees,please,unease,headcheese,trees,expertise,maltese,cadiz,portuguese,creaze,lees,wheeze,jeez,flees,displease,chinese,taiwanese,pcs,manganese,socrates,appease,degrees,testes,squeeze,hyades,tease,freeze,chemise,javanese,antifreeze,sease,diocese,japanese,feaze,aziz,breeze,dees,tweeze,burmese,emphases,sneeze,tees,fleas,keys,agrees,peas,maccabees,these,cantonese,disease,belize,sleaze,seas,seize,siamese,seese,cheese,louise,indices,feces,overseas,mores,knees,journalese,pleiades,damocles,fees,sees,balinese,munchies,pease,wease,bees,sinhalese,bes,leas,hercules,attendees,frieze,niese,reprise
plea's,
pleasable,
pleasableness,
pleasance,presence,omnipresence
pleasant,omnipresent,bezzant,unpleasant,pheasant,present,peasant,besant
,
