phlyctena,
phlyctenae,
phlyctenoid,
phlyctenula,
phlyctenule,
phlyzacious,
phlyzacium,
phlobaphene,
phlobatannin,
phloem,proem
phloems,
phloeophagous,
phloeoterma,
phloeum,
phlogisma,
phlogistian,
phlogistic,yogistic
phlogistical,
phlogisticate,
phlogistication,
phlogiston,
phlogistonism,
phlogistonist,
phlogogenetic,
phlogogenic,
phlogogenous,
phlogopite,plebiscite,contrite,feit,outright,sleight,extradite,bight,wright,apartheid,sprite,recondite,height,spotlight,cite,parasite,alright,alight,recite,midnight,indite,downright,unite,plight,write,blight,excite,lignite,kite,fight,oversight,sight,bite,wight,meteorite,forthright,flight,overwrite,hindsight,incite,neophyte,polite,smite,foresight,limelight,byte,smight,finite,lite,quite,goodnight,upright,despite,website,delight,spite,luddite,frostbite,playwright,might,erudite,tripartite,satellite,appetite,twilight,bright,backbite,uptight,fahrenheit,white,slight,mite,overnight,site,expedite,twite,copyright,knight,apatite,insight,fright,acolyte,underwrite,rite,graphite,brite,ignite,fortnight,night,highlight,moonlight,indict,invite,right,dight,trite,tight,light,rewrite,hermaphrodite,nite
phlogosed,
phlogosin,
phlogosis,
phlogotic,
phlomis,momus,chromous,deltadromeus,domas,glomus,dromous,mccomas,comus,promus,bromus
phloretic,chlorotic,chloritic,porotic
phloretin,
phlorhizin,
phloridzin,
phlorina,
phlorizin,borazon
phloro-,
phloroglucic,
phloroglucin,
phloroglucinol,
phlorol,boreal,oral,sorell,zorille,moril,laurel,durrell,turrill,surrell,saurel,hurrell,thoral,forel,burrill,norrell,borrel,norell,amoral,boral,moral,turrell,tearle,forrill,sorrel,auroral,aural,choral,quarrel,horrell,reloral,morelle,roral,immoral,balmoral,coral,corle,orel,murrell,sorel,loral,horal,borel,lorel,torril,thorell,sorrell,morell,floral,goral,curle,bawrel,murrill,koral,borell,chloral,zoril
phlorone,laurone,pyrone,styrone,morone,irone,phorone,neurone
phlorrhizin,
phlox,detox,lox,matchbox,boombox,tarbox,box,flummox,vaux,hawks,saltbox,hocks,soapbox,crocs,outfox,faux,heterodox,sox,docks,flocks,locks,glaux,breadbox,hydrox,icebox,hollyhocks,talks,balks,unorthodox,vox,walks,foxx,tinderbox,palafox,socks,pox,mocks,ochs,blocs,feedstocks,rox,stocks,blocks,gawks,frocks,cocks,toolbox,stalks,sandbox,aftershocks,lawks,knox,mailbox,roadblocks,sachs,shocks,knocks,orthodox,clocks,peacocks,fawkes,cox,fox,ox,boondocks,jocks,smallpox,skybox,equinox,rocks,botox,jukebox,gearbox,paradox,goldilocks,nocks
phloxes,detox,lox,matchbox,boombox,tarbox,box,phlox,flummox,vaux,hawks,saltbox,hocks,soapbox,crocs,outfox,faux,heterodox,sox,docks,flocks,locks,glaux,breadbox,hydrox,icebox,hollyhocks,talks,balks,unorthodox,vox,walks,foxx,tinderbox,palafox,socks,pox,mocks,ochs,blocs,feedstocks,rox,stocks,blocks,gawks,frocks,cocks,toolbox,stalks,sandbox,aftershocks,lawks,knox,mailbox,roadblocks,sachs,shocks,knocks,orthodox,clocks,peacocks,fawkes,cox,fox,ox,boondocks,jocks,smallpox,skybox,equinox,rocks,botox,jukebox,gearbox,paradox,goldilocks
phloxin,
phm,
pho,
phobe,wardrobe,loeb,jobe,microbe,lobe,thobe,tobe,robe,strobe,technophobe,probe,anaerobe,bathrobe,globe,teleglobe,latrobe,shobe,grobe,bobe,neoprobe,cobe,teleprobe,mobe,prob
phobetor,
phoby,
phobia,zenobia,cobaea,cobia,xenophobia,agoraphobia,cancerphobia,claustrophobia,tobia,homophobia,obeah,robia
phobiac,
phobias,
phobic,robak,claustrophobic,aerobic,anaerobic,bobak,dobek,homophobic,bobek,kobak,chrobak,sobek
phobics,
phobies,
phobism,
phobist,
phobophobia,
phobos,lobos
phobus,
phoca,coca,larocca,sroka,aloka,seroka,soroka,nishioka,shizuoka,oka,cloaca,fukuoka,muraoka,fujioka,boca,savoca,moca,matsuoka,roka,kataoka,bocce,rocha,moka,morioka,cocca,darocha,roca,ciocca,mocha,yoshioka,arocha,loca,carioca,iacocca
phocacean,
phocaceous,
phocaea,czechoslovakia,slovakia,lamacchia,cornacchia
phocaean,
phocaena,
phocaenina,
phocaenine,
phocal,vocal,zocle,trokel,stoeckel,local,socle,pokal,stoeckle,sokol,focal,socal,bocal,moeckel,vanroekel,boeckel
phocean,
phocenate,
phocenic,phosphonic
phocenin,
phocian,
phocid,
phocidae,rosidae,bossidy,prosody,psocidae
phociform,
phocylides,
phocinae,
phocine,picine,piscine,husain,lycine,fuscine,sasine,glaucine,vicine,decine
phocion,
phocis,asbestosis,atherosclerosis,hypnosis,neurosis,tuberculosis,psychosis,nephrosis,diagnosis,neurofibromatosis,thrombosis,sclerosis,meiosis,osteoporosis,endometriosis,apotheosis,actinomycosis,fibrosis,acidosis,misdiagnosis,arteriosclerosis,prognosis,kocis,necrosis,osmosis,cirrhosis,symbiosis,heterosis
phocodont,
phocodontia,
phocodontic,
phocoena,
phocoid,
phocomeli,
phocomelia,
phocomelous,
phocomelus,
phoebads,
phoebe,freebie,freebee,habibi,tahmassebi,bebe,leiby,habibie,smeby,abitibi,uribe,seabee,beeby,eby,nashashibi,gleby,phebe,ribi,hebei
phoebean,
phoebes,
phoebus,feebis,phebus,rebus,zebus,paribas,glebous,cebus
phoenicaceae,
phoenicaceous,
phoenicales,
phoenicean,
phoenicia,lucretia,vitia,avitia,sheesha,waukesha,felicia,lucrecia,espitia,alisha
phoenician,excretion,tieszen,depletion,completion,accretion,cretian,secretion,grecian,venetian,deletion,rhaetian,diecian,carburetion,rhetian
phoenicianism,
phoenicians,grecians,secretions,completions,deletions
phoenicid,
phoenicis,
phoenicite,
phoenicize,
phoenicochroite,
phoenicopter,
phoenicopteridae,
phoenicopteriformes,
phoenicopteroid,
phoenicopteroideae,
phoenicopterous,
phoenicopterus,
phoeniculidae,
phoeniculus,
phoenicurous,
phoenigm,
phoenix,kleenex,enex
phoenixes,
phoenixity,
phoenixlike,
phoenixville,
phoh,
phokomelia,
pholad,squalid,solid,khalid,stolid,callid,mawlid
pholadacea,
pholadian,
pholadid,
pholadidae,
pholadinea,
pholadoid,
pholas,bolas,molas,aulos,kalas,tholos,kolos,gonzalez,volos,halas,solas,dolos,koalas
pholcid,
pholcidae,
pholcoid,
pholcus,
pholido,
pholidolite,
pholidosis,
pholidota,
pholidote,
pholiota,
phoma,
phomopsis,
phomvihane,
phon,
phon-,polygon,hon,echelon,epsilon,amazon,drawn,moron,aileron,nylon,flawn,meson,pawn,radon,woebegone,marathon,automaton,paragon,hogan,forgone,upon,bygone,antiphon,ron,khan,amadon,octagon,agamemnon,liaison,spawn,aragon,pecan,photon,yon,foregone,emoticon,juan,coupon,john,tron,pantheon,baton,pylon,carillon,phenomenon,han,parmesan,pion,oregon,braun,on,non,dawn,argon,iran,babylon,exon,lawn,yawn,chiffon,micron,celadon,lexicon,swan,brawn,pentagon,don,withdrawn,crayon,oman,fawn,wan,rapprochement,proton,boron,mastodon,oberon,con,avalon,axon,gabon,capon,sean,denouement,prawn,neutron,salon,quan,bon,yuan,hexagon,gone
phon.,
phonal,tonal,clonal,conal,hormonal,atonal,monoclonal,monal,zonal
phonasthenia,
phonate,sonet,pronate,donat,gonet,dronet,zonate
phonated,pronated
phonates,
phonating,
phonation,conation,pronation,zonation
phonatory,
phonautogram,
phonautograph,
phonautographic,
phonautographically,
phone,millstone,prone,roan,atone,flown,simone,headstone,drone,grown,overtone,baritone,clone,postpone,sloan,hormone,jawbone,whetstone,tombstone,milestone,sewn,shone,allophone,tone,microphone,moan,joan,leone,anemone,limestone,cobblestone,hone,mon,scone,alone,sown,lone,intone,monotone,condone,mone,cyclone,rhinestone,crone,unknown,t-bone,touchstone,keystone,zone,backbone,loan,gladstone,capstone,own,pheromone,headphone,collarbone,cornerstone,cologne,known,throne,brownstone,cone,saxophone,thrown,lodestone,capone,rone,moonstone,rhone,earphone,fone,testosterone,groan,acetone,chaperone,blown,shown,overthrown,strown,overblown,bone,disown,undertone,megaphone,stone,telephone,bemoan,francophone,silicone,homophone,trombone,sharon,xylophone,homegrown,gemstone,cicerone,argonne,ozone
phoned,toned,doand,stoned,dethroned,coned,telephoned,loaned,throned,disowned,honed,boned,intoned,moaned,postponed,droned,condoned,cloned,zoned,owned,groaned,bemoaned
phoney,tassone,roney,calderone,baroni,marconi,bottone,acrimony,sanctimony,stoney,ione,cardone,toni,alimony,perrone,testimony,corleone,tony,berlusconi,crony,bony,nakasone,cerone,maroni,boni,macaroni,cassoni,dhony,parsimony,abalone,mulroney,mangone,loney,moloney,baloney,langone,cassone,phony,oney,toney,palimony,roni,antone,cantone,rigatoni,castiglione,pallone,poney,maglione,negroni,bertone,chalcedony,pepperoni,loanee,caponi,desimone,bologna,croney,benoni,sony,patrimony,campione,montone,boney,droney,morrone,matrimony,joni,moroni,falcone,peroni,balboni,patrone,ciccone,maloney,telephony,drony,leoni,sapone,lowney,progne,frowney,shoshone,soni,mony,moroney,ceremony,marrone,mahoney,stony,sassone,coney,melone,buffone,salomone
phoneidoscope,
phoneidoscopic,
phoneyed,
phoneier,
phoneiest,
phone-in,ronin,koenen,cronin,cronan,conan,onan,melatonin,yonan,arizonan,lonon,honan,cronen,ahonen,kronen,bohnen,bonin,xoanon,serotonin,ronen,kohnen,ronan,seratonin
phoneys,
phonelescope,
phonematic,
phonematics,
phoneme,
phonemes,
phoneme's,
phonemic,bulemic,hypoglycemic,haemic,demic,anemic
phonemically,
phonemicist,
phonemicize,
phonemicized,
phonemicizing,
phonemics,
phonendoscope,
phoner,homeowner,groaner,hoener,shareowner,hohner,kroner,mineowner,moaner,shipowner,kohner,dohner,croner,owner,zonar,goehner,honer,foner,landowner,kronor,kroener,loaner,bohner,rohner,isotoner,loner,boehner,lohner,broner,donor,schoener,groner,boner,stoner,toner,bonar
phones,gladstones,microphones,fones,megaphones,reesjones,hipbones,hormones,cheekbones,pheromones,cyclones,mones,saxophones,earphones,crones,joens,cones,scones,trones,leones,tombstones,goens,soens,zones,moonstones,thrones,bones,stones,crossbones,roans,lones,keystones,intones,hailstones,backbones,postpones,sones,allophones,thoennes,condones,interacciones,flagstones,bemoans,goans,businessphones,cobblestones,clones,lohnes,silicones,tones,madstones,milestones,quinones,romanones,telephones,groans,jones,homophones,gravestones,trombones,headphones,hones,rhys-jones,gemstones,gallstones,loans,unknowns,overtones,limestones,cornerstones,undertones,drones,owns,daimones,koans,moans,halftones,knowns,flintstones,cherrystones,headstones,baritones,rhinestones,chaperones,airfones
phonesis,
phonestheme,
phonesthemic,
phonet,
phonetic,parthenogenetic,diamagnetic,apathetic,energetic,unapologetic,magnetic,empathetic,geomagnetic,athletic,petak,prophetic,pharmakinetic,dietetic,apologetic,emetic,ferromagnetic,arithmetic,pathetic,unsympathetic,esthetic,prosthetic,aesthetic,bionetic,parasympathetic,intermagnetic,helionetic,frenetic,genetic,poetic,peripatetic,diuretic,kinesthetic,kinetic,electromagnetic,etaac,synthetic,lettic,hettick,paramagnetic,diabetic,alphabetic,cosmetic,synergetic,anesthetic,hyperkinetic,sympathetic,ascetic,homiletic,acetic,epigenetic
phonetical,
phonetically,synthetically,cosmetically,genetically,magnetically,apologetically,esthetically,hermetically,aesthetically,parenthetically,pathetically,sympathetically,alphabetically,poetically,athletically,hypothetically,energetically,theoretically
phonetician,
phoneticians,
phoneticism,
phoneticist,
phoneticization,
phoneticize,
phoneticogrammatical,
phoneticohieroglyphic,
phonetics,agrigenetics,helionetics,intermagnetics,bionetics,tettix,kinetics,esthetics,pharmakinetics,athletics,reprogenetics,diabetics,prosthetics,metics,cadnetix,genetics,aesthetics,diuretics,cosmetics,cognetics,synthetics,odetics,dianetics,magnetics,anesthetics,asthmatics
phonetism,
phonetist,
phonetization,monetization
phonetize,monetise,sonnetize,monetize
phonevision,
phonghi,
phony,tassone,roney,calderone,baroni,marconi,bottone,acrimony,sanctimony,stoney,ione,cardone,toni,alimony,perrone,testimony,phoney,corleone,tony,berlusconi,crony,bony,nakasone,cerone,maroni,boni,macaroni,cassoni,dhony,parsimony,abalone,mulroney,mangone,loney,moloney,baloney,langone,cassone,oney,toney,palimony,roni,antone,cantone,rigatoni,castiglione,pallone,poney,maglione,negroni,bertone,chalcedony,pepperoni,loanee,caponi,desimone,bologna,croney,benoni,sony,patrimony,campione,montone,boney,droney,morrone,matrimony,joni,moroni,falcone,peroni,balboni,patrone,ciccone,maloney,telephony,drony,leoni,sapone,lowney,progne,frowney,shoshone,soni,mony,moroney,ceremony,marrone,mahoney,stony,sassone,coney,melone,buffone,salomone
phoniatry,
phoniatric,
phoniatrics,
phonic,allophonic,respironic,masonic,personic,hypersonic,histrionic,mnemonic,synchronic,polyphonic,varitronic,tranzonic,isotonic,miltonic,ironic,isoelectronic,planktonic,pharaonic,panasonic,avionic,diasonic,hypertonic,tronic,chronic,leptonic,flextronic,audiotronic,environic,chthonic,pneumonic,electronic,plutonic,microelectronic,hyaluronic,blahnik,symphonic,plantronic,ovonic,bubonic,neoplatonic,hedonic,chronique,harmonic,ultrasonic,philharmonic,diatonic,fibronic,gnomonic,sonic,laconic,platonic,nucleonic,telectronic,hanak,hydroponic,monophonic,ionic,yonic,propionic,ganglionic,tonic,kronick,hegemonic,catatonic,lexiphonic,supersonic,embryonic,vanik,napoleonic,ebonic,lasersonic,photronic,stronach,clonic,teutonic,demonic,conic,telephonic,canonic,sardonic,tectonic,connick,medtronic
phonically,sonically,conically,electronically,tonically,chronically,sardonically
phonics,photronics,tektronix,sonics,onyx,conics,plantronics,nucleonics,histrionics,molonicks,microelectronics,audiotronics,telectronics,endotronics,vitronics,ionics,siliconix,respironics,tectonics,lumonics,environics,lasersonics,ebonics,centronics,tonics,harmonics,telephonics,diasonics,fibronics,sconnix,flextronics,personics,avionics,mnemonics,electronics
phonied,
phonier,sonier,monier,bonior,tonier,stonier
phonies,conies,tonies,ponies,ceremonies,cronies,testimonies,coneys,tonys
phoniest,boniest,stoniest
phonying,
phonikon,
phonily,
phoniness,stoniness,bonyness,boniness
phoning,zoning,bemoaning,boehning,loaning,moaning,koning,postponing,telephoning,intoning,froning,condoning,boning,honing,coning,groaning,rezoning,jawboning,cloning,droning,toning,chaperoning,throning,stoning
phonism,
phono,phono-,colantuono,sharbono,aronow,chombiono,akebono,ono,debono,mono,kono,gono-,buono,alfono,bono,no-no,loiacono,riccobono,londono,delbuono,mono-,dantuono,iacono,dibuono,tesobono,arcidiacono
phono-,colantuono,sharbono,aronow,chombiono,akebono,ono,debono,mono,kono,gono-,buono,alfono,bono,no-no,loiacono,riccobono,phono,londono,delbuono,mono-,dantuono,iacono,dibuono,tesobono,arcidiacono
phonocamptic,
phonocardiogram,
phonocardiograph,
phonocardiography,
phonocardiographic,
phonocinematograph,
phonodeik,
phonodynamograph,
phonoglyph,
phonogram,sphenogram,venogram,renogram,chronogram
phonogramic,
phonogramically,
phonogrammatic,
phonogrammatical,
phonogrammic,
phonogrammically,
phonograph,calf,laff,skaff,msafp,falstaff,schaff,autograph,monograph,understaff,half,paff,echograph,gaffe,graeff,graf,hackstaff,naff,behalf,raff,taffe,laugh,carafe,assaf,bickerstaff,pendergraph,gaf,staff,lithograph,paragraph,sielaff,shaff,polygraph,braff,sclaff,telegraph,photograph,grindstaff,raf,draff,pfaff,graff,unitaf,chaff,taff,spectrograph,hectograph,graph,mimeograph,overstaff,intergraph,pinkstaff,biggerstaff,epitaph,rhaphe,wagstaff,longstaff,riffraff,flagstaff,raphe,giraffe,haff,allograph,fraph,scaff,graefe,choreograph,metcalf,staph,reprograph,gaff,yaffe,grandstaff,graef
phonographally,
phonographer,
phonography,
phonographic,
phonographical,
phonographically,
phonographist,
phonographs,chaffs,autographs,allographs,afspc,polygraphs,staffs,epitaphs,laughs,crafts,aircrafts,hafts,paragraphs,photographs,flagstaffs,gaffes,graphs,giraffes,lithographs
phonol,
phonol.,
phonolite,
phonolitic,
phonologer,
phonology,she,key,p,partee,guarantee,emcee,c,free,indri,v,dee,we,payee,wee,hee,d,lessee,pea,tree,hawaii,asap,nestle,qi,snee,di,marquis,si,bourgeoisie,see,guaranty,ye,precis,lee,nee,fee,pee,turnkey,jubilee,scree,degree,sunday,repartee,lea,yee,gee,sea,mi,b,three,knee,cc,pony,oversee,xi,de,apogee,flee,pre,ac,actuary,calliope,spree,e,bee,syncope,cree,tv,potpourri,machete,trustee,reality,g,tea,ne,marquee,carefree,glee,he,debris,esprit,thee,me,tee,ghee,t,idiosyncrasy,hyperbole,banshee,agree,flea,kabuki,ree,foresee,be,ski,decree,z,quay,plea,referee
phonologic,
phonological,archeological,toxicological,pathological,ornithological,astrological,teleological,chronological,pharmacological,etymological,sociological,gynecological,ontological,mythological,psychological,dermatological,serological,neurological,virological,eschatological,anthropological,seismological,ideological,physiological,radiological,methodological,topological,epidemiological,theological,illogical,immunological,biological,pedagogical,geological,zoological,deontological,scatological,ecological,morphological,logical,technological,biotechnological,meteorological,archaeological
phonologically,
phonologist,
phonologists,
phonomania,
phonometer,tonometer,sonometer,chronometer
phonometry,
phonometric,
phonomimic,
phonomotor,nanometre
phonon,monnin,bonnin,donnan,kannan,kwannon,chronon,connan,dornin,cronyn,saanen,konen,faughnan,lehtonen,connon,onnen,narayanan,sonnen
phonons,
phonopathy,
phonophile,
phonophobia,chronophobia,monophobia
phonophone,
phonophore,
phonophoric,
phonophorous,
phonophote,
phonophotography,
phonophotoscope,
phonophotoscopic,
phonoplex,
phonopore,
phonoreception,
phonoreceptor,
phonorecord,
phonos,
phonoscope,chronoscope
phonotactics,
phonotelemeter,
phonotype,
phonotyper,
phonotypy,stenotypy
phonotypic,
phonotypical,
phonotypically,
phonotypist,
phons,
phonsa,
phoo,
phooey,gluey,cooee,gooey,dewey,hughy,suey,booee,tuohy,stewy,fouhy,mitsui,hughie,krawccykiewi,huey,chopsuey,lewy,shui,viewy,tsui,hughey,hewey,thewy,dewy,screwy,bluey,grenouille,shuey,huie,lewey,blooey,ennui,hooey,chewy,uy,buoy,shooi,spewy,fukui,ewy,pewee,louis,toohey,sui,kooi,chop-suey,duey,lewi,kooy,sansui,matsui
phooka,
phoo-phoo,
phora,
phoradendron,
phoranthium,
phorate,quorate,karaite,urate,morate,cirrate
phorates,
phorbin,
phorcys,
phore,core,commodore,hardcore,eyesore,ashore,sore,restore,singapore,backdoor,door,tore,tor,encore,more,mentor,therefore,therefor,wore,crore,sophomore,evermore,dior,folklore,explore,uproar,score,offshore,dore,moore,orr,yore,stevedore,galore,herbivore,nor,underscore,hoar,deplore,implore,snore,labrador,drugstore,for,indoor,abhor,anymore,onshore,troubadour,boar,pore,soar,cor,guarantor,heretofore,before,shore,lore,bookstore,four,gore,swore,ecuador,oar,mor,or,ore,rapport,carnivore,your,lor,sycamore,furthermore,drawer,seashore,war,boer,salvador,flor,floor,centaur,ignore,fore,corps,whore,outdoor,doar,chore,matador,thor,roar,dinosaur,decor,store,pour,bore,adore,spore
phoresy,zorzi,gorsy
phoresis,
phoria,
phorid,
phoridae,
phorminx,
phormium,
phorology,
phorometer,
phorometry,
phorometric,
phorone,laurone,pyrone,styrone,morone,irone,phlorone,neurone
phoroneus,
phoronic,
phoronid,
phoronida,
phoronidea,
phoronis,foreignness
phoronomy,
phoronomia,
phoronomic,
phoronomically,
phoronomics,
phororhacidae,
phororhacos,
phoroscope,
phorous,vorous,floris,dilophosaurus,chorus,ptloris,taurus,sorice,brontosaurus,laurice,morris,dolores,delores,voris,maquiladoras,loris,chloris,tsoris,dorris,squarrous,goris,tortorice,torus,horus,tyrannosaurus,boris,morisk,borris,torras,moresk,morriss,maurus,porous,morice,clitoris,montgoris,morrice,stegosaurus,sorus,horace,fitzmorris,porus,norris,morus,chlorous,norice,fitzmaurice,moris,mcmorris,thesaurus,dorice,doris
phorozooid,
phorrhea,
phos,
phos-,
phose,
phosgene,
phosgenes,
phosgenic,
phosgenite,
phosis,
phosph-,haas,emboss,bras,oss,cross,ros,noss,mohs,joss,sloss,soss,dross,albatross,crosse,blas,coss,lacrosse,hausse,cos,helios,semigloss,crisscross,kos,las,kaas,caguas,closs,gosse,cross-,os,ross,boss,sauce,rosse,doss,alsace,hahs,dos,criss-cross,floss,across,moss,toss,voss,hoss,bloss,vos,grosse,tawse,hamas,krause,loss,bosse,knosp,applesauce,hawse,mos,schloss,pangloss,recross,bos,stoss,tomas,goss,pos,gloss,kloss,bosque,poss,abbas,fosse,koss,clos,foss
phosphagen,
phospham,awesome,vanrossum,opossum,wassum,fossum,blossom,wasem,wassom,possum,awsome
phosphamic,
phosphamide,
phosphamidic,
phosphamidon,
phosphammonium,
phosphatase,
phosphate,
phosphated,
phosphatemia,
phosphates,
phosphate's,
phosphatese,
phosphatic,lymphatic,psychosomatic,automatic,autocratic,phatic,pancreatic,pratic,posttraumatic,prismatic,mattick,snattock,hepatic,monochromatic,emphatic,aerobatic,schematic,pneumatic,climatic,matic,epigrammatic,aromatic,rheumatic,technocratic,homeostatic,melodramatic,idiomatic,symptomatic,thematic,erratic,mathematic,problematic,fanatic,prostatic,undemocratic,pragmatic,asiatic,undiplomatic,idiosyncratic,klezmatic,cinematic,dogmatic,adriatic,ecstatic,aristocratic,sensormatic,informatic,patak,vatic,dramatic,semiautomatic,axiomatic,numismatic,austroasiatic,hippocratic,aquatic,hanseatic,traumatic,programmatic,electrostatic,mattock,phlegmatic,asthmatic,democratic,enigmatic,bureaucratic,systematic,pratique,diplomatic,batak,static,socratic,diagrammatic,operatic,telematic,emblematic,theocratic,shattuck,charismatic,asymptomatic,acrobatic,hyperchromatic,enzymatic
phosphatide,
phosphatidic,
phosphatidyl,
phosphatidylcholine,
phosphation,
phosphatisation,
phosphatise,
phosphatised,
phosphatising,
phosphatization,
phosphatize,
phosphatized,
phosphatizing,
phosphaturia,
phosphaturic,
phosphene,rosene,ossein
phosphenyl,
phosphid,
phosphide,
phosphids,
phosphyl,
phosphin,
phosphinate,
phosphine,
phosphinic,
phosphins,
phosphite,
phospho,lograsso,galasso,trapasso,glosso,kossow,yasso,caso,burkina-faso,caporaso,jaso,losasso,capasso,ditomasso,lofaso,chiasso,owosso,ditommaso,naso-,whoso,sorpasso,phospho-,naso,rossow,picasso,raso,barrasso,glosso-,tomasso,faso,tomaso,campobasso
phospho-,lograsso,galasso,trapasso,glosso,kossow,yasso,caso,burkina-faso,caporaso,jaso,losasso,capasso,ditomasso,lofaso,chiasso,owosso,ditommaso,naso-,whoso,sorpasso,phospho,naso,rossow,picasso,raso,barrasso,glosso-,tomasso,faso,tomaso,campobasso
phosphoaminolipide,
phosphocarnic,
phosphocreatine,
phosphodiesterase,
phosphoenolpyruvate,
phosphoferrite,
phosphofructokinase,
phosphoglyceraldehyde,
phosphoglycerate,
phosphoglyceric,
phosphoglycoprotein,
phosphoglucomutase,
phosphokinase,
phospholipase,
phospholipid,
phospholipide,
phospholipin,
phosphomolybdate,
phosphomolybdic,
phosphomonoesterase,
phosphonate,
phosphonic,phocenic
phosphonium,
phosphonuclease,
phosphophyllite,
phosphophori,
phosphoprotein,
phosphor,core,commodore,hardcore,eyesore,ashore,sore,restore,singapore,backdoor,door,tore,tor,encore,more,mentor,therefore,therefor,wore,crore,sophomore,evermore,dior,folklore,explore,uproar,score,offshore,dore,moore,orr,yore,stevedore,galore,herbivore,nor,underscore,hoar,deplore,implore,snore,labrador,drugstore,for,indoor,abhor,anymore,onshore,troubadour,boar,pore,soar,cor,guarantor,heretofore,before,shore,lore,bookstore,four,gore,swore,ecuador,oar,mor,or,ore,rapport,carnivore,your,lor,sycamore,furthermore,drawer,seashore,war,boer,salvador,flor,floor,centaur,ignore,fore,corps,whore,outdoor,doar,chore,matador,thor,roar,dinosaur,decor,store,pour,bore,adore,spore
phosphorate,
phosphorated,
phosphorating,
phosphore,
phosphoreal,
phosphorent,
phosphoreous,fossorious
phosphoresce,
phosphoresced,
phosphorescence,coalescence,crescence,adolescence,senescence,escence,essence,evanescence,convalescence,luminescence,acquiescence,obsolescence,quintessence
phosphorescences,
phosphorescent,
phosphorescently,
phosphorescing,
phosphoreted,
phosphoretted,
phosphorhidrosis,
phosphori,
phosphoric,
phosphorical,
phosphoriferous,
phosphoryl,
phosphorylase,
phosphorylate,
phosphorylated,
phosphorylating,
phosphorylation,
phosphorylative,
phosphorisation,
phosphorise,
phosphorised,
phosphorising,
phosphorism,
phosphorite,plebiscite,contrite,feit,outright,sleight,extradite,bight,wright,apartheid,sprite,recondite,height,spotlight,cite,parasite,alright,alight,recite,midnight,indite,downright,unite,plight,write,blight,excite,lignite,kite,fight,oversight,sight,bite,wight,meteorite,forthright,flight,overwrite,hindsight,incite,neophyte,polite,smite,foresight,limelight,byte,smight,finite,lite,quite,goodnight,upright,despite,website,delight,spite,luddite,frostbite,playwright,might,erudite,tripartite,satellite,appetite,twilight,bright,backbite,uptight,fahrenheit,white,slight,mite,overnight,site,expedite,twite,copyright,knight,apatite,insight,fright,acolyte,underwrite,rite,graphite,brite,ignite,fortnight,night,highlight,moonlight,indict,invite,right,dight,trite,tight,light,rewrite,hermaphrodite,nite
phosphoritic,
phosphorize,
phosphorizing,
phosphoro-,
phosphorogen,
phosphorogene,
phosphorogenic,
phosphorograph,
phosphorography,
phosphorographic,
phosphorolysis,
phosphorolytic,
phosphoroscope,
phosphorous,phosphorus
phosphors,adores,indoors,mentors,chores,pores,restores,ores,downpours,delors,tours,roehrs,nemours,fours,backdoors,wars,cohrs,outdoors,zorz,soars,whores,superstores,carnivores,deplores,sores,abhors,kohrs,storz,sophomores,boers,roars,hors,pours,gores,spores,floors,toystores,storrs,bors,corps,megastores,outscores,poors,doors,drugstores,saboteurs,rohrs,dores,azores,morze,scores,outpours,guarantors,stores,bores,implores,underscores,shores,explores,dinosaurs,centaurs,encores,oars,yours,drawers,cores,ignores,bookstores
phosphoruria,
phosphorus,phosphorous
phosphosilicate,
phosphotartaric,
phosphotungstate,
phosphotungstic,
phosphowolframic,
phosphuranylite,
phosphuret,
phosphuria,
phoss,
phossy,
phot,
phot-,
phot.,
photaesthesia,
photaesthesis,
photaesthetic,
photal,
photalgia,otalgia
photechy,
photelectrograph,
,
