phacotherapy,
phaea,
phaeacia,
phaeacian,
phaeax,
phaedo,
phaedra,deidre,piedra,diedre
phaedrus,
phaeism,
phaelite,
phaenanthery,
phaenantherous,
phaenna,
phaenogam,
phaenogamia,
phaenogamian,
phaenogamic,
phaenogamous,
phaenogenesis,
phaenogenetic,
phaenology,
phaenological,
phaenomenal,
phaenomenism,
phaenomenon,
phaenozygous,
phaeochrous,
phaeodaria,
phaeodarian,
phaeomelanin,
phaeophyceae,
phaeophycean,
phaeophyceous,
phaeophyl,
phaeophyll,
phaeophyta,
phaeophytin,
phaeophore,
phaeoplast,
phaeosporales,
phaeospore,
phaeosporeae,
phaeosporous,
phaestus,
phaet,
phaethon,mckeithan,elizabethan,brethen,ethan,mckeithen
phaethonic,
phaethontes,
phaethontic,
phaethontidae,
phaethusa,
phaeton,gleaton,teton,wheaton,cleeton,eaton,meeten,eton,creatin,sweeten,cretin,beaton,beaten,keyton,yeaton,cretan,keaton,keeton,kreatin,deaton,wheaten,seaton,unbeaten,leaton,cheetan,zeatin,neaten,eaten,fleeten,heaton,seeton,beeton,seton
phaetons,
phage,offstage,wage,backstage,sage,restage,kage,gage,assuage,rampage,hage,engage,outrage,gaige,brage,disengage,greige,under-age,onstage,macrophage,rage,upstage,swage,age,drage,bethpage,downstage,cage,lage,plage,page,gauge,paige,enrage,teenage,schrage,stage,osage
phageda,
phagedaena,
phagedaenic,
phagedaenical,
phagedaenous,
phagedena,
phagedenic,
phagedenical,
phagedenous,
phages,ages,wages,klages,rages,pages,osages,engages,macrophages,outrages,gauges,enrages,sages,mages,gages,rampages,cages,stages
phagy,seiji,magie,stagy,stagey,kagey,ragee,pagey,eiji,cagey
phagia,
phagineae,
phago-,phago,lagow
phagocytable,
phagocytal,
phagocyte,foresight,flight,insight,slight,blight,twite,indict,outright,sight,smite,plight,alight,backbite,uptight,appetite,upright,highlight,playwright,downright,site,finite,acolyte,parasite,hindsight,night,lignite,write,fortnight,tripartite,wight,quite,recite,hermaphrodite,neophyte,delight,sprite,polite,bight,rewrite,forthright,lite,fahrenheit,spite,fight,trite,wright,extradite,twilight,alright,midnight,oversight,invite,dight,height,fright,meteorite,light,bright,indite,copyright,spotlight,moonlight,right,limelight,unite,apartheid,erudite,tight,excite,despite,kite,rite,satellite,ignite,overnight,smight,cite,nite,byte,white,bite,mite,plebiscite,luddite,brite,sleight,recondite,website,expedite,graphite,knight,overwrite,feit,underwrite,frostbite,goodnight,might,contrite,incite,apatite
phagocyter,
phagocytic,
phagocytism,
phagocytize,
phagocytized,
phagocytizing,
phagocytoblast,
phagocytolysis,
phagocytolytic,
phagocytose,
phagocytosed,
phagocytosing,
phagocytosis,
phagocytotic,
phagodynamometer,
phagolysis,
phagolytic,
phagomania,
phagophobia,
phagosome,
phagous,ortegas,noriegas,degas,vagus,vegas,tragus,pagus,fagus,bodegas,vagous,magus,sagus,tagus
phaidra,
phaye,
phaih,
phail,
phainolion,
phainopepla,
phaistos,
phajus,
phako-,
phalacrocoracidae,
phalacrocoracine,
phalacrocorax,
phalacrosis,
phalaecean,
phalaecian,
phalaenae,
phalaenidae,
phalaenopsid,
phalaenopsis,
phalan,
phalangal,
phalange,prange,shortchange,range,midrange,derange,interchange,mange,bange,flange,ange,rearrange,exchange,stange,prearrange,downrange,change,lestrange,arrange,tange,gange,grange,long-range,lagrange,strange,estrange,longrange,ainge
phalangeal,
phalangean,
phalanger,
phalangeridae,
phalangerinae,
phalangerine,
phalanges,exchanges,prearranges,granges,interchanges,changes,manges,arranges,ganges,ranges
phalangette,
phalangian,
phalangic,
phalangid,
phalangida,
phalangidan,
phalangidea,
phalangidean,
phalangides,
phalangiform,
phalangigrada,
phalangigrade,
phalangigrady,
phalangiid,
phalangiidae,
phalangist,falangist
phalangista,
phalangistidae,
phalangistine,
phalangite,
phalangitic,
phalangitis,
phalangium,pylangium
phalangology,
phalangologist,
phalanstery,
phalansterial,
phalansterian,
phalansterianism,
phalansteric,
phalansteries,
phalansterism,
phalansterist,
phalanx,
phalanxed,
phalanxes,
phalarica,
phalaris,
phalarism,
phalarope,
phalaropes,
phalaropodidae,
phalera,
phalerae,
phalerate,
phalerated,
phaleucian,
phallaceae,dalasi,fallacy,galasie,hallisey
phallaceous,
phallales,
phallalgia,
phallaneurysm,
phallephoric,
phalli,mallei,scally,calley,braley,salley,valli,ranalli,malley,bralley,mcannally,omalley,cally,mcanally,tally,delvalle,nally,vitaly,whalley,rally,cali,halle,halley,mcnally,alli,mccalley,shali,graley,pally,vitale,mcnalley,calli,galley,sally,gally,talley,vallee,lally,allie,sallee,bally,dally,vallely,mcgalley,balli,straley,finale,alley,cavalli,palae,mally,dillydally,shaly,devalle,verbally,raley,sallie,shalli,dalley,alie,galli,stahley,lalley,valley,challis,thalli,nalley,hally,lalli
phallic,taluk,hallock,galik,halik,malik,grallic,salique,schallock,malloch,salick,lalique,thallic,gallick,halleck,gallic,balak,italic,malick,gallik,mallek,metallic,paluch,fralick,tlaloc,dalek,mallick,blalack,phthalic,paluck,aleck,anencephalic,mihalic,malak,salak
phallical,
phallically,
phallicism,
phallicist,
phallics,
phallin,
phallis,
phallism,
phallisms,
phallist,
phallists,
phallitis,
phallocrypsis,
phallodynia,
phalloid,
phalloncus,
phalloplasty,lalla,balla,abdalla,calah,mccalla,galla,valla,calla,challah,lutfalla,palla,abdallah,fadlallah,hallah,falla,galah,duffala,skalla,valhalla,yalah,attalla,gala,halla,pallah,salah,ocala,spalla,halah,dalla,ramallah,salaah,kalla
phallorrhagia,
phallus,valis,chalices,dalis,kansallis,galus,palace,fallis,balas,mallis,thallus,gallus,dallas,daedalus,chalice,vallis,calice,pallas,thallous,ilalis,rallis,sallis,alice,maryalice,callace,digitalis,braless,kalis,callous,kallis,prothallus,calices,callus,kalous,ballasts,borealis,malice,kallus,salus,callis,corvallis
phalluses,
phanar,
phanariot,
phanariote,
phanatron,
phane,romaine,pane,wayne,shane,profane,moraine,cain,rein,skein,vane,explain,ascertain,hurricane,arraign,bane,crane,gain,spain,ane,rain,migraine,main,partain,reign,train,entertain,sustain,aine,brain,insane,retain,obtain,contain,vain,plane,crain,arcane,airplane,attain,strain,legerdemain,saine,kane,germane,membrane,fein,inane,germain,disdain,grain,feign,maine,inhumane,lane,stain,cane,campaign,slain,pain,ordain,humane,jane,swain,sprain,drain,vein,remain,wane,lain,trane,domain,cocaine,terrain,fain,champagne,sane,urbane,thane,deign,refrain,dane,chain,quain,plain,zane,mundane,mane,abstain,constrain,detain,maintain,twain,germaine,pertain,fane,restrain,wain,complain,again,bain
phaneric,
phanerite,
phanero-,
phanerocarpae,
phanerocarpous,
phanerocephala,
phanerocephalous,
phanerocodonic,
phanerocryst,
phanerocrystalline,
phanerogam,
phanerogamy,
phanerogamia,
phanerogamian,
phanerogamic,
phanerogamous,
phanerogenetic,
phanerogenic,
phaneroglossa,
phaneroglossal,
phaneroglossate,
phaneromania,
phaneromere,
phaneromerous,
phanerophyte,
phaneroscope,
phanerosis,
phanerozoic,
phanerozonate,
phanerozonia,
phany,
phanic,
phano,
phanos,
phanotron,
phansigar,
phantascope,
phantasy,fantasy
phantasia,
phantasiast,
phantasiastic,
phantasied,
phantasies,
phantasying,
phantasist,
phantasize,
phantasm,plasm-,neoplasm,chasm,enthusiasm,cytoplasm,plasm,phasm,iconoclasm,shazam,spasm,sarcasm
phantasma,
phantasmag,
phantasmagory,
phantasmagoria,correa,dorea,coria,deloria,euphoria,port-victoria,auria,moratoria,astoria,dauria,soria,scoria,moria,pretoria,morea,noria,morioplasty,crematoria,gloria,peoria,goria,loria,emporia,vittoria,doria,florea,thoria,chorea,viloria,lauria,floria,shorea,longoria,victoria,sauria,gregoria
phantasmagorial,
phantasmagorially,
phantasmagorian,
phantasmagorianly,
phantasmagorias,
phantasmagoric,
phantasmagorical,
phantasmagorically,
phantasmagories,
phantasmagorist,
phantasmal,
phantasmalian,
phantasmality,
phantasmally,
phantasmascope,
phantasmata,
phantasmatic,
phantasmatical,
phantasmatically,
phantasmatography,
phantasmic,
phantasmical,
phantasmically,
phantasmist,
phantasmogenesis,
phantasmogenetic,
phantasmograph,
phantasmology,
phantasmological,
phantasms,
phantast,
phantastic,
phantastical,
phantasts,
phantasus,
phantic,
phantom,branam,brannam,annam,ganim,brannum,canam,granum,hannam,grannam,branum,vanname,lannom,lanum,antum,panim,ganem,tranum,planum,annum,hannum,lanham,stannum,ranum,bantam,frantom
phantomatic,antemetic
phantom-fair,
phantomy,
phantomic,
phantomical,
phantomically,
phantomist,
phantomize,
phantomizer,
phantomland,
phantomlike,
phantomnation,
phantomry,
phantoms,santims,bantams
phantom's,
phantomship,
phantom-white,
phantoplex,
phantoscope,
phar,spar,millibar,dakar,avatar,par,akbar,dinar,boxcar,streetcar,boyar,parr,lodestar,navarre,mylar,adar,amar,scar,carr,jaguar,dar,haar,rebar,cigar,jar,bar,sandbar,voir,superstar,radar,marr,are,hectare,star,azar,alar,babar,bizarre,mar,char,far,czar,sidebar,feldspar,lamar,gar,caviar,saar,commissar,crowbar,lumbar,r,tsar,tar,seminar,foobar,afar,repertoire,railcar,barr,barre,magyar,myanmar,renoir,thar,alcazar,csar,amritsar,handlebar,nascar,bazar,cinnabar,ajar,disbar,sar,qatar,revoir,subpar,reservoir,guitar,memoir,aargh,bazaar,sitar,starr,car,registrar,zanzibar,motorcar,lar,mawr,har,ar
pharaoh,ferrero,pinero,sclero,barrow,soltero,pinheiro,sero-,sclero-,guerrero,sendero,arrow,montero,faro,ranchero,mero,taro,rivero,botero,camaro,valero,sparrow,embarcadero,herro,ptero-,sphero,companero,minero,dondero,caballero,marrero,varo,passero,xero-,barbero,gero,cuero,cerro,bero,cantero,aguero,monteiro,bolero,darrow,narrow,mescalero,sphero-,ribeiro,merrow,quintero,lucero,escudero,garo,tinajero,gerow,pharoah,fero,wheelbarrow,carneiro,ibero,madero,herrero,otero,barreiro,ferro,aero-,bracero,sombrero,garrow,meroe,ptero,cordero,ferro-,camero,acero,borrero,aero,vero,marrow,amero,serow,romero,spero
pharaohs,narrows,oliveros,quinteros,yaros,barrows,viveros,arrows,ceniceros,ontiveros,speros,wheelbarrows,sparrows,pharoahs
pharaonic,canonic,synchronic,bubonic,nucleonic,teutonic,diasonic,conic,harmonic,plutonic,sonic,tronic,hedonic,avionic,ironic,mnemonic,flextronic,vanik,gnomonic,planktonic,ebonic,leptonic,propionic,personic,medtronic,panasonic,miltonic,hypersonic,allophonic,lasersonic,platonic,hanak,supersonic,ovonic,plantronic,histrionic,symphonic,neoplatonic,yonic,fibronic,kronick,philharmonic,blahnik,pneumonic,hypertonic,napoleonic,varitronic,chronique,masonic,telephonic,sardonic,tranzonic,ultrasonic,photronic,polyphonic,isoelectronic,respironic,hegemonic,phonic,ganglionic,telectronic,audiotronic,chthonic,chronic,monophonic,clonic,electronic,isotonic,laconic,tonic,environic,lexiphonic,demonic,ionic,stronach,connick,hyaluronic,tectonic,embryonic,diatonic,microelectronic,hydroponic,catatonic
pharaonical,
pharb,
pharbitis,
phard,
phare,harr,debarr,tarre,sparr,zarr,crare,charr,quare,whare,narre,sahr,charre,labarr,schnarr,stahr,kesar,klahr,knarr,chare,smarr,sarre,gnarr,garr,snarr,sware,harre
phareodus,
phares,stairs,ensnares,thoroughfares,gerres,pares,wheelchairs,errs,freres,backstairs,affairs,chairs,theirs,despairs,nightmares,compares,bares,declares,chaires,prayers,mairs,legionnaires,gehres,squares,bankshares,millionaires,heirs,blares,khmers,housewares,impairs,jares,billionaires,questionnaires,glares,faires,berres,prepares,americares,wares,theres,swears,bures,wears,armchairs,fairs,dares,fiduciares,hares,sayres,stares,scares,forebears,xers,tears,ayres,frontieres,spares,shares,daycares,pears,downstairs,airfares,cares,lairs,pairs,bears,flares,airs,somewheres,fares,unawares,upstairs,multimillionaires,mares,hairs,snares,repairs
pharian,
pharyng-,pharyng,harring,laryng,barong,areng,laryng-,parang,marang
pharyngal,
pharyngalgia,
pharyngalgic,
pharyngeal,
pharyngealization,
pharyngealized,
pharyngectomy,laryngectomy
pharyngectomies,
pharyngemphraxis,
pharynges,larynges
pharyngic,
pharyngismus,
pharyngitic,
pharyngitis,
pharyngo-,laryngo,laryngo-,eringo,pharyngo,eryngo
pharyngoamygdalitis,
pharyngobranch,
pharyngobranchial,
pharyngobranchiate,
pharyngobranchii,
pharyngocele,
pharyngoceratosis,
pharyngodynia,
pharyngoepiglottic,
pharyngoepiglottidean,
pharyngoesophageal,
pharyngoglossal,
pharyngoglossus,
pharyngognath,
pharyngognathi,
pharyngognathous,
pharyngography,
pharyngographic,
pharyngokeratosis,
pharyngolaryngeal,
pharyngolaryngitis,
pharyngolith,
pharyngology,laryngology
pharyngological,
pharyngomaxillary,
pharyngomycosis,
pharyngonasal,
pharyngo-oesophageal,
pharyngo-oral,
pharyngopalatine,
pharyngopalatinus,
pharyngoparalysis,
pharyngopathy,
pharyngoplasty,
pharyngoplegy,
pharyngoplegia,
pharyngoplegic,
pharyngopleural,
pharyngopneusta,
pharyngopneustal,
pharyngorhinitis,
pharyngorhinoscopy,
pharyngoscleroma,
pharyngoscope,
pharyngoscopy,
pharyngospasm,
pharyngotherapy,
pharyngotyphoid,
pharyngotome,syringotome,laryngotome
pharyngotomy,myringotomy,syringotomy,laryngotomy
pharyngotonsillitis,
pharyngoxerosis,
pharynogotome,
pharynx,larynx
pharynxes,caranx,larynxes
pharisaean,
pharisaic,
pharisaical,
pharisaically,
pharisaicalness,
pharisaism,plagiarism,alcoholism,relativism,schism,paternalism,narcissism,mercantilism,legalism,organism,federalism,anachronism,surrealism,imperialism,parochialism,gnosticism,nihilism,skepticism,socialism,altruism,nepotism,dynamism,stoicism,catechism,populism,symbolism,humanism,fatalism,individualism,naturalism,modernism,egalitarianism,positivism,feudalism,terrorism,professionalism,egoism,totalitarianism,romanticism,autism,tourism,fascism,zionism,feminism,optimism,nativism,cronyism,judaism,despotism,mannerism,liberalism,ism,consumerism,activism,prism,botulism,secularism,pluralism,atheism,colonialism,materialism,animism,mechanism,euphemism,aphorism,criticism,cynicism,chisum,magnetism,patriotism,mysticism,aneurism,egotism,nationalism,embolism,rheumatism,evangelism,determinism,chism,parallelism,capitalism,racism,chauvinism,absolutism,astigmatism,darwinism,hedonism,collectivism,favoritism,dualism,metabolism,statism,recidivism,empiricism,escapism,communism,elitism,antagonism,pessimism,journalism,pragmatism
pharisaist,
pharisean,
pharisee,
phariseeism,
pharisees,
pharm,bpharm,alarm,disarm,firearm,sharm,ducharme,nonfarm,rearm,unarm,underarm,farm,arm,gendarme,charm,carme,smarm,novopharm,charme,genpharm,forearm,harm
pharmacal,
pharmaceutic,
pharmaceutical,cuticle,biopharmaceutical
pharmaceutically,
pharmaceuticals,cuticles
pharmaceutics,
pharmaceutist,
pharmacy,biopharmacy
pharmacic,
pharmacies,
pharmacist,
pharmacists,
pharmacite,
pharmaco-,pharmaco
pharmacochemistry,
pharmacodiagnosis,
pharmacodynamic,
pharmacodynamical,
pharmacodynamically,
pharmacodynamics,
pharmacoendocrinology,
pharmacogenetic,
pharmacogenetics,
pharmacognosy,
pharmacognosia,
pharmacognosis,
pharmacognosist,
pharmacognostic,
pharmacognostical,
pharmacognostically,
pharmacognostics,
pharmacography,
pharmacokinetic,
pharmacokinetics,
pharmacol,
pharmacolite,
pharmacology,zoology,histology,ideology,deontology,anthology,egyptology,limnology,biotechnology,archaeology,archeology,hymnology,chronology,graphology,opthalmology,seismology,scatology,kinesiology,paleontology,terminology,enterology,numerology,serology,penology,epistemology,otology,virology,cardiology,rheology,thanatology,geomorphology,mineralogy,petrology,urology,gerontology,bacteriology,rheumatology,hematology,radiology,cytology,endocrinology,mycology,ontology,physiology,gynecology,microbiology,biology,immunology,oncology,dermatology,ethnology,toxicology,etymology,pathology,neurology,apology,genealogy,cosmetology,micropaleontology,ethology,geology,sociology,topology,epidemiology,necrology,ecology,cosmology,criminology,methodology,technology,anthropology,dendrochronology,psychology,theology,doxology,pomology,etiology,entomology,ology,ophthalmology,scientology,morphology,ornithology,anesthesiology,meteorology,mythology,embryology,astrology
pharmacologia,
pharmacologic,
pharmacological,serological,pedagogical,ecological,seismological,ornithological,logical,scatological,meteorological,epidemiological,radiological,gynecological,dermatological,chronological,methodological,archaeological,geological,physiological,sociological,anthropological,archeological,eschatological,zoological,topological,morphological,biological,illogical,astrological,neurological,theological,deontological,etymological,phonological,immunological,ideological,pathological,teleological,biotechnological,virological,psychological,technological,toxicological,ontological,mythological
pharmacologically,
pharmacologies,
pharmacologist,geologist,gynecologist,neurologist,anesthesiologist,oncologist,biologist,gerontologist,virologist,physiologist,serologist,apologist,radiologist,scientologist,pathologist,kremlinologist,ideologist,opthalmologist,ophthalmologist,climatologist,mineralogist,criminologist,immunologist,meteorologist,oligist,anthropologist,ecologist,toxicologist,seismologist,zoologist,rheumatologist,ethnomusicologist,urologist,sovietologist,sociologist,dermatologist,microbiologist,archaeologist,cardiologist,creatologist,epidemiologist,musicologist,entomologist,paleontologist,volcanologist,psychologist,necrologist,technologist,ologist,endocrinologist
pharmacologists,meteorologists,virologists,radiologists,seismologists,criminologists,cardiologists,epidemiologists,psychologists,toxicologists,archaeologists,sociologists,paleontologists,ophthalmologists,microbiologists,oncologists,scientologists,urologists,dermatologists,endocrinologists,entomologists,necrologists,volcanologists,pathologists,ideologists,climatologists,anesthesiologists,sovietologists,geologists,neurologists,biologists,technologists,ecologists,zoologists,gynecologists,anthropologists,kremlinologists,creatologists,apologists
pharmacomania,
pharmacomaniac,
pharmacomaniacal,
pharmacometer,
pharmacon,
pharmaco-oryctology,
pharmacopedia,
pharmacopedic,
pharmacopedics,
pharmacopeia,
pharmacopeial,
pharmacopeian,
pharmacopeias,
pharmacophobia,
pharmacopoeia,
pharmacopoeial,
pharmacopoeian,
pharmacopoeias,
pharmacopoeic,
pharmacopoeist,
pharmacopolist,
pharmacoposia,
pharmacopsychology,
pharmacopsychosis,
pharmacosiderite,
pharmacotherapy,
pharmakoi,
pharmakos,
pharmd,alarmed,charmed,disarmed,harmed,armed,unharmed,farmed,unarmed
pharmic,
pharmm,
pharmuthi,
pharo,navarro,cuccaro,funaro,zingaro,cassaro,coffaro,spadaro,degennaro,furfaro,amaro,asaro,garro,pecoraro,pignataro,azzaro,catanzaro,morrow,naro,montanaro,chaparro,paro,barbaro,lazaro,jarrow,cannistraro,baro,alfaro,varo,cordaro,yarrow,calderaro,denaro,bavaro,karow,cesaro,caro,barro,corsaro,arcaro,cannizzaro,alvaro,zuccaro,utamaro,manganaro,bucaro,farro,tammaro,panaro,cavallaro,haro,baro-,scolaro,sorrow,armaro,ferraro,porcaro,finocchiaro,lazzaro,coccaro,fusaro,kilimanjaro,massaro,marinaro,vaccaro,notaro,pagliaro,capraro,ungaro,campanaro,carbonaro,shintaro,todaro,sbarro,cafaro,bizzaro,molinaro,carro,aro,nazzaro,conigliaro,spataro,sarro,cavagnaro,gennaro,chiaro,pizarro,cestaro,bordonaro,claro,zarro,marro,maro
pharoah,ferrero,pinero,sclero,barrow,soltero,pinheiro,sero-,sclero-,guerrero,sendero,arrow,montero,faro,ranchero,mero,taro,rivero,botero,camaro,valero,sparrow,embarcadero,herro,ptero-,sphero,companero,minero,dondero,caballero,marrero,varo,passero,xero-,barbero,gero,cuero,cerro,bero,cantero,aguero,monteiro,pharaoh,bolero,darrow,narrow,mescalero,sphero-,ribeiro,merrow,quintero,lucero,escudero,garo,tinajero,gerow,fero,wheelbarrow,carneiro,ibero,madero,herrero,otero,barreiro,ferro,aero-,bracero,sombrero,garrow,meroe,ptero,cordero,ferro-,camero,acero,borrero,aero,vero,marrow,amero,serow,romero,spero
pharology,morology,ourology,horology,chirology
pharomacrus,
pharos,shadows,plainclothes,those,superimpose,bose,eaux,crows,embryos,throes,jos,compose,brose,penrose,gloze,rose,hose,propose,melrose,cocos,pantyhose,demos,cameos,chose,owes,roes,flows,primrose,gyros,elbows,foes,ambrose,clothes,foreclose,throws,rockrose,ohs,silos,goes,predispose,disclose,mose,boroughs,repose,meadows,nose,decompose,psoas,lows,studios,photos,dominos,woes,arose,enclose,overexpose,expose,gose,blowze,knows,froze,close,prose,cloze,depose,doze,tomatos,oppose,impose,grose,logos,cose,transpose,cargoes,croze,ose,presuppose,vose,euros,tornados,suppose,hoes,toes,pros,blows,bulldoze,shows,rows,dominoes,noes,bongos,ratios,bows,juxtapose,eskimos,pose,dispose,interpose
pharoses,
pharr,spar,millibar,dakar,avatar,par,akbar,dinar,boxcar,streetcar,boyar,parr,lodestar,navarre,mylar,adar,amar,scar,carr,jaguar,dar,haar,rebar,cigar,jar,bar,sandbar,voir,superstar,radar,marr,are,hectare,star,azar,alar,babar,bizarre,mar,char,far,czar,sidebar,feldspar,lamar,gar,caviar,saar,commissar,crowbar,lumbar,r,tsar,tar,seminar,foobar,afar,repertoire,railcar,barr,barre,magyar,myanmar,renoir,thar,alcazar,csar,amritsar,handlebar,nascar,bazar,cinnabar,ajar,disbar,sar,qatar,revoir,subpar,reservoir,guitar,memoir,aargh,bazaar,sitar,starr,car,registrar,zanzibar,motorcar,lar,mawr,har,ar
pharsalia,
pharsalian,
pharsalus,marsalis
phascaceae,
phascaceous,
phascogale,
phascolarctinae,
phascolarctos,
phascolome,
phascolomyidae,
phascolomys,
phascolonus,
phascum,
phase,hayes,rays,graze,leis,craze,polonaise,amaze,rnase,always,protease,edgeways,bayes,resumes,mase,blaze,sideways,ukase,hays,plays,blaize,lyonnaise,braise,braze,conveys,raze,airways,iras,blaise,strays,portrays,swayze,bays,pais,days,cayes,lase,faze,prase,lays,pathways,haze,drays,smaze,mayonnaise,appraise,trays,holidays,glaze,rase,gaze,maze,leys,blase,displays,cliches,arrays,ablaze,mores,rephrase,baze,sais,raise,stays,dase,res,clays,baize,relays,folkways,anyways,daze,pays,hase,paise,aways,delays,gays,entrees,dismutase,phrase,weighs,maize,essays,maes,chaise,dais,fraise,crays,paraphrase,x-rays,sundays,crase,ways,nowadays,mays,praise,malaise,outlays
,
