markweed,
markworthy,
marl,
marla,sharla,karla,charla,carla,darla
marlaceous,
marlacious,
marland,mcfarland,garland,saarland,charland,mcparland,darland,macfarland,carland,farland,harland
marlane,
marlberry,
marlboro,marlborough
marlborough,marlboro
marlea,
marleah,
marled,
marlee,
marleen,foreseen,irene,sistine,sheen,submarine,aquamarine,obscene,saline,geraldine,lien,jean,ravine,umpteen,seen,florentine,convene,screen,vien,gene,queen,magazine,machine,internecine,aniline,fifteen,teen,tourmaline,libertine,thirteen,amphetamine,amin,green,protein,lean,glean,demean,careen,unforeseen,caffeine,aberdeen,augustine,sunscreen,wolverine,clementine,dean,serene,treen,leen,halloween,selene,labyrinthine,bromine,opaline,gasoline,trampoline,byzantine,peregrine,tangerine,eugene,mezzanine,nene,mein,sardine,contravene,murine,intervene,quarantine,argentine,marine,baleen,keen,wean,canteen,evergreen,bean,vaccine,guillotine,figurine,kerosene,sabine,casein,mean,clean,agin,cuisine,limousine,hygiene,preen,mien,between,holstein,scene,philistine,routine,reconvene,undine,latrine,feine,spleen,gelatine
marleene,foreseen,irene,sistine,sheen,submarine,aquamarine,obscene,saline,geraldine,lien,jean,ravine,umpteen,seen,florentine,convene,screen,vien,gene,queen,magazine,machine,internecine,aniline,fifteen,teen,tourmaline,libertine,thirteen,amphetamine,amin,green,protein,lean,glean,demean,careen,unforeseen,caffeine,aberdeen,augustine,sunscreen,wolverine,clementine,dean,serene,treen,leen,halloween,selene,labyrinthine,bromine,opaline,gasoline,trampoline,byzantine,peregrine,tangerine,eugene,mezzanine,nene,mein,sardine,contravene,murine,intervene,quarantine,argentine,marine,baleen,keen,wean,canteen,evergreen,bean,vaccine,guillotine,figurine,kerosene,sabine,casein,mean,clean,agin,cuisine,limousine,hygiene,preen,mien,between,holstein,scene,philistine,routine,reconvene,undine,latrine,feine,spleen,gelatine
marley,farley,arley,snarly,charlie,carly,barley,carli,parley,varley,harley,arlie,mccarley,gnarly,carley,decarli,sarli,marly,charley,farly,narly,darley
marleigh,
marlen,darlin,carlen,parlin,mcfarlan,marlon,macfarlane,varlen,harlan,mcfarlin,garlan,carlon,karlen,carlin,arlon,marlin,arlen,carlan,harlin,sumarlin,mcfarlane,arlan,starlin,sparlin,arlin,karlin
marlena,shana,jaina,elena,traina,urena,alena,dana,stena,verena,maina,daina,morena,reyna,guenna,payna,avena,madalena,irena,raina,camarena,llerena,eirena,elaina
marlene,foreseen,irene,sistine,sheen,submarine,aquamarine,obscene,saline,geraldine,lien,jean,ravine,umpteen,seen,florentine,convene,screen,vien,gene,queen,magazine,machine,internecine,aniline,fifteen,teen,tourmaline,libertine,thirteen,amphetamine,amin,green,protein,lean,glean,demean,careen,unforeseen,caffeine,aberdeen,augustine,sunscreen,wolverine,clementine,dean,serene,treen,leen,halloween,selene,labyrinthine,bromine,opaline,gasoline,trampoline,byzantine,peregrine,tangerine,eugene,mezzanine,nene,mein,sardine,contravene,murine,intervene,quarantine,argentine,marine,baleen,keen,wean,canteen,evergreen,bean,vaccine,guillotine,figurine,kerosene,sabine,casein,mean,clean,agin,cuisine,limousine,hygiene,preen,mien,between,holstein,scene,philistine,routine,reconvene,undine,latrine,feine,spleen,gelatine
marler,marlar,parlour,parlor,snarler,parler,farler
marlet,
marlette,sublet,anisette,smet,quintet,wet,pipette,lorgnette,sextet,met,alphabet,rosette,let,brunette,barrette,get,cornet,et,ret,cadet,threat,quartet,gazette,calumet,preset,beset,joliet,charrette,regret,cabriolet,sunset,beget,piet,upset,subset,clarinet,offset,avocet,sweat,chet,outset,brett,onset,asset,reset,vedette,vette,bet,octet,tet,vignette,corvette,duet,pet,sobriquet,nett,parapet,pret,cassette,flageolet,internet,gimlet,headset,bayonet,tibet,fret,marmoset,epithet,inset,minaret,colette,soviet,outlet,coronet,silhouette,vet,net,forget,whet,stet,abet,suffragette,yet,debt,jet,minuet,tete,cigarette,lafayette,baronet,mindset,antoinette,baguette,roulette,inlet,ethernet,heavyset,typeset,set,dragnet
marli,
marly,farley,arley,snarly,charlie,carly,barley,carli,parley,varley,harley,marley,arlie,mccarley,gnarly,carley,decarli,sarli,charley,farly,narly,darley
marlie,
marlier,
marliest,
marlin,darlin,carlen,parlin,mcfarlan,marlon,macfarlane,varlen,harlan,mcfarlin,garlan,carlon,karlen,carlin,arlon,arlen,carlan,harlin,sumarlin,mcfarlane,arlan,starlin,sparlin,arlin,karlin,marlen
marlyn,
marline,carline
marlines,
marlinespike,
marline-spike,
marlinespikes,
marling,quarreling,gnarling,carling,sparling,zarling,farling,harling,garling,yarling,darling,mcfarling,starling,snarling
marlings,
marlingspike,
marlins,marlens
marlinspike,
marlinsucker,
marlinton,
marlite,
marlites,
marlitic,
marllike,
marlo,harlow,delcarlo,garlow,sharlow,sarlo,marlow,decarlo,karlow,dicarlo,giancarlo,carlo,carlough
marlock,
marlon,darlin,carlen,parlin,mcfarlan,macfarlane,varlen,harlan,mcfarlin,garlan,carlon,karlen,carlin,arlon,marlin,arlen,carlan,harlin,sumarlin,mcfarlane,arlan,starlin,sparlin,arlin,karlin,marlen
marlovian,
marlow,harlow,delcarlo,marlo,garlow,sharlow,sarlo,decarlo,karlow,dicarlo,giancarlo,carlo,carlough
marlowe,tempo,undergo,snow,tomorrow,grotto,rococo,forgo,doe,aficionado,adagio,go,glow,row,quo,dough,lo,potato,photo,buffalo,rhino,whoa,bio,radio,audio,pro,escrow,shadow,portfolio,fallow,although,mow,manifesto,though,crow,below,grow,apropos,overthrow,roe,sew,joe,ratio,tornado,tow,willow,glo,plough,bestow,coco,portico,woe,flow,plateau,hydro,forego,espresso,rainbow,aglow,throw,otto,blow,patio,calypso,know,co,veto,winnow,bowe,meadow,toe,low,mo,studio,gusto,no,indigo,yoe,beau,show,cameo,foe,o,torso,tableau,owe,archipelago,ho,tomato,hello,vertigo,borrow,torpedo,slow,micro,so,hoe,virago,dado
marlowesque,
marlowish,
marlowism,
marlpit,
marl-pit,
marls,charles,karls,arles,carls,carles,sarles,gnarls,charls,snarls
marlton,tarleton,tarlton,charlton,carlton,carleton
marm,
marmaduke,luque,hoock,farouk,leuck,dubuque,boock,stueck,duke,kook,leuk-,rebuke,luick,spruik,steuck,fuke,glueck,juke,puke,baruch,stook,fluke,chook,datuk,produc,nuke,muecke,spook,spuke,leuc-,stuke,archduke,souk,luke,dziuk,kueck,lachenbruch,tuk,duque,brueck,mameluke,luecke,louque,wouk,luc
marmalade,retrograde,raid,serenade,barricade,inlaid,charade,made,downgrade,splayed,crusade,clade,grade,aid,tirade,sauteed,masquerade,bade,evade,portrayed,mermaid,palisade,quaid,brigade,cade,dissuade,waylaid,paid,centigrade,afraid,haid,stade,colonnade,allayed,wade,shade,degrade,blockade,parade,dismayed,fusillade,manmade,cavalcade,glade,buffeted,upgrade,forbade,persuade,frayed,marinade,pervade,nightshade,aide,suede,stayed,delayed,adelaide,escapade,renegade,quayd,nsaid,motorcade,payed,displayed,fade,homemade,unafraid,ade,jade,swayed,conveyed,weighed,grenade,relayed,spade,decade,overlaid,cascade,accolade,lemonade,cliched,played,laid,betrayed,lade,slade,arcade,handmade,promenade,staid,upbraid,braid,blade,hade,maid,brocade,prepaid,trade,located,invade,arrayed
marmalades,arcades,invades,gades,marinades,jades,wades,grades,spades,bridesmaids,shades,upgrades,conrades,charades,cascades,hades,barricades,downgrades,palisades,blockades,blaydes,promenades,switchblades,glades,fades,suedes,decades,escapades,mermaids,raids,grenades,braids,pervades,tirades,aids,degrades,clades,brocades,blades,lades,ades,crusades,maids,brigades,trades,nsaids,aides,renegades,cades,persuades,everglades,parades,motorcades,accolades,evades,rollerblades
marmalady,
marmar,
marmara,cantara,malara,caracara,carbonara,chiara,yoshihara,cynara,kurihara,makara,madara,mazzara,miyahara,chara,tamara,harra,timisoara,asmara,farra,takara,fujiwara,ficarra,guadalajara,negara,tiara,ogara,fanara,gandara,sciarra,bara,vizcarra,tara,ferrara,jara,brizzolara,kotara,sarra,rara,sciara,nara,delara,lara,shara,aarau,azzara,ibarra,cucchiara,mara,carra,zangara,sankara,barra,alcantara,dallara,ishihara,omeara,omara,parra,navarra,marra,uehara,ybarra,beshara,guevara,segarra,amara,uyehara,vara,vergara,cassara,camara,lazzara,mortara,fiumara,kuwahara,komara,matsubara,samsara,carrara,kawahara,dichiara
marmaritin,
marmarization,
marmarize,
marmarized,
marmarizing,
marmarosis,
marmarth,
marmatite,
marmawke,
marmax,
marmeche,
marmelos,
marmennill,
marmet,
marmink,
marmion,charmian,charmion,carmean
marmit,
marmite,
marmites,
marmolada,
marmolite,armalite
marmor,farmer,starmer,armour,parmer,harmer,charmer,armer,armor,marmer,larmer,carmer
marmora,darmera
marmoraceous,
marmorate,
marmorated,
marmoration,
marmoreal,
marmoreally,
marmorean,
marmoric,
marmorize,
marmosa,
marmose,cormose
marmoset,sublet,anisette,smet,quintet,wet,pipette,lorgnette,sextet,met,alphabet,rosette,let,brunette,barrette,get,cornet,et,ret,cadet,threat,quartet,gazette,calumet,preset,beset,joliet,charrette,regret,cabriolet,sunset,beget,piet,upset,subset,clarinet,offset,avocet,sweat,chet,outset,brett,onset,asset,reset,vedette,vette,lett,bet,octet,tet,vignette,corvette,duet,pet,sobriquet,nett,parapet,pret,cassette,flageolet,internet,gimlet,headset,bayonet,tibet,fret,epithet,inset,minaret,colette,soviet,outlet,coronet,silhouette,vet,net,forget,whet,stet,abet,suffragette,yet,debt,jet,minuet,tete,cigarette,lafayette,baronet,mindset,antoinette,baguette,roulette,inlet,ethernet,heavyset,typeset,set,dragnet
marmosets,
marmot,carmot,armet
marmota,
marmots,
marna,
marne,barn,darn,harne,varn,arne,harn,carne,carn,scarn,arn,skarn,starn,arnn,mccarn,karn,yarn,dezarn,garn
marney,arney,fahrney,varni,carny,garni,charney,arnie,mclarney,carnie,kulkarni,garney,blarney,sarney,barney,varney,harney,sarni,mccarney,czarny,carney,farney,barny,karney
marni,
marnia,
marnie,
marnix,
maro,caro,capraro,carro,farro,lazzaro,ferraro,varo,alfaro,conigliaro,jarrow,cesaro,morrow,arcaro,pagliaro,cannizzaro,pizarro,pharo,denaro,pecoraro,calderaro,montanaro,aro,sarro,finocchiaro,kilimanjaro,marinaro,zingaro,cannistraro,spataro,spadaro,armaro,zarro,bizzaro,alvaro,cafaro,campanaro,catanzaro,cordaro,chaparro,molinaro,pignataro,bucaro,porcaro,carbonaro,funaro,degennaro,amaro,sbarro,furfaro,massaro,lazaro,chiaro,barbaro,zuccaro,yarrow,corsaro,bavaro,ungaro,bordonaro,coffaro,baro-,sorrow,tammaro,navarro,coccaro,nazzaro,fusaro,garro,cavallaro,cuccaro,scolaro,todaro,karow,shintaro,haro,cavagnaro,paro,barro,cassaro,azzaro,claro,panaro,baro,utamaro,marro,asaro,notaro,gennaro,cestaro,naro,manganaro,vaccaro
maroa,
maroc,bangkok,bokeh,mach,deadlock,tomahawk,roadblock,floc,talk,bedrock,brock,lock,locke,calk,catwalk,walk,frock,lok,bloc,bok,sock,mohawk,ad-hoc,bock,jock,gridlock,unlock,pock,flock,salk,goshawk,peacock,tock,feedstock,chock,rock,stock,nighthawk,shock,doc,toque,block,stalk,shylock,hemlock,poppycock,wedlock,iraq,crosswalk,croc,glock,antioch,aftershock,och,cock,bach,hoc,manioc,hock,shamrock,woodcock,sidewalk,wok,mock,smock,sherlock,hollyhock,jacques,clock,squawk,airlock,nock,caulk,oarlock,havelock,padlock,livestock,spock,gamecock,schlock,balk,roc,knock,matlock,chalk,gawk,crock,loch,interlock,falk,baulk,jaywalk,crosstalk,dock,laughingstock,hancock,boardwalk,medoc,hawk
marocain,
maroilles,
marok,
marola,
marolda,
marolles,
maron,rapprochement,lawn,echelon,flawn,on,pylon,prawn,pecan,fawn,amazon,oregon,denouement,braun,aragon,avalon,boron,babylon,antiphon,automaton,spawn,bygone,foregone,agamemnon,yuan,polygon,withdrawn,epsilon,chiffon,nylon,oberon,non,phenomenon,proton,iran,woebegone,exon,baton,han,bon,capon,celadon,hexagon,forgone,micron,coupon,salon,aileron,sean,argon,lexicon,pawn,brawn,neutron,pantheon,john,oman,swan,photon,paragon,amadon,dawn,axon,quan,parmesan,gone,carillon,ron,yon,moron,emoticon,octagon,drawn,gabon,khan,liaison,radon,meson,crayon,con,juan,yawn,marathon,don,upon,pentagon,pion,wan,hon,mastodon,tron,hogan
maroney,nakasone,baloney,patrone,soni,langone,mangone,mulroney,chalcedony,bologna,loney,boney,acrimony,castiglione,lowney,alimony,mahoney,tassone,mony,rigatoni,bony,morrone,testimony,cassone,campione,tony,phoney,moloney,macaroni,sanctimony,pallone,montone,moroni,desimone,coney,dhony,moroney,marconi,phony,crony,antone,roney,falcone,bottone,roni,joni,perrone,pepperoni,maglione,shoshone,frowney,salomone,corleone,marrone,maloney,leoni,stoney,cantone,matrimony,ciccone,calderone,negroni,ione,progne,stony,telephony,balboni,baroni,boni,maroni,caponi,sassone,abalone,toni,peroni,ceremony,sapone,poney,toney,cerone,sony,melone,drony,loanee,bertone,parsimony,cassoni,droney,buffone,palimony,patrimony,oney,cardone,berlusconi,benoni
maronian,
maronist,
maronite,delight,underwrite,bite,write,backbite,byte,plight,contrite,apatite,sprite,trite,extradite,site,copyright,sight,parasite,luddite,insight,spite,bight,spotlight,invite,lignite,hermaphrodite,limelight,sleight,fahrenheit,acolyte,graphite,despite,appetite,neophyte,plebiscite,fight,recondite,bright,slight,kite,alight,rite,excite,cite,recite,indite,expedite,might,meteorite,twilight,uptight,smight,alright,fortnight,midnight,erudite,rewrite,incite,fright,smite,downright,tight,overnight,forthright,playwright,tripartite,finite,white,blight,outright,brite,indict,highlight,overwrite,apartheid,right,wright,frostbite,night,unite,dight,nite,polite,website,flight,oversight,twite,satellite,light,ignite,moonlight,hindsight,lite,quite,goodnight,wight,upright,foresight,knight,feit,height,mite
maroon,midafternoon,suine,poon,kuhn,magoon,afternoon,bethune,bassoon,harpoon,calhoun,cocoon,commune,troon,cartoon,hoon,hewn,baboon,clune,galloon,honeymoon,loon,buffoon,typhoon,croon,spoon,pontoon,teaspoon,moone,lagoon,rune,jeune,platoon,cahoon,cancun,pantaloon,muldoon,shoen,coon,swoon,rangoon,mattoon,june,shewn,strewn,gruen,festoon,shoon,moon,brune,cardoon,koon,attune,noone,inopportune,saskatoon,monsoon,sassoon,picayune,raccoon,cameroon,laffoon,boon,kroon,calhoon,terhune,saloon,contrabassoon,prune,noon,tune,goon,yoon,tablespoon,suen,soon,balloon,opportune,boone,witherspoon,impugn,tycoon,toon,dune,lampoon,immune
marooned,swooned,mooned,honeymooned,festooned,attuned,freund,wound,ballooned,tuned,gamunde,pruned,lampooned,crooned,spooned,impugned
marooner,
marooning,
maroons,
maroquin,
maror,
maros,taros,paros
marotte,allot,begot,slingshot,rot,potshot,upshot,fraught,brought,cosmonaut,lott,not,forethought,haut,aforethought,squat,boycott,juggernaut,whatnot,jackpot,alot,fought,robot,ascot,trot,baht,ocelot,mott,ot,got,loquat,plot,aught,scott,ought,bott,swat,mascot,blot,wat,sot,onslaught,taut,forgot,aquanaut,distraught,topknot,croat,pott,gunshot,longshot,taught,dot,watt,ott,hotshot,motte,sadat,spot,ararat,shot,bought,wrought,cot,thought,crackpot,clot,afterthought,scattershot,argonaut,hot,naught,dreadnought,lot,huguenot,apricot,nought,cannot,sought,scot,yacht,camelot,overwrought,straught,caught,jot,snapshot,slot,lat,earshot,astronaut,tot,snot,teapot,lotte,knot,pot
marou,
marouflage,
marozas,
marozik,
marpessa,
marpet,
marplot,
marplotry,
marplots,
marprelate,
marq,
marquand,
marquardt,marquart
marque,hallmark,trademark,meadowlark,starke,patriarch,oligarch,starc,demark,sparc,quark,snark,hark,clark,dark,barque,garch,sark,chark,bismarck,parke,saarc,goldmark,denmark,spark,shark,bark,barch,remark,stark,park,lark,landmark,earmark,darke,parc,merc,monarch,marke,bismark,hashmark,skylark,bsarch,mark,narc,matriarch,watermark,disembark,barke,arche,ark,starck,aardvark,marc,postmark,pockmark,birthmark,karch,ozark,harc,benchmark,yarke,ballpark,embark,arc,clarke
marquee,flee,bee,ski,lee,scree,mi,oversee,qi,turnkey,dee,spree,ac,hee,xi,g,pee,repartee,de,machete,quay,wee,marquis,thee,knee,payee,asap,pony,partee,ne,ye,tv,she,ghee,t,pre,key,agree,reality,tea,be,he,nestle,free,lessee,degree,sunday,gee,z,jubilee,kabuki,ree,idiosyncrasy,potpourri,e,foresee,apogee,plea,me,syncope,referee,b,guaranty,debris,banshee,c,d,lea,indri,tree,manatee,precis,hyperbole,we,v,see,hawaii,cree,yee,three,di,carefree,si,snee,p,bourgeoisie,nee,pea,trustee,sea,decree,fee,flea,esprit,calliope,glee,cc,emcee,guarantee,actuary,tee
marquees,markis,hierarchies,darkies
marques,hallmarks,arx,sparkes,marks,marcks,marx,quarks,harks,sparks,barkes,monarchs,patriarchs,darks,parks,deutschemarks,landmarks,remarks,embarks,ballparks,starks,hartmarx,tjarks,vonarx,larches,barks,ozarks,skylarks,trademarks,birthmarks,sharks,arcs,clarks,barques,watermarks,benchmarks,starkes,earmarks,narcs,parkes,narks,oligarchs,marcs,larks
marquesan,markson,arcsin,clarkson,marxen
marquess,
marquessate,
marquesses,
marquet,
marqueterie,
marquetry,
marquette,sublet,anisette,smet,quintet,wet,pipette,lorgnette,sextet,met,alphabet,rosette,let,brunette,barrette,get,cornet,et,ret,cadet,threat,quartet,gazette,calumet,preset,beset,joliet,charrette,regret,cabriolet,sunset,beget,piet,upset,subset,clarinet,offset,avocet,sweat,chet,outset,brett,onset,asset,reset,vedette,vette,bet,octet,tet,vignette,corvette,duet,pet,sobriquet,nett,parapet,pret,cassette,flageolet,internet,gimlet,headset,bayonet,tibet,fret,marmoset,epithet,inset,minaret,colette,soviet,outlet,coronet,silhouette,vet,net,forget,whet,stet,abet,suffragette,yet,debt,jet,minuet,tete,cigarette,lafayette,baronet,mindset,antoinette,baguette,roulette,inlet,ethernet,heavyset,typeset,set,dragnet
marquez,paez,vazquez,juarez,jacquez,mendez,baez,jaquez,jiminez,tamez,nanez,torres,valdez,mayaguez,dartez,arnaz,bosquez,baldez,velez,deprez,galvez,francaise,fez,says,guez,maez,chez,montez,ynez,ortez,jimenez,basquez,pres,duenez,presb,mez,pontikes,vallez,canez,pez,francaises,inez,gomes,jerez,marez,miguez,nez,valdes-perez,vasquez,cortez,gamez,natchez,suarez,boulez,bermudez,fresquez,ghez,borquez,dieguez,blais,alvarez,florez,chavez,flores,corteze,valdes,bouygues,torrez,tellez
marquis,flee,bee,ski,lee,scree,mi,oversee,qi,turnkey,dee,spree,ac,hee,xi,g,pee,marquee,repartee,de,machete,quay,wee,thee,knee,asap,payee,pony,partee,ne,ye,tv,she,ghee,t,pre,key,agree,reality,tea,be,he,nestle,free,lessee,degree,sunday,gee,z,jubilee,kabuki,ree,idiosyncrasy,potpourri,e,foresee,apogee,plea,me,syncope,referee,b,guaranty,debris,banshee,c,d,lea,indri,tree,manatee,precis,hyperbole,we,v,see,hawaii,cree,yee,three,di,carefree,si,snee,p,bourgeoisie,nee,pea,trustee,sea,decree,fee,flea,esprit,calliope,glee,cc,emcee,guarantee,actuary,tee
marquisal,
marquisate,
marquisdom,
marquise,
marquises,
marquisess,
marquisette,
marquisettes,
marquisina,
marquisotte,
marquisship,
marquita,peta,bernita,devita,yamashita,oshita,carita,carmelita,alvita,renita,bonita,juanita,tacita,paulita,sedita,mikita,teresita,nikita,palomita,carlita,chita,meta-,prieta,venita,cheetah,lita,pepita,julieta,blanquita,margarita,amelita,damita,pita,tita,mita,meta,evita,zita,peta-,babita,fleta,lolita,vinita,solita,gaeta,fajita,angelita,alita,rita,conchita,lorita,akita,matsushita,chipita,melita,greta,buttitta,bonavita,vernita,unita,charita,perdita,chiquita,mendieta,lupita,kita,clarita,nolita,maurita,melitta,amorita,fujita,brita,benita,morita,sumita,velveeta,tomita,anita,arrieta,narita,nita,maxzide,nitta,chaeta,murrieta,fertitta,carmita,rosita,amezquita,lalita
marquito,
marquois,
marr,streetcar,cigar,jaguar,lumbar,crowbar,boyar,nascar,mar,bazaar,cinnabar,dakar,avatar,repertoire,thar,alar,lar,alcazar,myanmar,star,qatar,boxcar,sar,bizarre,caviar,voir,par,car,babar,gar,sitar,har,renoir,bar,azar,dinar,jar,tsar,akbar,superstar,zanzibar,sandbar,feldspar,commissar,csar,reservoir,magyar,ar,millibar,scar,amar,motorcar,hectare,carr,r,char,disbar,registrar,navarre,subpar,parr,mawr,revoir,saar,barr,afar,haar,railcar,ajar,sidebar,tar,seminar,radar,spar,are,barre,aargh,memoir,lamar,guitar,rebar,amritsar,lodestar,handlebar,adar,foobar,far,mylar,czar,starr,dar,bazar
marra,cantara,malara,caracara,carbonara,chiara,yoshihara,cynara,kurihara,makara,madara,mazzara,miyahara,chara,tamara,harra,timisoara,asmara,farra,takara,fujiwara,ficarra,guadalajara,negara,tiara,ogara,fanara,gandara,sciarra,bara,vizcarra,tara,ferrara,jara,brizzolara,marmara,kotara,sarra,rara,sciara,nara,delara,lara,shara,aarau,azzara,ibarra,cucchiara,mara,carra,zangara,sankara,barra,alcantara,ishihara,omeara,omara,parra,navarra,uehara,ybarra,beshara,guevara,segarra,amara,uyehara,vara,vergara,cassara,camara,lazzara,mortara,fiumara,kuwahara,komara,matsubara,samsara,carrara,kawahara,dichiara
marraine,
marrakech,esche,vergesh,mesch,esh,mahesh,thresh,tesch,flesh,wesch,ritesh,somesh,desch,resch,afresh,pesh,besch,mandresh,hesch,mesh,gresh,lalitesh,wesche,horseflesh,suresh,bangladesh,fresh,creche,koresh,esch,ramesh,enmesh,lesch,lafleche,dresch,refresh,vergresh,tresch,resh,lesh,tesh,plesh,pesch,klesch,pradesh,mcelfresh,flesch,venkatesh
marrakesh,
marram,
marrams,
marranism,
marranize,
marrano,clarino
marranoism,
marranos,
marras,
marred,scarred,pickard,menard,gaspard,barred,lifeguard,chard,avant-garde,beauregard,disbarred,courtyard,gerard,diehard,flashcard,yard,gard,backyard,bankcard,starred,godard,jarred,retard,vanguard,tarred,postcard,charred,stockyard,chouinard,guard,belgard,broussard,churchyard,boulevard,bard,blvd,sparred,lumberyard,discard,safeguard,hard,disregard,schoolyard,parred,dockyard,picard,garde,mastercard,graveyard,card,tared,farmyard,wildcard,barde,scorecard,lazard,gnarred,boatyard,canard,barnyard,scard,leotard,bongard,junkyard,barnard,bombard,nard,blowhard,brickyard,regard,billard,carde,dillard,bouchard,ard,shard,shipyard,vcard,bodyguard,fugard,renard,bernard,lard,knarred
marree,
marrella,
marrer,karrer,bierbarror,scharrer,fahrer,farrer,harrer,sharrer
marrero,ribeiro,ibero,montero,monteiro,passero,minero,ferro-,carneiro,tinajero,sphero-,varo,escudero,meroe,valero,merrow,serow,ferro,fero,pharaoh,taro,caballero,cerro,companero,amero,marrow,sero-,bero,arrow,dondero,narrow,romero,ptero-,barbero,barrow,ptero,sphero,sombrero,mescalero,faro,barreiro,acero,ranchero,spero,aero-,camaro,herrero,madero,rivero,quintero,garo,lucero,pinero,camero,wheelbarrow,otero,cantero,sparrow,sclero,aguero,herro,soltero,sendero,sclero-,garrow,mero,borrero,vero,embarcadero,cordero,ferrero,pinheiro,darrow,pharoah,bracero,botero,bolero,cuero,aero,gerow,guerrero,xero-,gero
marrers,
marry,dictionary,vary,pulmonary,judiciary,estuary,pecuniary,unnecessary,nary,lapidary,beneficiary,revolutionary,canary,confectionery,fiduciary,customary,temporary,sanctuary,discretionary,arie,mercenary,gooseberry,seminary,subsidiary,raspberry,scary,wary,imaginary,hairy,cherry,stationery,obituary,military,blueberry,mulberry,eyrie,visionary,commentary,cemetery,harry,parry,confectionary,secretary,emissary,vocabulary,sedentary,proprietary,adversary,solitary,hereditary,missionary,ancillary,salutary,very,monetary,ordinary,epistolary,literary,corollary,sanitary,unitary,cautionary,aerie,library,dairy,necessary,contemporary,luminary,tertiary,berry,carry,prairie,contrary,tributary,merry,reactionary,fairy,culinary,stationary,secondary,dysentery,itinerary,arbitrary,capillary,monastery,ferry,huckleberry,barre,tarry,extraordinary,apothecary,strawberry,preliminary,veterinary,bury,february,mary,legendary,ary,airy,primary
marriable,carriable
marriage,herridge,sverige,parage,remarriage,miscarriage,claridge,berridge,carriage,disparage,kerridge,intermarriage
marriageability,
marriageable,carriageable
marriageableness,
marriage-bed,
marriageproof,
marriages,claridges,disparages,miscarriages,carriages
marriage's,
marryat,
married,parried,harried,carried,ferried,unmarried,remarried,varied,buried,berried
marriedly,
marrieds,
marrier,tarrier,warier,barrier,carrier,charrier
marryer,
marriers,
marries,itineraries,fairies,miniseries,daris,mercenaries,caries,canaries,ordinaries,thornberrys,karis,preliminaries,raspberries,varies,fiduciares,legionaries,obituaries,monasteries,proprietaries,missionaries,beneficiaries,cemeteries,strawberries,jerries,rameriz,secondaries,cherries,ferries,berries,blueberries,primaries,functionaries,aviaries,militaries,blackberries,commentaries,confectionaries,sherris,temporaries,sanctuaries,paries,secretaries,antares,berris,carries,dignitaries,harries,luminaries,cranberries,commissaries,gooseberries,paramilitaries,estuaries,adversaries,seminaries,corollaries,intermediaries,tributaries,aires,maries,capillaries,dictionaries,contemporaries,dairies,buries,thornburys,reactionaries,emissaries,revolutionaries,subsidiaries,aries,fiduciaries,marys,terese,sherries,libraries
marrietta,
marrying,dairying,varying,remarrying,ferrying,berrying,carrying,burying
marrilee,
marrymuffe,
marrin,karren,sharon,arran,barron,darrin,paran,harren,daren,garran,harron,garonne,narron,mccarron,carin,arron,darin,gagarin,claren,mcclaran,garron,starin,haran,varan,sharron,albarran,scarron,carron,harran,baron,arawn,farran,staron,karyn,barren
marring,tarring,jarring,sparring,gnarring,charring,barring,taring,starring,parring,scarring
marriott,herriott,merriott,proletariat,iscariot,harriet,herriot,secretariat,lariat,chariot,variate
marris,fitzharris,laris,barris,caris,mcdaris,clarrisse,sarris,pharris,carus,larus,arris,varices,glarus,varisse,clarisse,kaross,scarus,garous,garris,parus,pharis,barrus,carris,harriss,varus,garis,paris
marrys,
marrissa,
marrock,
marron,mcfarren,betakeren,sharon,marin,faron,karon,barron,terin,faren,herrin,teran,seron,heron,charron,beran,hairen,yaron,ferrin,sherin,geran,geron,karen,caren,ferron,mclaren,aaron,aron,schwerin,charon,haren,herin,lebaron,theron,herron,veron,waren,karin,alaron,sherrin,aeron,mehran,serin,garin,kerin,perron,farron,farren,paren,cerin,maren,pteron,ferran,guerin,baron,terran,baren,beron,aran,herren,maclaren,barren,ehren,perrin,karan
marrons,
marrot,
marrow,ribeiro,ibero,montero,monteiro,passero,minero,ferro-,carneiro,tinajero,sphero-,varo,escudero,meroe,valero,merrow,serow,ferro,mero-,fero,pharaoh,taro,caballero,cerro,companero,amero,sero-,bero,arrow,dondero,narrow,romero,ptero-,barbero,barrow,ptero,sphero,sombrero,mescalero,faro,barreiro,acero,ranchero,spero,aero-,camaro,herrero,madero,rivero,quintero,garo,lucero,pinero,camero,wheelbarrow,otero,cantero,sparrow,sclero,aguero,herro,soltero,sendero,sclero-,garrow,mero,borrero,vero,embarcadero,cordero,ferrero,pinheiro,darrow,pharoah,bracero,carrero,botero,bolero,cuero,aero,gerow,marrero,guerrero,xero-,gero
marrowbone,
marrowbones,
marrowed,
marrowfat,
marrowy,arrowy
marrowing,
marrowish,
marrowless,
marrowlike,
marrows,harrows,barrows,arrows,arrose
marrowsky,
marrowskyer,
marrube,
marrubium,
marrucinian,
marruecos,
mars,motorcars,stars,aerostars,jars,marz,maars,barres,renoirs,superstars,seminars,tsars,registrars,radars,pars,gars,sars,hectares,starrs,handlebars,tokars,marrs,guitars,czars,cars,kahrs,railcars,barz,avatars,memoirs,haars,spars,chars,bazaars,sidebars,ares,reservoirs,boxcars,lars,sitars,bars,nars,minicars,magyars,scars,baars,dinars,jaguars,cigars,ours,feldspars,barrs,vars
marsala,adalah,depaula,zavala,cipolla,kholah,vadala,mala,ruhollah,alcala,kabbalah,machala,hakala,whala,ndola,alla,oglala,fiala,chawla,skala,guatemala,bala,amygdala,stola,mollah,sala,vala,wallah,sigala,rajala,golla,ojala,cecala,scala,lasala,butala,sabala,odwalla,wala,paula,corolla,koala,rogala,bolla,magdala,domagala,kubala,isola,tafolla,zappala,mccollough,kampala,lala,meola,impala,kuala,abdollah,kerala,ramallah,zabala,feola,arreola,cala,cicala,haapala,begala,bangala,allah,rolla,walla,cholla,nuala,ayala,savala,seppala,matala,neola,mancala,holla
marsalas,
marsden,marsdon
marsdenia,
marse,arce,barse,arsch,sarse,parse,tarse,farce,sparse,farse,carse
marseillais,
marseillaise,
marseille,bile,sundial,meanwhile,freestyle,oenophile,revile,carlisle,delisle,zile,while,tile,stockpile,corbeil,percentile,gentile,lifestyle,spile,carlyle,versatile,rile,ryle,erstwhile,crocodile,senile,idlewild,file,pile,style,isle,phile,beguile,smile,aisle,crile,textile,fertile,exile,weil,immobile,compile,francophile,niall,mile,hairstyle,nile,juvenile,hostile,guile,lile,anglophile,vile,trial,lyle,seil,worthwhile,kile,quintile,phyle,wyle,scyle,gile,chyle,kyle,argyle,refile,wile,peristyle,reconcile,stile,pyle,weill,argyll,mercantile,mikhail,hile,hyle,heil,awhile,profile,restyle,tactile,turnstile,cheil,dial
marseilles,demise,apprise,pulverize,guise,eyes,visualize,size,sunrise,energize,flies,authorize,apologize,analyze,advise,fries,materialize,stylus,rationalize,subsidize,familiarize,harmonize,synchronize,guys,organize,supplies,paralyze,maximize,merchandise,summarize,hypothesize,lies,stigmatize,marginalize,comprise,socialize,catalyze,epitomize,empathize,prioritize,enterprise,exercise,disguise,aggrandize,recognize,surprise,emprise,improvise,emphasize,customize,sympathize,devise,wise,mesmerize,plagiarize,arise,utilize,belies,prize,characterize,reprise,criticize,baptize,mobilize,chastise,compromise,capsize,revise,tantalize,supervise,stabilize,synthesize,jeopardize,revitalize,otherwise,polarize,ties,likewise,prise,mize,surmise,metastasize,galvanize,antagonize,patronize,allies,rise,optimize,proselytize,despise,finalize,ostracize,advertise,memorize,capitalize,crystallize,franchise,amortize,realize,scrutinize,minimize
marses,
marsh,whitmarsh,barsh,harsch,barsch,karsh,saltmarsh,larsh,harsh,marsch,marche
marsha,marcia,harsha
marshal,marshall,partial,marschall,parshall,impartial,martial,barschel
marshalate,
marshalcy,
marshalcies,
marshaled,martialed,marshalled
marshaler,
marshaless,
marshaling,marshalling
marshall,partial,marschall,parshall,impartial,martial,barschel,marshal
marshallberg,
marshalled,marshaled,martialed
marshaller,
marshallese,
marshalling,marshaling
marshalls,meatballs,smalls,dolls,aerosols,casals,snowballs,shawls,salz,colles,fireballs,sauls,spaceballs,squalls,hauls,mauls,overalls,beachballs,palls,softballs,mcfalls,baseballs,protocols,installs,galls,ralls,neanderthals,paules,rawles,valls,dols,qualls,calls,riyals,falls,malls,eyeballs,crawls,fastballs,bawls,stalls,scrawls,salls,idaho-falls,windfalls,bahls,ryals,mothballs,basketballs,pratfalls,coveralls,recalls,forestalls,schmalz,shortfalls,halls,balls,gauls,walz,alls,overhauls,befalls,waterfalls,oddballs,lolls,trawls,pauls,catcalls,balz,sprawls,dalles,rawls,handballs,footballs,drawls,trackballs,appalls,nalls,brawls,walls,pitfalls,butterballs,reinstalls,ingalls,mcgols,rainfalls
marshalltown,meltdown,countdown,comedown,shantytown,motown,drown,markdown,tinseltown,turndown,noun,shakedown,renown,brown,shutdown,putdown,georgetown,chinatown,lockdown,rundown,clampdown,gown,uptown,letdown,midtown,down,lowdown,runaround,showdown,facedown,jamestown,crosstown,slowdown,cooperstown,browne,drawdown,lown,touchdown,breakdown,crackdown,hoedown,boomtown,around,godown,clown,knockdown,run-down,crown,sundown,playground,hometown,downtown,town,frown
marshallville,
marshalman,
marshalment,
marshals,martials,partials
marshalsea,
marshalship,
marshbanker,
marshberry,
marshberries,
marshbuck,
marshes,
marshessiding,
marshfield,winfield,resealed,summerfield,cornfield,holyfield,plainfield,feild,delafield,field,brownfield,steeled,outfield,repealed,neild,rayfield,stanfield,shield,highfield,garfield,battlefield,caulfield,penfield,pealed,heeled,unsealed,goldfield,concealed,brookfield,bloomfield,infield,belfield,heald,oilfield,healed,richfield,bonfield,congealed,wield,backfield,reeled,keeled,afield,unconcealed,revealed,wheeled,chesterfield,neeld,whitefield,oldfield,sealed,bakersfield,yield,redfield,fairfield,peeled,masefield,windshield,kneeled,wakefield,minefield,hayfield,mansfield,squealed,mayfield,airfield,springfield,hatfield,wingfield,scofield,copperfield,appealed,northfield,canfield,greenfield,cranfield,porterfield,bluefield
marshfire,
marshflower,
marshy,
marshier,
marshiest,
marshiness,
marshite,
marshland,headband,shand,motherland,stagehand,canned,land,quicksand,parkland,secondhand,gland,homeland,greenland,backhand,understand,cropland,southland,contraband,reprimand,mainland,farmhand,hand,panned,scanned,grandstand,unmanned,tanned,dixieland,rand,finland,band,grassland,wasteland,nightstand,lapland,lefthand,moorland,grande,shorthand,banned,inland,armband,timberland,strand,sand,handstand,command,hinterland,dreamland,fairyland,misunderstand,bandstand,lowland,lande,grand,expand,midland,ampersand,righthand,bland,disband,remand,broadband,farmland,firebrand,longhand,outland,spanned,firsthand,withstand,wonderland,freehand,newsstand,unplanned,overland,woodland,demand,ferdinand,stand,forehand,brand,heartland,disneyland,offhand,thailand,fatherland,planned,beforehand,wetland,manned
marshlander,
marshlands,farmhands,ands,forehands,understands,misunderstands,landes,meadowlands,badlands,stagehands,mandes,midlands,wetlands,glands,newsstands,spacebands,handstands,farmlands,shands,quicksands,sands,rands,strands,grands,reprimands,hinterlands,timberlands,stands,demands,commands,brandes,armbands,glandes,bands,brands,expands,lowlands,grasslands,shadowlands,homelands,tambrands,headbands,hands,lands,woodlands,nightstands,withstands,firebrands,moorlands
marshlike,
marshlocks,
marshmallow,arguello,bellow,pocatello,castello,anello,tumminello,goodfellow,meloe,yellow,santangelo,jello,kellow,canelo,jagiello,coelho,bello,novello,cappello,carmelo,monticello,bedfellow,castelo,rosello,mellow,marcello,ciriello,rebello,fiorello,marcelo,othello,coello,sotelo,melo,stringfellow,porcello,tello,borrello,botelho,modelo,celo,bonello,cabello,aiello,barcelo,manganello,fellow,tamburello,mastrangelo,augello,pellow,pirandello,mauriello,otello,militello,martello,deangelo,darcangelo,covello,quello,botello,felloe,morello,agnello,ravelo,spinello,vitiello,montebello,jell-o,vitello,belo,marinello,telo-,rebelo,cuello,costello,longfellow,delo,borello,velo,cello,torello,mello,tomasello,coviello,manganiello,capello,montello,cappiello
marsh-mallow,
marshmallowy,
marshmallows,bellows,mellows,banuelos,bedfellows,barcellos,yellows,fellows,vasconcellos,felloes,goodfellows
marshman,harshman
marshmen,
marshs,
marsh's,
marshville,
marshwort,
marsi,
marsian,
marsyas,
marsiella,
marsilea,
marsileaceae,
marsileaceous,
marsilia,
marsiliaceae,
marsilid,
marsing,
marsipobranch,
marsipobranchia,
marsipobranchiata,
marsipobranchiate,
marsipobranchii,
marsland,
marsoon,
marspiter,
marssonia,
marssonina,
marsteller,teller,seller,yeller,sneller,kneller,gfeller,mckellar,wehler,sweller,zeller,heller,neller,beller,queller,drumheller,eller,meller,melear,scheller,steller,kaehler,mellor,behler,interstellar,keller,reseller,bellar,storyteller,crassweller,kehler,sheller,mckeller,mackellar,geller,kellar,feller,schneller,stellar,propeller,deller,shelor,ehler,peller,sellar,smeller,weller,teffeteller,bestseller,rathskeller,mehler,bookseller,langella,reller,lamellar,speller,rockefeller,dehler,larzelere,cellar,bookcellar,dweller
marston,carsten,garstin,karsten,harston,garston
marsupia,
marsupial,rupial,troopial,troupial
marsupialia,
marsupialian,
marsupialise,
marsupialised,
marsupialising,
marsupialization,
marsupialize,
marsupialized,
marsupializing,
marsupials,
marsupian,
marsupiata,
marsupiate,
marsupium,
mart,art,start,go-cart,flowchart,heart,bogart,outsmart,artcc,bart,lockhart,elkhart,impart,harte,smart,capehart,reinhardt,walmart,eckhart,dart,clart,scart,fart,marte,hobart,charte,skart,chart,part,tart,stuttgart,tarte,jumpstart,hart,parte,haart,hardt,mouthpart,headstart,bonaparte,goulart,newhart,kmart,multipart,oxcart,depart,apart,upstart,restart,lionheart,urquhart,carte,counterpart,cart,descartes,sweetheart
marta,djakarta,barta,encarta,vallarta,charta,sparta,smarta,carta,jakarta
martaban,
martagon,
martagons,
martainn,
marte,art,start,go-cart,flowchart,heart,bogart,outsmart,artcc,bart,lockhart,elkhart,impart,harte,smart,capehart,reinhardt,walmart,eckhart,dart,clart,scart,fart,hobart,charte,skart,chart,mart,part,tart,stuttgart,tarte,jumpstart,hart,parte,haart,hardt,mouthpart,headstart,bonaparte,goulart,newhart,kmart,multipart,oxcart,depart,apart,upstart,restart,lionheart,urquhart,carte,counterpart,cart,descartes,sweetheart
marted,
marteena,
martel,pastel,carel,oversell,knell,foretell,expel,quel,compel,rangel,parallel,noel,pell,intel,morel,misspell,tel,barbell,fell,l,el,groundswell,lapel,nutshell,zinfandel,shell,mel,decibel,bethel,nobel,caravel,quell,ravel,cel,doorbell,dell,citadel,stairwell,chanel,fidel,raphael,manuel,cell,tell,impel,nell,mademoiselle,carmel,bell,maxwell,accel,smell,bombshell,sel,undersell,michelle,hell,resell,motel,retell,swell,repel,well,outsell,isabel,yell,bel,propel,bluebell,adele,carousel,clientele,materiel,seashell,gel,dumbbell,jell,hotel,cowbell,eggshell,mell,sell,del,befell,farewell,elle,infidel,rebel,dispel,aol,belle,snell,cartel,personnel,ell,gazelle,spell,excel,marcel,dwell
martele,
marteline,
martell,pastel,carel,oversell,knell,foretell,expel,quel,compel,rangel,parallel,noel,pell,intel,morel,misspell,tel,barbell,fell,l,el,groundswell,lapel,nutshell,zinfandel,shell,mel,decibel,bethel,nobel,caravel,quell,ravel,cel,doorbell,dell,citadel,stairwell,chanel,fidel,raphael,manuel,cell,tell,impel,nell,mademoiselle,carmel,bell,maxwell,accel,smell,bombshell,sel,undersell,michelle,hell,resell,motel,retell,swell,repel,well,outsell,isabel,yell,bel,propel,bluebell,adele,carousel,clientele,materiel,seashell,gel,dumbbell,jell,hotel,cowbell,eggshell,mell,sell,del,befell,farewell,elle,infidel,rebel,dispel,aol,belle,snell,cartel,personnel,ell,gazelle,spell,excel,marcel,dwell
martella,cannella,ariella,minella,gabriella,muscarella,cappella,rotella,rubella,dibella,abela,louella,marbella,estrella,viyella,marella,bella,petrella,patella,goodfella,tele,vella,corella,ella,kwela,stella,barela,labella,adela,zanella,leola,sella,luella,michaela,petronella,gazella,cinderella,capella,prunella,novella,cella,parella,mirella,chela,marcela,mandela,citronella,abella,donella,vendela,candela,rosella,nella,flagella,stela,sabella,fela,cela,rella,arabella,daniella,favela,selah,villella,marvella,avella,daniela,campanella,salmonella,della,casella,bellah,mirabella,pella,bela,fellah,vela,ela,kinsella,estella,fenella,umbrella,marcella,mandella,carmela,sela,mella,fella,nela,isabella,fabela,gabriela,annabella,ardella,meloplasty,dela
martellate,
martellato,
martelle,pastel,carel,oversell,knell,foretell,expel,quel,compel,rangel,parallel,noel,pell,intel,morel,misspell,tel,barbell,fell,l,el,groundswell,lapel,nutshell,zinfandel,shell,mel,decibel,bethel,nobel,caravel,quell,ravel,cel,doorbell,dell,citadel,stairwell,chanel,fidel,raphael,manuel,cell,tell,impel,nell,mademoiselle,carmel,bell,maxwell,accel,smell,bombshell,sel,undersell,michelle,hell,resell,motel,retell,swell,repel,well,outsell,isabel,yell,bel,propel,bluebell,adele,carousel,clientele,materiel,seashell,gel,dumbbell,jell,hotel,cowbell,eggshell,mell,sell,del,befell,farewell,elle,infidel,rebel,dispel,aol,belle,snell,cartel,personnel,ell,gazelle,spell,excel,marcel,dwell
martellement,
martelli,mancinelli,donatelli,pasquarelli,minnelli,fanelli,jelly,borelli,santelli,kellie,angeli,beli,reli,marinelli,riopelle,deli,smelly,cappelli,wellie,puccinelli,petrocelli,kelli,novelli,brunelli,helie,elie,gabrielli,minelli,tele,miceli,signorelli,elly,cellae,schelly,agnelli,allele,bonelli,altobelli,santarelli,stelly,underbelly,chelae,cinelli,celie,romanelli,spinelli,torricelli,celli,telly,nelly,melli,tele-,cheli,stelae,antonelli,castelli,shelly,cassinelli,kelly,vitelli,nellie,shelley,mellie,torelli,piscitelli,skelly,felly,roselli,capelli,locatelli,gelly,covelli,okelly,morelli,belly,pacelli,machiavelli,delhi,helly,campanelli,belli,kelley,meli,nelli,saltarelli,delee,welly,melly,ellie,fiorelli,zeffirelli
martello,arguello,bellow,pocatello,castello,anello,tumminello,goodfellow,meloe,yellow,santangelo,jello,kellow,canelo,jagiello,coelho,bello,novello,cappello,carmelo,monticello,bedfellow,castelo,rosello,mellow,marcello,ciriello,rebello,fiorello,marcelo,othello,coello,sotelo,melo,stringfellow,porcello,tello,borrello,botelho,modelo,celo,bonello,cabello,aiello,barcelo,manganello,fellow,tamburello,mastrangelo,augello,pellow,pirandello,mauriello,otello,militello,deangelo,darcangelo,covello,quello,botello,felloe,morello,agnello,ravelo,spinello,vitiello,montebello,jell-o,vitello,belo,marinello,telo-,rebelo,marshmallow,cuello,costello,longfellow,delo,borello,velo,cello,torello,mello,tomasello,coviello,manganiello,capello,montello,cappiello
martellos,
martemper,
marten,sartin,harton,martin,bongarten,mccarten,rosengarten,hartin,smarten,mcmartin,mccartan,harten,gartin,barten,demartin,weingarten,kindergarten,carton,darton,guilmartin,spartan,gilmartin,parten,martyn,hallgarten,mccartin,garton,tartan,barton,marton,garten,kilmartin,parton,partin,hearten
marteniko,
martenot,
martens,kindergartens,heartens,cartons,martins
martensdale,
martensite,
martensitic,
martensitically,
martes,darts,bartz,barts,harts,sweethearts,charts,tarts,spartz,departs,martz,hartz,artz,upstarts,ramparts,flowcharts,autoparts,cartes,arts,headstarts,castparts,starts,carts,counterparts,robarts,cuisinarts,mouthparts,marts,hearts,schartz,smarts,farts,parts,imparts,kartes,outsmarts,jumpstarts
martext,
martguerita,
marth,garth,seyfarth,hearth,arth,applegarth,neuharth,sparth,hackbarth,breitbarth,darth,wohlfarth,harth,hogarth,barth
martha,mccartha,bartha
marthasville,
marthaville,
marthe,sarthe
marthena,
marti,darty,mclarty,fogarty,party,hogarty,artie,tarty,hearty,uriarte,haggarty,sarti,smarty,parti,carty,harty,arty,marty,martie,intraparty,mcclarty,counterparty,clarty,multiparty,mccarty,ugarte,moriarty
marty,darty,mclarty,fogarty,party,hogarty,artie,tarty,hearty,uriarte,haggarty,sarti,smarty,parti,carty,harty,arty,martie,intraparty,marti,mcclarty,counterparty,clarty,multiparty,mccarty,ugarte,moriarty
martial,marshall,partial,marschall,parshall,impartial,barschel,marshal
martialed,marshaled,marshalled
martialing,
martialism,
martialist,
martialists,
martiality,
martialization,
martialize,
martialled,
martially,
martialling,
martialness,
martials,marshals,partials
martian,marcian,harshen,darshan,arshin,doordarshan
martians,
martica,
martie,darty,mclarty,fogarty,party,hogarty,artie,tarty,hearty,uriarte,haggarty,sarti,smarty,parti,carty,harty,arty,marty,intraparty,marti,mcclarty,counterparty,clarty,multiparty,mccarty,ugarte,moriarty
martijn,
martiloge,
martin,sartin,harton,marten,bongarten,mccarten,rosengarten,hartin,smarten,mcmartin,mccartan,harten,gartin,barten,demartin,weingarten,kindergarten,carton,darton,guilmartin,spartan,gilmartin,parten,martyn,hallgarten,mccartin,garton,tartan,barton,marton,garten,kilmartin,parton,partin,hearten
martyn,sartin,harton,martin,marten,bongarten,mccarten,rosengarten,hartin,smarten,mcmartin,mccartan,harten,gartin,barten,demartin,weingarten,kindergarten,carton,darton,guilmartin,spartan,gilmartin,parten,hallgarten,mccartin,garton,tartan,barton,marton,garten,kilmartin,parton,partin,hearten
martin',
martina,mena,bina,lena,proserpina,jeana,mina,zena,concertina,melvina,dena,katrina,serafina,neenah,christina,quina,messina,cadena,athena,regina,verbena,pyrena,georgina,gardena,faena,alcina,magdalena,cantina,ina,sabena,ballerina,angelina,molina,sabrina,irina,vena,rina,salina,veena,davina,serena,patina,macarena,purina,xena,cristina,catena,rena,pina,edina,vaccina,albina,reina,cortina,erina,spina,jena,celina,medina,herzegovina,gallina,alina,avina,valentina,nina,subpoena,dina,argentina,vina,rosina,arena,domina,rowena,cartagena,adina,hercegovina,covina,seraphina,bettina,sabina,semolina,farina,catalina,siena,florentina,gina,lina,philomena,tina,sardina,marina,selena,fraena,krajina,latina,hyena,galena,sheena,ianthina
martindale,
martine,foreseen,irene,sistine,sheen,submarine,aquamarine,obscene,saline,geraldine,lien,jean,ravine,umpteen,seen,florentine,convene,screen,vien,gene,queen,magazine,machine,internecine,aniline,fifteen,teen,tourmaline,libertine,thirteen,amphetamine,amin,green,protein,lean,glean,demean,careen,unforeseen,caffeine,aberdeen,augustine,sunscreen,wolverine,clementine,dean,serene,treen,leen,halloween,selene,labyrinthine,bromine,opaline,gasoline,trampoline,byzantine,peregrine,tangerine,eugene,mezzanine,nene,mein,sardine,contravene,murine,intervene,quarantine,argentine,marine,baleen,keen,wean,canteen,evergreen,bean,vaccine,guillotine,figurine,kerosene,sabine,casein,mean,clean,agin,cuisine,limousine,hygiene,preen,mien,between,holstein,scene,philistine,routine,reconvene,undine,latrine,feine,spleen,gelatine
martineau,tempo,undergo,snow,tomorrow,grotto,rococo,forgo,doe,aficionado,adagio,go,glow,row,quo,dough,lo,potato,photo,buffalo,rhino,whoa,bio,radio,audio,pro,escrow,shadow,portfolio,fallow,although,mow,manifesto,though,crow,below,grow,apropos,overthrow,roe,sew,joe,ratio,tornado,tow,willow,glo,plough,bestow,coco,portico,woe,flow,plateau,hydro,forego,espresso,rainbow,aglow,throw,otto,blow,patio,calypso,know,co,veto,winnow,bowe,meadow,toe,low,mo,studio,gusto,no,indigo,yoe,beau,show,cameo,foe,o,torso,tableau,owe,archipelago,ho,tomato,hello,vertigo,borrow,torpedo,slow,micro,so,hoe,virago,dado
martinelli,
martinet,
martineta,
martinetish,
martinetishness,
martinetism,
martinets,
martinetship,
martinez,godinez,marinez,dienes
marting,smarting,harting,hartung,farting,charting,imparting,starting,departing,restarting,carting,darting,hearting,karting,parting,outsmarting
martingal,
martingale,bail,inhale,sale,impale,vale,wale,surveil,fail,whale,kale,vail,mail,pale,ponytail,biennale,handrail,clydesdale,coattail,guardrail,blackmail,bale,horsetail,swale,airmail,dwale,quale,nail,detail,toenail,gael,hale,stale,ail,gale,tale,calle,female,yale,soleil,prevail,pail,trail,dale,hail,dail,flail,airedale,entail,retail,dovetail,wholesale,hobnail,sail,male,cale,quail,scale,jail,orrell,exhale,zale,kail,fairytale,countervail,wail,faille,unveil,cocktail,foxtail,monorail,shale,abigail,gail,grail,snail,travail,taille,gmail,assail,veil,email,thumbnail,upscale,resale,folktale,tail,voicemail,salle,rail,ale,brail,braille,derail,frail,curtail,fantail,greenmail,avail,telltale
martingales,
martini,sheeny,yemeni,maline,teenie,leany,rini,sweeny,cellini,spleeny,greenie,meiny,albertini,carine,tweeny,bonine,zucchini,houdini,angelini,genii,beany,jeannie,orsini,provine,cassini,rosine,reny,ballentine,morini,dildine,deline,maurine,guarini,perrine,giannini,castine,lentini,cabrini,fettuccine,fellini,wahine,feeney,teeny,aveline,bimini,agostini,eugenie,larine,fini,lapine,puccini,weeny,toscanini,beanie,bodine,verine,lienee,heaney,rossini,linguine,balentine,celestine,cherubini,seraphine,delphine,dini,mancini,dorine,baldini,pacini,victorine,pini,bellini,gilbertine,greeny,sweeney,meanie,paganini,meany,pellegrini,mussolini,lamborghini,leontine,domine,bartolini,lepine,mcsweeney,latini,genie,feeny,sabatini,queenie,bikini,marini,ardine,piccinini,jeanie,florine,santini,vini
martynia,
martyniaceae,
martyniaceous,
martinic,
martinican,
martinico,
martini-henry,
martinique,reek,antique,teac,bleak,sheik,zeek,teak,seek,rieck,tariq,peake,wreak,weick,leak,phreak,cacique,deak,fenugreek,newspeak,chesapeake,technique,midweek,beak,oblique,physique,steek,speake,respeak,clique,skreak,streak,speke,leake,manrique,belgique,peak,beek,workweek,geek,boutique,fleak,weak,creak,zeke,unique,mozambique,sleek,streek,sikh,cleek,pique,fleek,geekdom,cheek,tweak,geac,shriek,sneak,critique,creek,sheikhdom,peek,clinique,week,speak,dominique,grosbeak,bespeak,batik,freak,squeak,gleek,doublespeak,monique,greek,leek,kweek,misspeak,meek,sheikh,mystique,steik,henrique,veronique,eke,screak,chic
martinis,lamborghinis,beanies,wahines,genys,greenies,romines,bikinis,genies,meanies,sienese
martinism,
martinist,
martinmas,
martynne,
martino,faustino,ladino,lino,amino,wino,paolino,bambino,marino,mendocino,sabino,arpino,merino,cino,dino,cassino,torino,angelino,encino,giardino,serafino,filipino,neutrino,molino,geno,pieno,delfino,gino,nino,gambino,cimino,agostino,sandino,corvino,chino,mino,reno,santino,constantino,baldino,covino,jalapeno,patino,tino,orsino,angeleno,paladino,mandarino,camino,philippino,bernardino,palladino,palomino,andantino,paulino,latino,severino,celestino,comino,gugino,andino,aquino,casino,hino,fino,carino,polino,contino,moreno,morino,leno,farino,galeano,calvino,sabatino,pacino,valentino,keno,pino,cupertino,marcelino,deno,serino,pellegrino,fiorentino,maraschino,vizcaino,bovino,guarino,espino,florentino,tarantino,spino,trevino,postino,cappuccino
martinoe,
martinon,
martins,martens,kindergartens,heartens,cartons
martinsburg,
martinsdale,
martinsen,prinsen,stinson,linson,minson,hynson,hinson,brinson,swinson,vinson,winson,pinson
martinson,martenson,martensen
martinsville,uphill,pill,stil,chill,brazil,rill,advil,mil,bil,abril,fille,windmill,fulfill,quill,daffodil,deville,albertville,drill,dphil,jill,til,anthill,zil,frill,trill,belleville,pil,goodwill,kill,dill,hill,skill,ghyll,sawmill,ill,lil,hornbill,mille,nil,downhill,cowgill,bill,bougainville,swill,wil,grill,gil,thrill,tamil,instill,crill,will,il,krill,schill,fill,overkill,zill,refill,foothill,spill,standstill,seville,nill,mandeville,till,until,brill,treadmill,sil,fil,mill,bastille,grille,molehill,twill,shill,gill,overfill,phil,demille,sill,distill,ville,lille,distil,prill,rille,thill,still,handbill,shrill,landfill
martinton,
martinu,
martyr,hartter,karter,tartar,arter,darter,tarter,carter,starter,harter,marter,smarter,mccarter,mcartor,barter,nonstarter,sartor,charter,parter,garter,vanmarter
martyrdom,
martyrdoms,
martyred,gartered,unchartered,chartered,bartered
martyrer,
martyress,
martyry,artery
martyria,
martyries,
martyring,bartering,chartering,gartering
martyrisation,
martyrise,
martyrised,
martyrish,
martyrising,
martyrium,
martyrization,
martyrize,tartarize
martyrized,
martyrizer,
martyrizing,
martyrly,
martyrlike,
martyrolatry,
martyrologe,
martyrology,
martyrologic,
martyrological,
martyrologist,
martyrologistic,
martyrologium,
martyrs,darters,tartars,garters,nonstarters,charters,dartars,carters,starters
martyr's,
martyrship,
martyrtyria,
martita,peta,bernita,devita,yamashita,oshita,carita,carmelita,alvita,renita,bonita,juanita,tacita,paulita,sedita,mikita,teresita,nikita,palomita,carlita,chita,meta-,prieta,venita,cheetah,lita,pepita,marquita,julieta,blanquita,margarita,amelita,damita,pita,tita,mita,meta,evita,zita,peta-,babita,fleta,lolita,vinita,solita,gaeta,fajita,angelita,alita,rita,conchita,lorita,akita,matsushita,chipita,melita,greta,buttitta,bonavita,vernita,unita,charita,perdita,chiquita,mendieta,lupita,kita,clarita,nolita,maurita,melitta,amorita,fujita,brita,benita,morita,sumita,velveeta,tomita,anita,arrieta,narita,nita,maxzide,nitta,chaeta,murrieta,fertitta,carmita,rosita,amezquita,lalita
martite,partite
martius,
martlet,bartlett,heartlet,tartlet,partlet
martlets,
martnet,
martres,
martrix,
marts,darts,bartz,barts,harts,sweethearts,charts,martes,tarts,departs,spartz,martz,hartz,artz,upstarts,ramparts,flowcharts,autoparts,cartes,arts,headstarts,castparts,starts,carts,counterparts,robarts,cuisinarts,mouthparts,hearts,schartz,smarts,farts,parts,imparts,kartes,outsmarts,jumpstarts
martsen,
martu,
martville,
martz,darts,bartz,barts,harts,sweethearts,charts,martes,tarts,departs,spartz,hartz,artz,upstarts,ramparts,flowcharts,autoparts,cartes,arts,headstarts,castparts,starts,carts,counterparts,robarts,cuisinarts,mouthparts,marts,hearts,schartz,smarts,farts,parts,imparts,kartes,outsmarts,jumpstarts
maru,
marucci,pucci,marcucci,masucci,minicucci,chattahoochee,martucci,ikeuchi,bertolucci,bertucci,ciucci,horiguchi,gucci,rucci,balducci,vertucci,ucci,carducci,higuchi,narducci,sakaguchi,angelucci,noguchi,gallucci,grucci,yamaguchi,petrucci,buchi,salvucci,kawaguchi,ragucci,marinucci,bucci,nucci,denucci,baluchi,mattucci,iacobucci,carlucci,banducci,adduci,antenucci,berarducci,ferrucci,fucci,taniguchi,melucci,horiuchi,castellucci,mucci,bartolucci,vannucci,bonaduce,castrucci,pascucci,cucci,mariucci,reppucci,hoochie,micucci,yamauchi,allamuchy,bellucci,tabuchi,massucci,antonucci,carucci,yamanouchi,takeuchi,paolucci,tucci,maffucci,santucci,lucci,coochie,vellucci,vitucci,iannucci,kikuchi,colucci,cellucci,fiorucci,matteucci
marut,sharrett,jarratt,garrot,garrott,arret,garrett,barratt,carot,starrett,arraught,garett,marett,jarret,marat,garrotte,garritt,garotte,claret,barret,carrot,caret,barrett,parrett,sarrett,bharat,carotte
marutani,
marv,larve,starve,parve,farve,artcarve,arve,harv,carve,sparve,varve,harve
marva,delmarva,arva,narva,larva
marve,
marvel,harvill,harvell,harvel,carvol,larval,arval
marveled,marvelled
marveling,marvelling
marvell,pastel,carel,oversell,knell,foretell,expel,quel,compel,rangel,parallel,noel,pell,intel,morel,misspell,tel,barbell,fell,l,el,groundswell,lapel,nutshell,zinfandel,shell,mel,decibel,bethel,nobel,caravel,quell,ravel,cel,doorbell,dell,citadel,stairwell,chanel,fidel,raphael,manuel,cell,tell,impel,nell,mademoiselle,carmel,bell,maxwell,accel,smell,bombshell,sel,undersell,michelle,hell,resell,motel,retell,swell,repel,well,outsell,isabel,yell,bel,propel,bluebell,adele,carousel,clientele,materiel,seashell,gel,dumbbell,jell,hotel,cowbell,eggshell,mell,sell,del,befell,farewell,elle,infidel,rebel,dispel,aol,belle,snell,cartel,personnel,ell,gazelle,spell,excel,marcel,dwell
marvella,cannella,ariella,minella,gabriella,muscarella,cappella,rotella,rubella,dibella,abela,louella,marbella,estrella,viyella,marella,bella,petrella,patella,lelah,goodfella,tele,vella,corella,ella,kwela,stella,barela,labella,adela,zanella,leola,sella,luella,michaela,petronella,gazella,cinderella,capella,prunella,novella,cella,parella,mirella,chela,marcela,mandela,citronella,abella,donella,vendela,candela,rosella,nella,flagella,stela,sabella,fela,cela,rella,arabella,daniella,favela,selah,villella,avella,daniela,campanella,salmonella,della,casella,bellah,mirabella,pella,bela,fellah,vela,ela,kinsella,estella,fenella,umbrella,marcella,mandella,carmela,sela,mella,fella,nela,isabella,fabela,gabriela,annabella,ardella,meloplasty,dela
marvelled,marveled
marvelling,marveling
marvellous,marvelous
marvellously,marvelously
marvellousness,
marvelment,
marvel-of-peru,
marvelous,marvellous
marvelously,marvellously
marvelousness,
marvelousnesses,
marvelry,
marvels,carvels
marven,
marver,whitescarver,garver,tarver,woodcarver,mccarver,farver,carver,wisecarver,sarver
marvy,
marvin,harvin,carvin,darvon,garvin,carven,tarvin,parvin,arvin
marwar,
marwari,
marwer,
marwin,darwin,garwin,arwen
marx,hallmarks,arx,sparkes,marks,marcks,quarks,harks,sparks,barkes,monarchs,patriarchs,darks,parks,deutschemarks,marques,landmarks,remarks,embarks,ballparks,starks,hartmarx,tjarks,vonarx,larches,barks,ozarks,skylarks,trademarks,birthmarks,sharks,arcs,clarks,barques,watermarks,benchmarks,starkes,earmarks,narcs,parkes,narks,oligarchs,marcs,larks
marxian,
marxianism,
marxism,
marxism-leninism,
marxist,
marxist-leninist,
marxists,
marzi,
marzipan,
marzipans,
mas,bylaws,pas,maas,craws,ijaz,faas,kaus,vichyssoise,thaws,sias,vase,chaws,waas,macaws,gnaws,tawes,hawes,gaus,pause,guffaws,gaz,clause,draws,daws,flaws,claws,gause,cars,chainsaws,jaws,glaus,chas,dnaase,roz,saus,quass,withdraws,haws,grandmas,broz,spas,schnozz,maus,oz,droz,chickasaws,claus,laas,naus,sause,naas,inlaws,scofflaws,brause,shaws,squaws,knaus,francoise,dawes,mroz,outlaws,lawes,daus,handsaws,diaz,shahs,straws,saws,coz,baas,cha-chas,applause,chazz,paz,because,was,laws,baus,tropopause,ahs,gauze,cause,paws,maz,schnoz,faus
masa,hiromasa,ossa,dasa,corsa,bokassa,alcasa,kolasa,causa,jossa,lhasa,premadasa,lassa,fossa,basa,thalassa,rzasa,benincasa,kielbasa,haussa,mombasa,glossa,cossa,casa,kinshasa,asa,cahasa,matassa,vaasa,casassa,bourassa,lanasa,enasa,diasa
masaccio,
masai,mcgaughey,mathai,nagai,rai,caughey,mcgaughy,nakai,kawai,thawy,kumagai,sakurai,budai,nicolai,hirai,mukai,stai,drawee,sakai,kraai,flawy,arai,mcgoey,mccaughey,pai,adlai,sauey,desai,strawy,braai
masais,
masan,kazin,blazon,chazen,pasan,emblazon,raisin,hazen,zazen,jayson,basan,maison,payson,clayson,bazan,greisen,faison,rayson,caison,chazan,mayson,brazen,brasen,kazan,glazen,layson,hazan,hasan
masanao,
masanobu,
masao,takao,nagao,booe,nakao,hisao,demaio
masarid,
masaridid,
masarididae,
masaridinae,
masaryk,
masaris,
masb,
masbate,
masc,
masc.,
mascagni,
mascagnine,
mascagnite,
mascally,
mascara,cartera,severa,figueira,cara,higuera,kuchera,sclera,terre,clara,becerra,bera,silveira,tera-,guerra,valera,tenera,cabrera,mcnamara,guayabera,berra,terah,hara,sara,chimera,tavera,ribera,sierra,teixeira,riviera,pereira,vieira,sferra,olivera,ranchera,tara,cera,ohara,sarah,serra,fichera,canberra,vera,kundera,matera,caldera,ceroplasty,olvera,kera,primavera,gerah,provera,nogueira,para,sequeira,ferra,darragh,zera,para-,carrera,silvera,cerra,madera,thera,basara,escalera,farah,barrera,najera,perera,erra,era,sahara,naira,patera,farrah,gera,rivera,kara,cervera,avera,frontera,leora,mwera,svizzera,altera,moreira,aguilera,fera,barbera,herrera,terra
mascaras,
mascaron,
maschera,
mascherone,
mascia,sciascia
mascle,kassel,ygdrasil,vantassell,lassalle,cassell,facile,mountcastle,kastle,vassel,gracile,kasel,brasil,tassel,nacelle,hassel,brasel,castle,vassal,rassle,tahsil,basle,hassell,passel,greencastle,hardcastle,brassell,grassl,grassel,cassel,newcastle,hassle,astle,vantassel,kasell,wrastle,sphacel,yggdrasil,phasel
mascled,castled,hassled,tasselled,tasseled
mascleless,
mascon,
mascons,
mascot,allot,begot,slingshot,rot,potshot,upshot,fraught,brought,cosmonaut,lott,not,forethought,haut,aforethought,squat,boycott,juggernaut,whatnot,jackpot,alot,fought,robot,ascot,trot,baht,ocelot,mott,ot,got,loquat,plot,aught,scott,ought,bott,swat,blot,wat,sot,onslaught,taut,forgot,aquanaut,distraught,topknot,croat,gunshot,longshot,taught,dot,watt,ott,hotshot,motte,basket,sadat,spot,ararat,casket,shot,bought,wrought,cot,thought,crackpot,clot,afterthought,scattershot,argonaut,hot,naught,dreadnought,lot,huguenot,apricot,nought,cannot,sought,gasket,scot,yacht,camelot,overwrought,caught,jot,snapshot,slot,lat,earshot,astronaut,tot,snot,teapot,lotte,knot,pot
mascotism,
mascotry,
mascots,krotz,allots,stotz,huguenots,baatz,notz,rotz,twats,notts,snapshots,hotz,cypriots,cots,hot-shots,kotz,spotts,plautz,ersatz,blots,crackpots,grotz,feedlots,rots,staats,scotts,dots,knots,bautz,motss,otts,yachts,gotz,argonauts,afterthoughts,sunspots,raatz,kaatz,aughts,kautz,clots,berlottes,snots,shotts,croats,gotts,spots,naughts,kilowatts,boycotts,lottes,trots,klotz,slots,potshots,megawatts,squats,lats,mautz,knotts,hots,pots,hotshots,jackpots,scots,kraatz,nots,braatz,slingshots,stotts,aquanauts,cosmonauts,botz,shatz,motts,motz,apricots,lhotse,watts,lotts,potts,protz,tots,swats,botts,lotz,astronauts,noughts,dotts,plotz,plots,robots,shots,lots,crotts,pautz,mots,thoughts,gunshots
mascotte,tacit,lasket,cohasset,multifacet,cassatt,bassett,facet,casquet,hassett,gassett,masqat,flasket,massett,tacet,assot,fassett,basset,fascet,tasset,placit,acet-,placet,pacate
mascoutah,
mascouten,
mascularity,
masculate,
masculation,
masculy,
masculine,
masculinely,
masculineness,
masculines,
masculinism,
masculinist,
masculinity,infinity,femininity,vicinity,virginity,affinity,infiniti,salinity,alkalinity,divinity,trinity,mcginnity
masculinities,
masculinization,
masculinizations,
masculinize,
masculinized,
masculinizing,
masculist,
masculo-,
masculofeminine,
masculonucleus,
masdeu,
masdevallia,
masefield,bluefield,oilfield,healed,highfield,richfield,minefield,garfield,battlefield,caulfield,hayfield,mansfield,bonfield,winfield,congealed,wield,backfield,penfield,pealed,reeled,squealed,resealed,keeled,mayfield,summerfield,afield,airfield,unconcealed,cornfield,heeled,unsealed,springfield,goldfield,holyfield,revealed,concealed,plainfield,hatfield,wheeled,feild,wingfield,chesterfield,delafield,brookfield,field,neeld,whitefield,copperfield,oldfield,bloomfield,brownfield,steeled,scofield,outfield,sealed,repealed,bakersfield,yield,redfield,appealed,neild,fairfield,northfield,peeled,infield,rayfield,canfield,greenfield,cranfield,windshield,stanfield,porterfield,shield,kneeled,belfield,wakefield,heald
maselin,
maser,frazer,braiser,phasor,raser,peyser,glaeser,graeser,nazer,stargazer,raisor,blazar,lazar,glazer,laser,rukeyser,gazer,graser,blazer,razer,blaser,praiser,raiser,hazor,kaser,kaeser,blaiser,heyser,hellraiser,phaser,thaser,kayser,appraiser,trailblazer,mazer,qasr,grazer,lazer,rasor,gaiser,glaser,hazer,razor,gazar,taser,naser,fundraiser,fraser
masera,
masers,appraisers,grazers,razors,stargazers,trailblazers,blazers,gazers,lasers,raisers,fundraisers
maseru,
masgat,
mash,ash,hasch,stash,rasch,lash,brash,backlash,gnash,basch,asch,flash,gash,nashe,splash,dasch,thrash,cash,slash,kash,nash,pash,bash,abash,cache,cybercash,crash,dash,jordache,potash,trash,rehash,brasch,slapdash,balderdash,shash,hash,whiplash,mishmash,lasch,mustache,noncash,rash,plash,clash,eyelash,smash,sash,backslash,ashe,tash,moustache,asche
masha,
mashak,
mashal,
mashallah,
masham,
masharbrum,
mashe,
mashed,hashed,mustached,clashed,unabashed,plashed,cashed,smashed,slashed,crashed,trashed,abashed,splashed,thrashed,lashed,gashed,rasht,stashed,gnashed,dashed,sashed,bashed,flashed,fashed,cached
mashelton,
masher,asher,crasher,ashur,bashore,hasher,frasher,splasher,dasher,smasher,basher,thrasher,rasher,lasher,brasher,casher,ascher,bashor,slasher,flasher
mashers,
mashes,backlashes,flashes,trashes,mattias,gashes,sashes,smashes,lashes,backslashes,caches,slashes,hashes,bashes,stashes,eyelashes,crashes,rashes,thrashes,gnashes,cashes,clashes,splashes,ashes,whiplashes,mustaches,dashes
mashgiach,
mashgiah,
mashgichim,
mashgihim,
mashhad,
mashy,ashy,splashy,ashey,mashie,flashy,slashy,kashi,dashi,plashy,rashi,nashi,mashi,dashy,trashy
mashie,ashy,splashy,ashey,flashy,slashy,mashy,kashi,dashi,plashy,rashi,nashi,mashi,dashy,trashy
mashier,
mashies,
mashiest,
mashiness,
mashing,cashing,crashing,trashing,fashing,dashing,gnashing,clashing,bashing,thrashing,caching,slashing,gashing,lashing,fasching,rehashing,smashing,plashing,hashing,stashing,splashing,flashing
mashlam,
mashlin,ashlin
mashloch,
mashlum,
mashman,
mashmen,
mashona,
mashpee,
mashrebeeyah,
mashrebeeyeh,
mashru,
masinissa,massinissa
masjid,hassid
masjids,
mask,bask,task,pask,ask,unmask,masque,rask,pasque,lask,trask,cask,pasch,flask,basque,multitask
maskable,
maskalonge,
maskalonges,
maskanonge,
maskanonges,
masked,basked,asked,unmasked,tasked
maskeg,
maskegon,
maskegs,
maskelyne,
maskelynite,
maskell,kaskel,gaskell,rascal,mccaskill,haskell,hascall
masker,lasker,madagascar,tasker,asker,lascar,masquer
maskery,
maskers,
maskette,
maskflower,
masking,multitasking,tasking,asking,basking
maskings,
maskinonge,
maskinonges,
maskins,
masklike,
maskmv,
maskoi,
maskoid,
masks,masques,basks,tasks,flasks,asks,casks,basques
maslin,mccaslin,aslan,caslon
masm,
masochism,
masochisms,
masochist,
masochistic,
masochistically,
masochists,
masochist's,
masolino,
mason,grayson,chaisson,cayson,jason,chacin,grandmaison,hasten,chasen,gustaveson,capsaicin,basin,chasten,freemason,caisson,clasen,washbasin,leysen,klasen
masoned,
masoner,hastener
masonic,lexiphonic,photronic,ebonic,miltonic,napoleonic,chronique,teutonic,connick,isoelectronic,ironic,avionic,fibronic,isotonic,tonic,telectronic,stronach,hegemonic,canonic,blahnik,diatonic,propionic,leptonic,plutonic,embryonic,medtronic,varitronic,synchronic,harmonic,kronick,plantronic,ionic,flextronic,conic,ovonic,diasonic,pharaonic,laconic,ganglionic,personic,tectonic,nucleonic,phonic,tronic,monophonic,ultrasonic,microelectronic,chronic,respironic,telephonic,electronic,hydroponic,environic,audiotronic,hanak,hedonic,chthonic,neoplatonic,catatonic,hyaluronic,yonic,platonic,hypertonic,demonic,sardonic,histrionic,panasonic,philharmonic,bubonic,supersonic,vanik,planktonic,symphonic,clonic,polyphonic,allophonic,hypersonic,tranzonic,pneumonic,sonic,gnomonic,mnemonic,lasersonic
masonically,
masoning,
masonite,delight,underwrite,bite,write,backbite,byte,plight,contrite,apatite,sprite,trite,extradite,site,copyright,sight,parasite,luddite,insight,spite,bight,spotlight,invite,lignite,hermaphrodite,limelight,sleight,fahrenheit,acolyte,graphite,despite,appetite,neophyte,plebiscite,fight,recondite,bright,slight,kite,alight,rite,excite,cite,recite,indite,expedite,might,meteorite,twilight,uptight,smight,alright,fortnight,midnight,erudite,rewrite,incite,fright,smite,downright,tight,overnight,forthright,playwright,tripartite,finite,white,blight,outright,brite,indict,highlight,overwrite,apartheid,right,wright,frostbite,night,unite,dight,nite,polite,website,flight,oversight,twite,satellite,light,ignite,moonlight,hindsight,lite,quite,goodnight,wight,upright,foresight,knight,feit,height,mite
masonry,freemasonry
masonried,
masonries,
masonrying,
masons,basins,hastens,kastens,caissons
mason's,
masontown,
masonville,
masonwork,
masooka,
masoola,
masora,massora,cascara,frasera,masorah,asura,massorah
masorah,massora,cascara,frasera,masora,asura,massorah
masorete,massorete
masoreth,
masoretic,
masoretical,
masorite,
maspero,
maspiter,
masqat,tacit,lasket,cohasset,multifacet,cassatt,bassett,facet,casquet,hassett,gassett,mascotte,flasket,massett,tacet,assot,fassett,basset,fascet,tasset,placit,acet-,placet,pacate
masque,bask,mask,task,ask,unmask,pask,rask,pasque,lask,trask,cask,pasch,flask,basque,multitask
masquer,lasker,madagascar,tasker,asker,lascar,masker
masquerade,retrograde,raid,serenade,barricade,inlaid,charade,made,downgrade,splayed,crusade,clade,grade,aid,tirade,sauteed,bade,evade,portrayed,mermaid,palisade,quaid,brigade,cade,dissuade,waylaid,paid,centigrade,afraid,haid,stade,colonnade,allayed,wade,shade,degrade,blockade,parade,dismayed,fusillade,manmade,cavalcade,glade,buffeted,upgrade,forbade,persuade,frayed,marinade,pervade,nightshade,aide,suede,stayed,delayed,adelaide,escapade,renegade,quayd,nsaid,motorcade,payed,displayed,fade,homemade,unafraid,ade,jade,swayed,conveyed,weighed,marmalade,grenade,relayed,spade,decade,overlaid,cascade,accolade,lemonade,cliched,played,laid,betrayed,lade,slade,arcade,handmade,promenade,staid,upbraid,braid,blade,hade,maid,brocade,prepaid,trade,located,invade,arrayed
masqueraded,
masquerader,
masqueraders,
masquerades,
masquerading,nading,downgrading,wading,shading,invading,degrading,jading,blading,pervading,raiding,braiding,spading,rollerblading,trading,parading,cascading,grading,persuading,punctuating,lading,serenading,evading,upgrading,fading,blockading,crusading,kading
masquers,
masques,basks,masks,tasks,flasks,asks,casks,basques
masry,
mass,outclass,gas,impasse,masse,alsace,brasse,middle-class,grasse,surpass,gras,pass,bluegrass,plexiglass,fass,smartass,chasse,jackass,rasse,landmass,blass,crass,frass,underpass,sasse,bass,wrasse,harass,sassafras,kvass,trespass,last,das,strass,sass,hourglass,amass,underclass,grass,class,nass,repass,sunglass,trass,tasse,brass,eyeglass,eelgrass,basse,spyglass,morass,cas,plexiglas,cass,bypass,vass,fiberglass,yass,overpass,snodgrass,lasse,ras,ass,bras,tass,hass,alas,glass,lass,casque,casse,glas,plas,sas,contrasts
massa,kassa,msasa,tassa,dasa,kinshasa,nassa,casca,tribasa,nasa,bassa,storaska,aspca,pascha
massachuset,massachusett
massachusetts,massachussetts
massacre,
massacred,
massacrer,
massacrers,
massacres,
massacring,
massacrous,
massage,mirage,dressage,corsage,sabotage,entourage,taj,potage,arbitrage,camouflage,dhiraj,raj,collage,garage,montage,barrage
massaged,barraged,sabotaged,camouflaged
massager,clausure,arbitrageur,colclasure,arbitrager,lasure,frasure
massagers,arbitragers
massages,mirages,entourages,barrages,collages,garages
massageuse,
massaging,camouflaging,sabotaging
massagist,
massagists,
massalia,
massalian,
massapequa,
massaranduba,
massarelli,
massas,
massasauga,
massasoit,
massaua,
massawa,
mass-book,
masscult,
masse,outclass,gas,impasse,alsace,brasse,middle-class,grasse,surpass,gras,pass,bluegrass,plexiglass,fass,smartass,chasse,jackass,rasse,landmass,blass,crass,frass,underpass,sasse,bass,wrasse,harass,sassafras,kvass,trespass,last,das,strass,sass,hourglass,amass,underclass,grass,class,nass,repass,sunglass,trass,tasse,brass,eyeglass,eelgrass,basse,spyglass,morass,cas,plexiglas,cass,bypass,vass,fiberglass,yass,overpass,snodgrass,lasse,ras,ass,bras,tass,hass,mass,alas,glass,lass,casque,casse,glas,plas,sas,contrasts
massebah,
massecuite,
massed,ast,precast,caste,ghast,clast,tillinghast,telecast,pendergast,enthusiast,snast,outclassed,gassed,past,asked,harassed,classed,polycast,chast,unsurpassed,superfast,passed,chloroplast,simulcast,outcast,newscast,colorfast,plast,lambaste,nast,brast,fast,mast,rebroadcast,comcast,lightfast,vast,sassed,rast,last,outlast,blast-,amcast,mast-,bypassed,recast,contrast,steadfast,blast,podcast,typecast,flabbergast,assed,sandblast,everlast,downcast,aghast,broadcast,iconoclast,grassed,miscast,surpassed,kast,forecast,overcast,lymphoblast,bast,cast,belfast,glassed,triplecast,qualcast,holdfast,hast,gast,prendergast,amassed
massedly,
massedness,
massey,bassi,hassey,assay,stassi,rasey,sassi,passee,grassy,selassie,brassy,vassey,massy,glassy,malagasy,thlaspi,cassie,massi,fasci,lassie,grassi,lassi,glassey,uliassi,kasey,paspy,blassie,vasey,chassis,passy,cassi,tallahassee,tassi,brassie,masci,plassey,passey,sassy,jassy,efficacy,massie,gassy,classy,profligacy
massekhoth,
massel,
masselgem,
massena,asana
mass-energy,
massenet,sublet,anisette,smet,quintet,wet,pipette,lorgnette,sextet,met,alphabet,rosette,let,brunette,barrette,get,cornet,et,ret,cadet,threat,quartet,gazette,calumet,preset,beset,joliet,charrette,regret,cabriolet,sunset,beget,piet,upset,subset,clarinet,offset,avocet,sweat,chet,outset,brett,onset,asset,reset,vedette,vette,bet,octet,tet,vignette,corvette,duet,pet,sobriquet,nett,parapet,pret,cassette,flageolet,internet,gimlet,headset,bayonet,tibet,fret,marmoset,epithet,inset,minaret,colette,soviet,outlet,coronet,silhouette,vet,net,forget,whet,stet,abet,suffragette,yet,debt,jet,minuet,tete,cigarette,lafayette,baronet,mindset,antoinette,baguette,roulette,inlet,ethernet,heavyset,typeset,set,dragnet
masser,glasser,vasseur,sasser,vassar,grasser,passer,nassar,nasser,gasser,placer,vasser,lasser,cassar,strasser,yasser,kassar,masseur,harasser,asser,crasser,massar,brasseur,masur
masses,thasos,boardingpasses,basses,fasces,amasses,eyeglasses,bypasses,landmasses,glasses,passes,wrasses,agassiz,hourglasses,grasses,morasses,surpasses,gasses,lasses,sunglasses,molasses,outclasses,classes,gases,asses,harasses,overpasses,tasses,brasses
masseter,
masseteric,
masseterine,
masseters,
masseur,glasser,masser,vasseur,sasser,vassar,grasser,passer,nassar,nasser,gasser,placer,vasser,lasser,cassar,strasser,yasser,kassar,harasser,asser,crasser,massar,brasseur,masur
masseurs,grassers,harassers,passers
masseuse,
masseuses,
mass-fiber,
mass-house,
massy,bassi,hassey,assay,stassi,rasey,sassi,passee,grassy,selassie,brassy,vassey,glassy,malagasy,thlaspi,cassie,massi,massey,fasci,lassie,grassi,lassi,glassey,uliassi,kasey,paspy,blassie,vasey,chassis,passy,cassi,tallahassee,tassi,brassie,masci,plassey,passey,sassy,jassy,efficacy,massie,gassy,classy,profligacy
massicot,
massicotite,
massicots,
massie,bassi,hassey,assay,stassi,rasey,sassi,passee,grassy,selassie,brassy,vassey,massy,glassy,malagasy,thlaspi,cassie,massi,massey,fasci,lassie,grassi,lassi,glassey,uliassi,kasey,paspy,blassie,vasey,chassis,passy,cassi,tallahassee,tassi,brassie,masci,plassey,passey,sassy,jassy,efficacy,gassy,classy,profligacy
massier,
massiest,
massif,greif,relief,neef,interleaf,asaph,brief,keefe,okeefe,saif,beef,matif,graef,bas-relief,greenleaf,sheaf,okeeffe,longleaf,graeff,keef,grefe,rief,leif,reef,naef,sharif,debrief,disbelief,aperitif,reif,kief,fief,graefe,grief,seife,prief,nassif,chief,oakleaf,stief,motif,reiff,lief,thief,belief,leitmotif,seif,cloverleaf,leaf
massifs,
massig,
massily,
massilia,
massilian,
massillon,
massimiliano,
massimo,tempo,undergo,snow,tomorrow,grotto,rococo,forgo,doe,aficionado,adagio,go,glow,row,quo,dough,lo,potato,photo,buffalo,rhino,whoa,bio,radio,audio,pro,escrow,shadow,portfolio,fallow,although,mow,manifesto,though,crow,below,grow,apropos,overthrow,roe,sew,joe,ratio,tornado,tow,willow,glo,plough,bestow,coco,portico,woe,flow,plateau,hydro,forego,espresso,rainbow,aglow,throw,otto,blow,patio,calypso,know,co,veto,winnow,bowe,meadow,toe,low,mo,studio,gusto,no,indigo,yoe,beau,show,cameo,foe,o,torso,tableau,owe,archipelago,ho,tomato,hello,vertigo,borrow,torpedo,slow,micro,so,hoe,virago,dado
massymore,
massine,
massiness,classiness,brassiness,glassiness,grassiness
massing,paseng,amassing,grassing,outclassing,classing,harassing,hassing,maseng,trespassing,gassing,glassing,passing,sassing,pasang,surpassing,bypassing,kassing
massinger,
massingill,
massinisa,
massinissa,masinissa
massy-proof,
massys,
massive,brasov,passive,impassive
massively,passively,impassively
massiveness,passiveness
massivenesses,
massivity,
masskanne,
massless,grassless,classless,glassless,passless
masslessness,
masslessnesses,
masslike,
mass-minded,
mass-mindedness,
massmonger,
mass-monger,
massna,
massoy,
masson,yassin,dracin,hasson,classen,kassin,sasin,lassen,fasten,passon,mcglasson,kassen,chasin,stassen,classon,assassin,casson,plasson,kassan,sasson,hassen,kasson,cassin,gascogne,bassin,nason,lasagne,klassen,tassin,fason,assen,clason,gassen,pengassan,glassen,yasin,glasson,chason,cason,bason
massoola,
massora,cascara,frasera,masora,masorah,asura,massorah
massorah,massora,cascara,masora,frasera,masorah,asura
massorete,masorete
massoretic,
massoretical,
massotherapy,
massotherapist,
mass-penny,
mass-priest,
mass-produce,
mass-produced,
massula,
mass-word,
mast,ast,precast,caste,ghast,clast,tillinghast,telecast,pendergast,enthusiast,snast,outclassed,gassed,past,asked,harassed,classed,polycast,chast,unsurpassed,superfast,passed,chloroplast,simulcast,outcast,newscast,colorfast,plast,lambaste,nast,brast,fast,rebroadcast,comcast,lightfast,vast,sassed,rast,last,outlast,blast-,amcast,mast-,bypassed,recast,contrast,steadfast,blast,podcast,typecast,flabbergast,assed,sandblast,everlast,downcast,aghast,broadcast,iconoclast,grassed,miscast,surpassed,kast,forecast,overcast,lymphoblast,bast,cast,belfast,glassed,triplecast,massed,holdfast,qualcast,hast,gast,prendergast,amassed
mast-,ast,precast,caste,ghast,clast,tillinghast,telecast,pendergast,enthusiast,snast,outclassed,gassed,past,asked,harassed,classed,polycast,chast,unsurpassed,superfast,passed,chloroplast,simulcast,outcast,newscast,colorfast,plast,lambaste,nast,brast,fast,mast,rebroadcast,comcast,lightfast,vast,sassed,rast,last,outlast,blast-,amcast,bypassed,recast,contrast,steadfast,blast,podcast,typecast,flabbergast,assed,sandblast,everlast,downcast,aghast,broadcast,iconoclast,grassed,miscast,surpassed,kast,forecast,overcast,lymphoblast,bast,cast,belfast,glassed,triplecast,massed,holdfast,qualcast,hast,gast,prendergast,amassed
mastaba,mastabah
mastabah,mastaba
mastabahs,
mastabas,
mastadenitis,
mastadenoma,
mastage,
mastalgia,
mastat,
mastatrophy,
mastatrophia,
mastauxe,
mastax,
mastectomy,lumpectomy,hysterectomy,ectomy,tonsillectomy,appendectomy,vasectomy,prostatectomy,hysterectomies
mastectomies,lumpectomies,vasectomies,tonsillectomies,appendectomies
masted,sandblasted,flabbergasted,lambasted,contrasted,fasted,plastid,outlasted,forecasted,lasted,blasted
master,lancaster,pilaster,paster,headmaster,alabaster,burgmaster,taskmaster,goodpaster,broadcaster,quartermaster,concertmaster,blaster,oleaster,sportscaster,castor,vaster,raster,astor,schoolmaster,macmaster,podcaster,caster,aster,pastor,mcmaster,stratocaster,newscaster,laster,scoutmaster,flamemaster,roadmaster,plaster,toastmaster,grandmaster,webmaster,postmaster,fightmaster,faster,forecaster,burgomaster,buckmaster,kaster,jaster,gaster,ringmaster,disaster
masterable,
master-at-arms,
masterate,
master-builder,
masterdom,
mastered,astred,bastard,plastered
masterer,
masterfast,
masterful,
masterfully,
masterfulness,
master-hand,
masterhood,
mastery,plastery
masteries,
mastering,plastering
masterings,
master-key,
masterless,
masterlessness,
masterly,pastorly
masterlike,
masterlily,
masterliness,
masterling,
masterman,
master-mason,
mastermen,
mastermind,wind,whined,signed,affined,declined,unconfined,consigned,opined,unlined,quarantined,bind,disinclined,reassigned,find,blind,refined,streamlined,defined,redefined,shined,underlined,elkind,hind,confined,rind,intertwined,undermined,twined,entwined,wined,wunderkind,resigned,maligned,undefined,colorblind,headlined,mankind,mind,outlined,unrefined,reclined,sidelined,lined,crined,unwind,inclined,spined,nonaligned,assigned,enshrined,unkind,designed,mined,vined,realigned,nevermind,kind,fined,unsigned,redesigned,humankind,behind,tined,combined,grind,aligned,pined,dined,brined,remind,chined
masterminded,reminded,minded,blinded,grinded,winded,brinded
masterminding,minding,nonbinding,grinding,reminding,winding,blinding,unwinding,finding,binding,spellbinding
masterminds,minds,finds,blinds,windes,mankinds,behinds,ninds,reminds,binds,winds,hinds,rinds,kinds,grinds
masterous,
masterpiece,reese,speiss,lollis,piece,tese,cleese,police,release,mouthpiece,showpiece,clarisse,eyepiece,aris,crosspiece,caprice,rhys,peace,viennese,brocious,neace,gees,vietnamese,nice,buice,legalese,neice,tunis,obese,denise,altarpiece,meece,devries,syntheses,neece,elise,luis,reise,sublease,pease,dease,felice,niece,giese,peece,spece,maurice,treece,lease,cerise,denice,bernice,leese,neisse,weise,decease,clarice,centerpiece,reece,cease,suisse,geese,timepiece,seis,magness,maryse,increase,riess,leise,apiece,fleece,crease,sangiovese,patrice,meese,decrease,grease,greece,yeas,cece,preece,greenpeace
masterpieces,ceases,creases,raleses,decreases,greases,releases,pieces,increases,mouthpieces,leases,crosspieces,caprices,faeces,nieces,polices,fleeces
masterpiece's,
masterproof,
masters,forecasters,sportscasters,postmasters,casters,disasters,lemasters,broadcasters,pilasters,newscasters,mcmasters,asters,headmasters,burgomasters,castors,blasters,pastors,jewelmasters,plasters
master's,
masters-at-arms,
mastership,pastorship
masterships,
mastersinger,
master-singer,
mastersingers,
masterson,
masterstroke,moke,invoke,hoke,spoke,choak,smoke,boak,cocke,backstroke,pembroke,bloke,soak,oak,evoke,stoke,broke,misspoke,hoak,choke,cloke,sloke,scoke,flowk,snoke,roque,croak,koch,keystroke,moak,gunsmoke,townsfolk,woolfolk,awoke,smoak,noack,windhoek,stroke,joke,woke,poke,doak,stoak,croke,slowpoke,hoek,kolk,wolk,yoke,groak,roanoke,holyoke,coke,cloak,folk,provoke,baroque,doke,wouk,droke,artichoke,revoke,yolk,polk
master-stroke,
master-vein,
masterwork,birk,perc,legwork,mcgurk,bjerke,quirke,schoolwork,werk,kurk,sirk,guesswork,brushwork,firework,murch,paperwork,cirque,casework,latticework,fieldwork,piecework,bourke,berserk,groundwork,dirk,burk,shirk,berke,kirch,footwork,clockwork,work,merck,ataturk,earthwork,metalwork,klerk,lerch,plasterwork,network,quirk,clerk,erk,patchwork,woodwork,merc,leclerc,derk,homework,berk,openwork,turk,handiwork,kirk,rework,werke,roadwork,jerk,beadwork,clerc,spadework,murk,irk,overwork,waterwork,merk,smirk,burke,housework,teamwork,perk,needlework,lurk,framework,artwork
master-work,
masterworks,irks,derks,toolworks,patchworks,burkes,voiceworks,jerks,birks,fireworks,smirks,lurks,burks,shirks,quirks,birkes,steelworks,percs,iwerks,artworks,perks,works,waterworks,dircks,turks,dirkes,kirks,clerks,overworks,berkes,dirks,dreamworks,dirkse,networks
masterwort,
mast-fed,
mastful,ghastful
masthead,reade,embed,tread,fled,bed,seabed,woodshed,shed,zed,bobsled,lead,redd,head,homestead,flathead,bled,inbred,pled,flatbed,ahead,shred,deathbed,steelhead,dred,swed,overhead,trailhead,deadhead,fed,imbed,beachhead,stead,arrowhead,warhead,bred,red,med,unwed,bridgehead,figurehead,drumhead,letterhead,read,skinhead,butthead,roundhead,aforesaid,dread,copperhead,instead,abed,bullhead,egghead,spread,bloodshed,farmstead,sled,shead,misled,watershed,fred,misread,hotbed,bulkhead,thoroughbred,thread,purebred,spearhead,behead,redhead,dead,sped,godhead,newlywed,retread,gingerbread,riverbed,pwned,loggerhead,shithead,coed,bedspread,wellhead,said,featherbed,ted,cornbread,blockhead,led,ged,bread,wed,widespread,freda,infrared,ed,airhead,whitehead,ned
mast-head,
mastheaded,
mastheading,
mastheads,
masthelcosis,
masty,drasty,angioplasty,grasty,plasty,nasty,blasty,haraszti,basti,vasty,fasti
mastic,monastic,scholastic,iconoclastic,blastic,gymnastic,unenthusiastic,inelastic,onomastic,anaplastic,fantastik,interscholastic,elastic,lymphoblastic,enthusiastic,dynastic,desmoplastic,drastic,plastique,spastic,fantastic,nastic,stochastic,plastic,sarcastic,bombastic,ecclesiastic,clastic,thermoplastic
masticability,
masticable,
masticate,masticot
masticated,
masticates,
masticating,
mastication,
mastications,
masticator,
masticatory,
masticatories,
mastiche,
mastiches,
masticic,
masticot,masticate
mastics,
masticura,
masticurous,
mastiff,mastif,hastif
mastiffs,mastifs
mastigamoeba,
mastigate,
mastigia,
mastigium,
mastigobranchia,
mastigobranchial,
mastigoneme,
mastigophobia,
mastigophora,
mastigophoran,
mastigophore,
mastigophoric,
mastigophorous,
mastigopod,
mastigopoda,
mastigopodous,
mastigote,
mastigure,
masting,forecasting,casting,broadcasting,typecasting,everlasting,outlasting,lasting,fasting,blasting,contrasting,recasting,podcasting
mastitic,
mastitides,
mastitis,
mastix,
mastixes,
mastless,casteless
mastlike,
mastman,
mastmen,
masto-,casto,blasto-,pasto,tasto,bastow,basto,masto,blasto
mastocarcinoma,
mastocarcinomas,
mastocarcinomata,
mastoccipital,
mastochondroma,
mastochondrosis,
mastodynia,
mastodon,rapprochement,lawn,echelon,flawn,koran,on,pylon,prawn,pecan,fawn,oregon,denouement,braun,aragon,avalon,boron,babylon,antiphon,automaton,spawn,bygone,foregone,agamemnon,yuan,polygon,withdrawn,epsilon,chiffon,nylon,oberon,non,phenomenon,proton,iran,woebegone,exon,baton,han,bon,capon,celadon,hexagon,forgone,micron,coupon,salon,aileron,sean,argon,lexicon,pawn,brawn,neutron,pantheon,john,oman,swan,photon,paragon,amadon,dawn,axon,quan,parmesan,gone,carillon,ron,yon,moron,emoticon,octagon,drawn,gabon,khan,liaison,radon,meson,crayon,con,juan,yawn,marathon,don,upon,pentagon,pion,wan,hon,amazon,tron,hogan
mastodonic,
mastodons,
mastodonsaurian,
mastodonsaurus,
mastodont,
mastodontic,
mastodontidae,
mastodontine,
mastodontoid,
mastoid,
mastoidal,
mastoidale,
mastoideal,
,
