kairoline,
kairos,
kairotic,
kairouan,
kairwan,
kays,rephrase,mays,essays,blaise,mores,drays,crase,cayes,anyways,braise,clays,resumes,holidays,iras,phase,paraphrase,leis,nowadays,blaze,raise,rays,lays,plays,weighs,maize,amaze,airways,crays,ablaze,blaize,edgeways,relays,swayze,conveys,displays,portrays,dais,bays,mase,lase,prase,glaze,braze,sundays,faze,dase,baze,sais,praise,always,arrays,ways,paise,rase,outlays,maes,days,smaze,bayes,stays,mayonnaise,lyonnaise,phrase,gaze,polonaise,hays,blase,haze,rnase,hayes,cliches,appraise,gays,entrees,pais,pays,delays,chaise,strays,leys,x-rays,res,trays,aways,hase,malaise,craze,maze,graze,fraise,raze,daze,baize,folkways,pathways,sideways,ukase,protease
kaiser,colonizer,sizer,franchiser,moisturizer,sterilizer,schweizer,merchandiser,popularizer,priser,miser,kyzer,heizer,keyser,geyser,wiser,visor,stabilizer,anheuser,atomizer,biser,exerciser,polarizer,sympathizer,advisor,pizer,synthesizer,sizar,mizer,energizer,fiser,hiser,adviser,guiser,appetizer,compromiser,speiser,prizer,hizer,nebulizer,advertiser,riser,fizer,keizer,organizer,womanizer,pfizer,mobilizer,tranquilizer,itemizer,kizer,plasticizer,kiser,oxidizer,agrivisor,incisor,equalizer,rizer,divisor,cafetizer,ionizer,analyzer,hulsizer,fertilizer,supervisor,iser
kaiserdom,
kayseri,tracery
kaiserin,
kaiserins,
kaiserism,
kaisers,incisors,synthesizers,ionizers,advisers,risers,visors,stabilizers,organizers,geysers,sizers,sterilizers,merchandisers,tranquilizers,colonizers,advisors,supervisors,appetizers,misers,itemizers,fertilizers,franchisers,advertisers,mobilizers,analyzers,sympathizers,exercisers
kaisership,
kaiserslautern,
kaysville,
kaitaka,
kaithi,
kaitlin,
kaitlyn,
kaitlynn,
kaiulani,
kaivalya,
kayvan,
kayward,
kaiwhiria,
kaiwi,
kaj,
kaja,
kajaani,
kajar,
kajawah,
kajdan,
kajeput,
kajeputs,
kajugaru,
kaka,
kakalina,
kakan,
kakapo,dacapo
kakapos,
kakar,
kakarali,
kakaralli,
kakariki,
kakas,
kakatoe,
kakatoidae,
kakawahie,
kakemono,
kakemonos,
kaki,
kakidrosis,
kakis,
kakistocracy,
kakistocracies,
kakistocratical,
kakkak,
kakke,
kako-,
kakogenic,
kakorraphiaphobia,
kakortokite,
kakotopia,
kal,dal,carbajal,nadal,dolezal,doral,chagall,maneval,royale,commerciale,amaral,shall,carvajal,prchal,hal,chaparral,nasional,thraldom,unocal,edival,reale,pascal,locale,vidal,rationale,halle,pal,yigal,institucional,bal,lasalle,sal,ralegh,lal,kral,corral,duval,generale,gal,canal,quesal,vitale,chorale,cargal,pascale,wintershall,roubal,morale,malle,thal,el-al,val,thralldom,coufal,scall,cal,huval,schmal,devalle,mal,al,guadalcanal,internacional,skall,perceval
kala,
kalaazar,
kala-azar,
kalach,
kaladana,
kalagher,
kalahari,
kalaheo,
kalakh,
kalam,vallum,salim,mccallum,salemme,maccallum,callum,kallam,alum,balaam,hallam,allum,hallum
kalama,
kalamalo,
kalamansanai,
kalamazoo,new,yahoo,tattoo,coo,slew,boo,stew,sue,woo,barbecue,brew,loo,glue,q,goo,true,queue,vu,accrue,vue,emu,yew,retinue,into,lulu,poo,undue,spew,tissue,subdue,zoo,bamboo,interview,ensue,overview,avenue,who,pursue,canoe,ingenue,construe,residue,ewe,redo,cuckoo,shrew,coup,hitherto,guru,dew,anew,few,askew,taboo,eschew,clue,debut,screw,crew,lieu,roux,revenue,undo,blue,breakthrough,mew,statue,shoe,purview,cue,you,que,hew,rendezvous,shue,ado,thru,skew,too,hue,flue,gnu,pew,chew,view,xu,renew,u,due,two,through,outdo,adieu,imbue,rue,strew,do,to,review,flu
kalamian,
kalamist,
kalamkari,
kalams,
kalan,calan,keylon,walen,neylon,beilin,veillon,baylen,bailon,galen,taillon,bailin,balan,caylin,galan,alun,malan,malin,kalen,phenolphthalein,bailyn,venezuelan,whalen
kalanchoe,
kalandariyah,
kalang,
kalapooian,
kalashnikov,yugoslav,kafelnikov,skov,yakov,salve,mav,potapov,nabokov,vaslov,saratov,chebrikov,kasparov,volkogonov,zuganov,kamentsev,fauve,branislov,sauve,improv,vorontsov,lubinov,pskov,romanov,mauve,vaclav,fyodorov,baryshnikov,kargonaov,karpov,dov,rybakov,khlebnikov,lefauve,suave,andropov,davydov,maslyukov,morachov,federov,bordenave,grachov,poznikov,luzhkov,yazov,evanov,slav
kalasie,
kalasky,
kalat,salat,gallet,callet,ballot,pallett,dalit,palate,salaat,fallot,callot,calotte,palette,callat,hallet,hallett,pallet,tallit,palet,mallett,mallet,sallet,malet,vallot,shallot
kalathoi,
kalathos,
kalaupapa,
kalb,dekalb
kalbli,
kaldani,
kale,mail,gmail,faille,pail,ale,cocktail,bale,assail,voicemail,sale,countervail,pale,martingale,yale,soleil,entail,tail,greenmail,fail,resale,gael,stale,wale,wail,toenail,grail,shale,salle,cale,inhale,whale,male,nail,abigail,swale,orrell,clydesdale,blackmail,exhale,thumbnail,dail,quail,zale,airedale,handrail,flail,frail,taille,trail,bail,airmail,wholesale,travail,snail,fantail,prevail,monorail,dwale,dale,kail,horsetail,hobnail,vail,detail,vale,avail,jail,folktale,dovetail,veil,female,ail,sail,quale,brail,hail,email,rail,braille,curtail,hale,tale,foxtail,retail,guardrail,ponytail,scale,coattail,gail,gale,derail,biennale,unveil,upscale,surveil,calle,impale,telltale,fairytale
kale-,
kaleb,
kaleege,
kaleena,
kaleyard,
kaleyards,
kaleidescope,
kaleidophon,
kaleidophone,
kaleidoscope,pope,stethoscope,endoscope,mope,tightrope,gyroscope,shope,scope,antelope,envelope,microscope,epitope,elope,dope,stope,laryngoscope,softsoap,cope,slope,oscilloscope,ophthalmoscope,kope,grope,groep,horoscope,lope,allotrope,interscope,bronchoscope,proctoscope,polariscope,tope,sope,hope,periscope,cantaloupe,gastroscope,isentrope,heliotrope,antroscope,trope,isotope,strope,nope,rope,misanthrope,partenope,schoepf,soap,knope,schoepp,koep,koepp,telescope,swope
kaleidoscopes,
kaleidoscopic,
kaleidoscopical,
kaleidoscopically,
kalekah,
kalema,
kalemie,
kalend,
kalendae,
kalendar,cullender,calender,kalender
kalendarial,
kalends,calends
kales,
kaleva,
kalevala,
kalewife,
kalewives,
kalfas,
kalgan,
kalgoorlie,poorly
kali,
kalian,raphalian,alien,talien,calean,bachailian,mammalian,salian,episcopalian,malian,dalian,topalian,balian,thalian
kaliana,
kalians,
kaliborite,
kalida,
kalidasa,
kalidium,
kalie,
kalif,caliph,khalif,califf,kaliph,calif,galef,khalaf,calaf,calef
kalifate,
kalifates,
kaliform,
kalifs,
kaligenous,
kaliyuga,
kalikow,
kalil,kallal,fallal,hallel,khalil,phthalyl,allyl,salol
kalila,
kalimantan,
kalimba,calumba
kalimbas,
kalymmaukion,
kalymmocyte,
kalin,zahlen,allen,talon,scallan,balun,shallon,balin,hallin,malon,dalen,falin,palen,vandalen,gallon,allan,fralin,galin,valin,alan,phthalin,luallen,ballin,lallan,fallin,whalin,chalon,falynn,calin,callen,malin,fallon,scallon,ofallon,mallon,mccallon,ballon,palin,talin,mallin,tallon,phalen,callan
kalina,willamina,medina,indochina,jasmina,vagina,krajina,karolina,fina,rukavina,jacobina,myna,china,josephina,dinah,alvina,carolina,angina,lynna,erwina
kalinda,
kalindi,
kalinga,
kalinin,callanan,hallinan,hallanan,callinan
kaliningrad,gad,chad,hyderabad,ydrad,rad,undergrad,leningrad,add,doodad,olympiad,triad,riyadh,strad,amistad,halmstad,thad,mossad,unctad,thinkpad,clad,had,ad,keypad,madd,tadd,shabad,tad,lad,ladd,fad,bad,brad,ecad,cad,sad,tchad,grandad,sinbad,shad,forbad,flad,dradde,grad,ironclad,vlad,galahad,mad,volgograd,amstrad,comrade,trinidad,glad,hadd,gadd,nad,pad,visegrad,stalingrad,sociedad,riyad,caridad,plaid,schad,ladde,dyad,scad,nomad,mirad,soledad,shadd,dad,ciudad
kalinite,
kaliope,
kaliophilite,
kalipaya,
kaliph,caliph,khalif,califf,calif,galef,khalaf,calaf,calef,kalif
kaliphs,
kalyptra,
kalyptras,
kalis,prothallus,rallis,sallis,maryalice,braless,valis,calices,chalices,borealis,kallus,alice,malice,calice,pallas,digitalis,palace,mallis,chalice,salus,kallis,callus,galus,dallas,dalis,phallus,fallis,thallus,ilalis,kalous,daedalus,balas,callace,gallus,ballasts,kansallis,callous,thallous,vallis,corvallis,callis
kalisch,
kalysis,
kaliski,
kalispel,
kalispell,bombshell,well,cell,ravel,undersell,nell,infidel,compel,hotel,tel,mell,citadel,barbell,rebel,motel,expel,bluebell,oversell,snell,repel,bel,michelle,carmel,retell,caravel,sell,cel,noel,knell,hell,rangel,tell,groundswell,marcel,stairwell,adele,misspell,smell,accel,intel,lapel,clientele,dwell,foretell,el,bell,impel,befell,del,fell,cowbell,doorbell,isabel,gazelle,decibel,quell,nobel,ell,dispel,yell,chanel,materiel,carousel,excel,swell,manuel,quel,zinfandel,carel,fidel,aol,propel,bethel,dell,dumbbell,pell,resell,spell,mademoiselle,nutshell,jell,shell,eggshell,l,seashell,personnel,cartel,gel,pastel,farewell,outsell,sel,morel,mel,raphael,elle,belle,parallel,maxwell
kalisz,balazs,fallish,abolish,smallish,kollasch,halasz,golosh,tallish,drollish,demolish,goloshe,collish,polish,sollish
kalium,valium,galium
kaliums,
kalk,crock,squawk,manioc,chalk,laughingstock,aftershock,caulk,matlock,nighthawk,hock,gamecock,interlock,iraq,balk,knock,peacock,talk,mock,doc,crosswalk,tock,floc,woodcock,bangkok,bokeh,feedstock,bok,dock,lock,bach,hoc,tomahawk,hemlock,jacques,boardwalk,toque,locke,mach,jock,falk,roc,hancock,glock,bedrock,block,havelock,medoc,goshawk,airlock,hawk,stalk,spock,jaywalk,deadlock,antioch,bloc,baulk,och,calk,sock,wedlock,loch,walk,brock,lok,gawk,shock,chock,cock,frock,oarlock,smock,gridlock,ad-hoc,shylock,rock,unlock,roadblock,sidewalk,wok,croc,sherlock,salk,stock,poppycock,flock,crosstalk,livestock,shamrock,hollyhock,padlock,catwalk,bock,mohawk,nock,clock,pock,schlock
kalkaska,raska,frasca,trzaska,nasca,tosca,lasca,kraska,gasca,prochaska,kaska,prohaska,gaska,tasca,laska
kalki,
kalkvis,
kall,meatball,small,bawl,wherewithal,freefall,pitfall,dol,maul,neanderthal,doll,protocol,mothball,hall,befall,banal,gaul,softball,trawl,raul,retinol,footfall,install,downfall,caul,natal,spall,tal,cholesterol,paul,landfall,drawl,senegal,call,pratfall,gall,alcohol,shawl,shortfall,coll,fastball,pol,sprawl,loll,cabal,catchall,crawl,haul,sol,bol,wall,rainfall,oddball,drywall,atoll,fall,butterball,eyeball,aerosol,tall,ball,overall,football,screwball,ethanol,cortisol,enthral,thrall,nepal,moll,nightfall,basketball,mall,overhaul,scrawl,luminol,baseball,dahl,dall,forestall,appall,cannonball,handball,volleyball,catcall,fireball,waterfall,all,squall,windfall,hardball,snowball,saul,recall,brawl,stall,stonewall,pall,blackball
kallah,
kalle,
kallege,
kalli,
kally,
kallick,
kallidin,paladin,caledon,saladin,calydon
kallidins,
kallikak,
kallilite,
kallima,
kallinge,
kallista,
kallitype,
kallman,wolman,dahlman,mahlman,holman,stahlman,tolman,gallman,stallman,hallman,almon,fahlman,ahlman,bollman,zolman,hollmann,dolman,follman,allmon,dallmann,mahlmann,dallman,ballman,kollmann,sahlman,allman,zalman,wollman,collman,bollmann,tallman,kolman,thalmann,smallman,wallman,zollman,kollman,vollman,hollman
kalman,thalman,alman,talman,dalman
kalmar,ballmer
kalmarian,
kalmia,
kalmias,
kalmick,
kalmuck,kalmyk,ophthalmic
kalmuk,
kalo,weseloh,veilleux,halo,halo-,tayloe,agudelo
kalogeros,
kalokagathia,
kalon,
kalona,
kalong,galang,corralling,palling
kalongs,
kalpa,talpa,alpa,tegucigalpa,salpa,balpa
kalpak,
kalpaks,
kalpas,
kalpis,
kalskag,
kalsomine,calcimine
kalsomined,
kalsominer,
kalsomining,
kaltemail,
kaltman,
kaluga,
kalumpang,
kalumpit,
kalunti,
kalvesta,
kalvin,
kalvn,
kalwar,
kam,sham,graeme,sdram,damn,gram,pam,programme,diaphragm,damme,milligram,priam,goddam,cunningham,tam,alam,goddamn,telegram,program,amsterdam,histogram,slam,cram,dithyramb,damm,fram,cam,sam,tram,gramme,dagenham,tottenham,tham,electrocardiogram,madame,coram,bram,ram,sram,mammogram,dram,lamb,wolfram,polygram,plam,birmingham,mme,jam,diagram,kilogram,flimflam,graham,am,nottingham,monogram,clam,siam,durham,logogram,spam,hologram,logjam,microgram,nam,stram,ham,hamm,yam,buckingham,centigram,oxfam,anagram,epigram,dam,cham,scam,potsdam,abram,cablegram,bam,swam,abraham,jamb,wham,sonogram,flambe,stam,engram,flam,exam,rotterdam,lam,beckham,scram
kama,bahama,gama,yokohama,maddamma,rama,katayama,trauma,somma,obama,comma,gyuhama,croma,nakayama,tama,valderrama,chroma,kodama,maruyama,sama,arzama,takayama,lama,koyama,cauma,murayama,mama,hirayama,sugiyama,cama,bernama,yoneyama,nishiyama,kuriyama,nakama,salama,kashiyama,slama,fujiyama,homoplasty,schama,melodrama,bramah,pajama,oyama,dhlakama,broma,osama,yokoyama,balderrama,kageyama,fukuyama,aldama,naamah,drama,llama,kaama,momma,guadarrama,fama,dama,halama,hama,mamma,squama,glomma,saitama,toyama,aoyama,groma,akiyama,algamaa
kamaaina,
kamaainas,
kamachi,
kamachile,
kamacite,chamosite,amosite
kamacites,
kamadhenu,
kamahi,
kamay,
kamakura,
kamal,chamal,hamal,tamal
kamala,mammilla,pamela,camila
kamalas,
kamaloka,
kamanichile,
kamansi,
kamao,
kamares,
kamarezite,
kamaria,
kamarupa,
kamarupic,
kamas,
kamasin,
kamass,
kamassi,
kamasutra,
kamat,
kamavachara,
kamba,gamba,bamba,dicamba
kambal,
kamboh,
kambou,
kamchadal,
kamchatka,sabatka,chykatka,kosmatka,latka
kamchatkan,
kame,
kameel,
kameeldoorn,
kameelthorn,
kameko,
kamel,whammel,pomel,stromal,trommel,pommel,rommel,hommel,gamel,chromel,gomoll,homel,gomel,gromill
kamelaukia,
kamelaukion,
kamelaukions,
kamelkia,
kamenic,
kamensk-uralski,
kamerad,
kamerman,
kamerun,
kames,counterclaims,disclaims,haimes,aims,tames,maims,adames,proclaims,dames,jas,aimes,cames,shames,mainframes,games,frames,exclaims,inflames,boardgames,blames,haymes,names,ames,st-james,nicknames,fames,surnames,crames,lames,claims,acclaims,airframes,ijames,hames,grames,flames,sames,rhames,james
kamet,willamette,gamut,sammut,zammit,gamet,sammet,hammitt,ramet,mamet,ramate,dammit,mammet,hammett,samet,gamet-,bamut,hamate,mammut
kami,
kamiah,
kamian,
kamias,
kamichi,
kamiya,
kamik,electrodynamic,hammock,lambic,camac,mammock,hypothalamic,cammack,glutamic,hammack,samek,dynamic,ceramic,hemodynamic,shramek,hamtramck,photodynamic,psychodynamic,panoramic,hammac,sramek,aerodynamic,samekh,chameck
kamika,
kamikaze,kazee,pozzi,capozzi,paparazzi,causey,mallozzi,anasazi,kasi,gauzy,pirozzi,bozzi,swasey,tozzi,ozzie,shirazi,swazi,eskenazi,lacaze,rozzi,mauzey,mozee,ashkenazi,mauzy,groszy
kamikazes,
kamiks,
kamila,
kamilah,
kamillah,
kamin,lynn,flynn,quinn,herein,rhin,kin,qin,tailspin,gwynn,solzhenitsyn,pin,ervin,bin,sheepskin,therein,inn,fin,qian,linchpin,zinn,vin,lyn,schwinn,lynne,begin,linn,tin,underpin,quin,within,din,astin,spin,djinn,win,been,kingpin,shin,ginn,guinn,levin,min,lin,chin,minh,gwyn,chagrin,deerskin,linne,guin,sin,bryn,pigskin,ligne,askin,skin,gin,gwynne,blinn,erwin,in,dinh,wynn,wherein,mandolin,prynne,violin,jin,sinn,has-been,digne,bedouin,puffin,finn,thin,berlin,boleyn,grin,gyn,emlyn,when,brin,akin,buckskin,foreskin,syn,allin,twin,redskin,yin,adin
kamina,
kamis,
kamleika,
kamloops,
kammalan,
kammerchor,
kammerer,kamerer,hammerer,stammerer,clamorer,camerer
kammererite,
kammeu,
kammina,
kamp,revamp,damp,trampe,haverkamp,ramp,camp,tramp,encamp,vamp,stamp,ryskamp,samp,heitkamp,cramp,kampe,bouwkamp,grandchamp,gaskamp,seekamp,lampe,stallkamp,helmkamp,feldkamp,vancamp,schamp,champ,hampe,gramp,weitkamp,niekamp,trenkamp,krampe,scamp,lamp,tamp,holtkamp,unclamp,hamp,steenkamp,lowekamp,gamp,rampe,decamp,fullenkamp,shamp,firedamp,kramp,clamp,amp,lampp
kampala,arreola,savala,wallah,butala,wala,abdollah,walla,sala,lala,matala,ojala,vala,odwalla,bala,sabala,kabbalah,bolla,mala,rajala,lasala,golla,mollah,ruhollah,cecala,oglala,chawla,marsala,isola,corolla,alla,begala,paula,alcala,cipolla,nuala,haapala,amygdala,vadala,sigala,bangala,neola,ramallah,rolla,meola,fiala,kerala,zavala,seppala,cala,kuala,guatemala,zabala,stola,depaula,whala,koala,allah,ayala,cholla,scala,mancala,rogala,domagala,holla,cicala,feola,ndola,machala,zappala,magdala,kholah,tafolla,kubala,skala,impala,mccollough,hakala,adalah
kamperite,
kampylite,ampelite
kampliles,
kampmann,lampman,kampman
kampmeier,
kampong,campong,damping,camping,tramping,revamping,glamping,lamping,clamping,scamping,champing,cramping,tamping,vamping,overdamping,ramping,stamping
kampongs,
kampseen,
kampsville,
kamptomorph,
kamptulicon,
kampuchea,
kamrar,
kamsa,
kamseen,
kamseens,
kamsin,chamsin,khamsin,samsun
kamsins,
kamuela,
kan,zan,sandman,skean,hann,pecan,tan,japan,tran,divan,ann,gan,bran,quean,madman,snowman,bedpan,stan,hitman,minuteman,can,anchorman,cancan,deadpan,iran,than,milan,caftan,anne,pan,clan,doorman,van,journeyman,man,walkman,cannes,caveman,rattan,kinsman,flan,fisherman,kazakhstan,moran,bogeyman,loran,middleman,an,san,gran,shan,afghanistan,plan,sideman,businessman,jan,ban,lifespan,gamesman,dan,cyan,ferdinand,mann,tarzan,moulin,saran,superman,pakistan,caravan,tristan,sudan,liane,batman,began,clergyman,chan,handyman,suntan,fan,bhutan,strongman,rodin,yan,sedan,ran,scran,afghan,quran,taliban,merman,span,scan,catamaran,saucepan,klan,nan,lan,helmsman
kana,mariana,nanna,nana,lanna,morgana,diana,quintana,havana,hanna,dianna,santana,indiana,orellana,susanna,khanna,susannah,rana,deanna,americana,pestana,fontana,montana,savannah,vana,oceana,jana,thana,anna,louisiana,shana,campana,ghana,bandana,prana,adriana,arcana,solana,juliana,chana,santa,tramontana,saldana,amana,levana,tropicana,pollyanna,liliana,italiana,atlanta,oriana,grana,piano,georgiana,cabana,jnana,ariana,gloriana,edana,dahna,canna,copacabana,fianna,joanna,dannah,urbana,manna,arianna,hanau,lantana,tatiana,panna,christiana,brianna,danna,viana,banana,mexicana,dulciana,sangha,savanna,roxana,hana,cana,sanna,tanna,susquehanna,hannah,viviana,arana,vanna,lana,luana,johanna,texarkana,rosanna,gitana,alana,humana
kanab,
kanae,
kanaff,
kanagi,
kanaima,
kanaka,finmeccanica,channukkah,anoka,danica,anica,britannica
kanal,
kana-majiri,
kanamycin,
kanamono,
kananga,cananga
kananur,
kanap,
kanara,canara,anoura
kanarak,
kanaranzi,
kanarese,tanneries,canarese
kanari,
kanarraville,
kanas,
kanat,
kanauji,
kanawari,
kanawha,mcgaha,blaha,saha,tamanaha
kanazawa,ogawa,matsukawa,okinawa,karasawa,hosokawa,kurokawa,sawa,misawa,kurzawa,arakawa,ozawa,momokawa,kawa,oshawa,miyazawa,nogawa,kurosawa,terasawa,fujikawa,ichikawa,onawa,tonegawa,hasegawa,ninagawa,miyagawa,nishizawa,chihuahua,shimokawa,kanawa,kujawa,nakagawa,fujisawa,furukawa,kitagawa,yoshikawa,udagawa,morikawa,zabawa,nishikawa,mahwah,ishikawa,hosakawa,kagawa,maekawa
kanchenjunga,
kanchil,rankle,frankel,hankel,shankel,ankle,crankle,shankle,ancle,frankl,sprankle
kanchipuram,
kancler,
kand,
kandace,
kandahar,
kande,
kandelia,
kandy,andie,randi,grandi,andy,pandy,landy,tandy,randy,mandie,sandy,chandi,sandi,bandy,dandy,shandy,standee,candi,alibrandi,candie,brigandi,mandi,handy,grandee,grandy,landi,mandy,gandy,sandie,brandi,operandi,dandi,brandy,candy,gandee
kandiyohi,
kandinski,
kandinsky,
kandjar,
kandol,
kane,ascertain,partain,chain,train,remain,reign,regain,romaine,germaine,stain,campaign,dane,trane,urbane,maine,sane,attain,plain,fein,bain,pain,bane,insane,wain,gain,rain,restrain,shane,vain,domain,aine,zane,refrain,swain,lane,fain,vein,hurricane,wayne,obtain,humane,constrain,quain,ane,arcane,cain,sustain,twain,lain,inane,vane,plane,entertain,explain,detain,legerdemain,spain,champagne,germane,terrain,pertain,cocaine,retain,moraine,pane,main,thane,sprain,brain,feign,membrane,crain,grain,airplane,saine,fane,disdain,maintain,complain,crane,strain,migraine,jane,mane,arraign,inhumane,again,wane,rein,germain,drain,cane,ordain,abstain,slain,skein,deign,mundane,profane,contain
kaneelhart,
kaneh,
kaneoche,
kaneohe,
kanephore,
kanephoros,
kanes,
kaneshite,
kanesian,
kaneville,
kang,lang,tong,twang,whang,tang,stong,hourlong,belong,rong,monthlong,wong,chiang,headlong,dong,strong,long,birdsong,clong,flang,shang,rang,yearlong,bang,pang,harangue,mustang,bong,hong,jong,ong,prolong,mong,armstrong,plainsong,vietcong,drang,yong,mang,hang,gangue,stang,fang,prang,along,swang,dang,wang,spong,langue,klong,chong,ang,gong,hmong,sprang,pyongyang,cong,flong,daylong,kong,overhang,zhang,boomerang,huang,bhang,lange,vang,spang,wrong,schlong,sang,song,sarong,gang,fong,scuppernong,jiang,lifelong,furlong,clang,thong,headstrong,yang,pong,prong,weeklong,throng,slang,thang,liang,chang
kanga,sanga,panga,ganga,tanga
kangayam,
kangani,
kangany,
kangaroo,new,yahoo,tattoo,coo,slew,boo,stew,sue,woo,barbecue,brew,loo,glue,q,goo,true,queue,vu,accrue,vue,emu,yew,retinue,into,lulu,poo,undue,spew,tissue,subdue,zoo,bamboo,interview,ensue,overview,avenue,who,pursue,canoe,ingenue,construe,residue,ewe,redo,cuckoo,shrew,coup,hitherto,guru,dew,anew,few,askew,taboo,eschew,clue,debut,screw,crew,lieu,roux,revenue,undo,blue,breakthrough,mew,statue,shoe,purview,cue,you,que,hew,rendezvous,shue,ado,thru,skew,too,hue,flue,gnu,pew,chew,view,xu,renew,u,due,two,through,outdo,adieu,imbue,rue,strew,do,to,review,flu
kangarooer,
kangarooing,
kangaroolike,
kangaroo-rat,
kangaroos,abuse,accrues,hindus,chartreuse,loos,muse,shmooze,accuse,peruse,lewes,residues,creuse,roose,roos,bruise,ques,eschews,misuse,cruze,infuse,reuse,chews,views,queues,andrews,cruise,gurus,horseshoes,sous,youse,flews,booz,suffuse,moos,dews,hues,tewes,dues,hews,whose,tissues,hairdos,ooze,disabuse,ewes,transfuse,choose,refuse,trews,reviews,druze,recuse,enthuse,avenues,taboos,schmooze,canoes,clews,woos,cues,ensues,tattoos,news,revenues,diffuse,shoes,fuse,slews,confuse,toulouse,blues,boos,booze,overuse,meuse,druse,screws,brews,thews,luse,hughes,zoos,statues,soyuz,excuse,lose,cruz,snooze,syracuse,goos,jews,amuse,crews,clues,defuse,pews,ruse,cruse,chuse,bemuse
kangchenjunga,
kangla,
kangli,
kangri,
k'ang-te,
kangwane,
kania,galeria,rhea,anamaria,pia,cananea,hialeah,tanzania,hosea,dhia,pcmcia,pizzeria,sofia,judea,garcia,caesarea,killilea,keziah,chia,logophilia,cytherea,desmoplasia,nicosia,stria,bria,diarrhoea,belyea,lia,mia,leah,ikea,dulcinea,gonorrhea,tia,ia,snia,onomatopeia,thea,freia,brachia,atypia,maria,samaria,dyspnea,yttria,ria,shia,basophilia,orea,korea,perea,duryea,gaea,jia,eritrea,urea,galleria,cheoplasty,tortilla,sophia,corea,berea,dorothea,dia,medea,galatea,asea,subia,diarrhea,shiah,althea,idea,rosalia,neoplasty,alethea,crimea,urrea,abyssinia,panacea,zia,theia,aliyah
kanya,
kanyaw,
kanji,angi,gangi,vangy,mangey,angie,angi-,evangi,angy,digangi,bangee
kanjis,
kankakee,
kankan,
kankanai,
kankedort,
kankie,
kankrej,
kannada,canada,panada
kannan,connan,lehtonen,chronon,faughnan,phonon,saanen,donnan,sonnen,konen,narayanan,connon,bonnin,dornin,onnen,kwannon,monnin,cronyn
kannapolis,
kannen,
kannry,
kannu,
kannume,
kano,capistrano,anguiano,chrono,miano,alfano,cano,brentano,balzano,amano,adriano,vano,napoletano,gano,veneziano,chicano,pisano,delano,poblano,spano,fasano,mexicano,graziano,hirano,ciano,nano,juliano,varano,kawano,pagano,cristiano,llano,lozano,morano,feliciano,cyrano,dano,giordano,cusimano,celentano,solano,siciliano,soprano,ruano,germano,mangano,marciano,capitano,triano,bonanno,casiano,mano,konoe,arellano,giuliano,cusano,montano,galliano,gitano,pantano,urbano,serrano,castellano,mariano,albano,milano,troiano,yano,bazzano,soriano,castano,sirignano,nagano,nakano,marano,lugano,stano,sano,toscano,marcano,italiano,caetano,damiano,murano,montesano,tejano,hispano,hano,gargano,nano-,cipriano,gaetano,soldano,califano,lano,capuano,grano,luciano,sedano,catalano,americano
kanona,
kanone,
kanoon,
kanopolis,
kanorado,
kanosh,
kanpur,
kanred,
kans,
kans.,
kansa,ansa,gansa,sansa,pansa,lansa,jansa,hansa
kansan,arkansan,nansen,janzen,franzen
kansans,arkansans
kansas,anzacs,anzus
kansasville,
kansu,gansu
kant,norplant,recant,supplant,tant,chant,confidante,trant,zant,ant,plant,grant,brant,tante,brandt,implant,decant,cant,eggplant,pant,zante,enchant,replant,stant,fante,fant,transplant,yant,aunt,scant,lant,slant,gantt,quant,levant,sant,gant,plante,rembrandt,dant,incant,rant
kantar,santur,nanterre,antre
kantars,
kantela,
kantele,
kanteles,
kanteletar,
kanten,
kanter,alcantar,ranter,antar,santer,lanter,santor,scanter,banter,grantor,canter,plantar,auntter,cantor,tranter,enchanter,galanter,panter,chanter,ganter,cantar,manter,planter,granter,chantor,kantor
kanthan,
kantharoi,
kantharos,
kantian,dantean,antaean
kantianism,
kantians,
kantiara,
kantism,
kantist,
kantner,gantner,brantner,brandtner
kantor,alcantar,ranter,kanter,antar,santer,lanter,santor,scanter,banter,grantor,canter,plantar,auntter,cantor,tranter,enchanter,galanter,panter,chanter,ganter,cantar,manter,planter,granter,chantor
kantos,
kantry,
kanu,
kanuka,
kanuri,anury
kanwar,
kanzu,transue
kao,luau,zhao,macao,plough,anyhow,howe,tsingtao,somehow,fao,dowe,brow,cau,cao,scow,meow,lau,ciao,tsao,pao,allow,lao,blau,wow,powwow,liao,kau,qingdao,lough,highbrow,hau,avow,dao,xiao,sao,bow,kowtow,sprow,blough,qiao,mindanao,aue,thau,shough,disallow,skow,macau,thou,thao,disavow,plow,pow,brau,tao,bilbao,dow,gow,sow,cow,shao,snowplow,vow,yow,powe,endow,eyebrow,brough,strough,curacao,hao,frau,depauw,grau,rau,bough,rao,now,prow,bao,mao,yao,landau,chow,clough,chao,how
kaohsiung,
kaolack,
kaolak,
kaoliang,
kaoliangs,
kaolikung,
kaolin,toulon,coulon,dowlen,boulogne,nowlin,nowlan
kaolinate,
kaoline,
kaolines,
kaolinic,
kaolinisation,
kaolinise,
kaolinised,
kaolinising,
kaolinite,
kaolinization,
kaolinize,
kaolinized,
kaolinizing,
kaolins,
kaon,
kaons,eritreans,wayans
kaos,
kapa,
kapaa,
kapaau,
kapai,
kapas,
kape,
kapeika,
kapell,
kapelle,appell,grapple,chappel,pineapple,apple,scapple,scrapple,thrapple,chapple,snapple,appal,chapel,appel,happel,schappell,shappell,chappell,dapple,strapple,rappel,knapple,cappel,crapple,stapel,mapel,kappel
kapellmeister,capellmeister
kapfenberg,
kaph,
kaphs,
kapila,
kaplan,kaplin,caplin,applin,aplin,kaplain,chaplin,chaplan,taplin,caplan,chaplain
kapok,knapik,lappic,yapock,yapok,chapek,capoc,capek,capac,sapphic
kapoks,
kapoor,grandeur,sieur,secteur,ure,poor,well-doer,majeure,mcclure,fuer,rigueur,yoor,doer,voyeur,coeur,pasteur,mclure,poore,koor,raconteur,mccluer,darfur
kapor,gaper,raper,caper,lapre,wallpaper,wastepaper,paper,sandpaper,schaper,draper,shaper,landscaper,vapor,skyscraper,scraper,graper,flypaper,newspaper,taper,mcpaper
kapote,
kapowsin,
kapp,pap,nappe,trappe,jap,map,stopgap,kidnap,gap,strap,sapp,lap,snap,flap,madcap,rapp,kneecap,trapp,papp,capp,app,frap,mishap,cap,trap,lapp,ascap,giap,frapp,yap,zap,clap,chap,wiretap,slap,frappe,rap,nap,entrap,scrap,dapp,asap,bootstrap,stapp,hubcap,clapp,catnap,tapp,backslap,yapp,overlap,mapp,schappe,burlap,handicap,knapp,crap,recap,zapp,skycap,napp,nsdap,shrap,mousetrap,hap,flytrap,unwrap,tap,slapp,dimetapp,shap,wrap,sap
kappa,pappa,captcha,lappa,trapa,gappa,nappa,tappa,napa,zappa,cappa,rappa,grappa
kapparah,
kappas,capiz,papaws
kappe,
kappel,appell,grapple,kapelle,chappel,pineapple,apple,scapple,scrapple,thrapple,chapple,snapple,appal,chapel,appel,happel,schappell,shappell,chappell,dapple,strapple,rappel,cappel,crapple,stapel,mapel,knapple
kappellmeister,
kappenne,
kappie,
kappland,
kapuka,
kapur,sapper,sapor,gapper,strapper,flapper,lapper,handicapper,napper,kidnapper,trapper,slapper,kapper,clapper,wrapper,tapper,scrapper,knapper,mapper,snapper,klapper,capper,yapper,dapper,crapper,rapper
kaput,lappet,tapet,drapet,tappet,chaput,capet,capot
kaputt,
kapwepwe,
kara,cartera,rivera,darragh,tavera,tara,altera,cervera,herrera,canberra,guayabera,sierra,sequeira,mascara,vera,thera,caldera,aguilera,erra,silveira,zera,ohara,era,farah,riviera,tera-,becerra,gerah,avera,ferra,farrah,bera,ceroplasty,clara,terra,terah,valera,cerra,guerra,barrera,fichera,carrera,gera,svizzera,cabrera,hara,pereira,olvera,patera,leora,madera,fera,chimera,teixeira,nogueira,moreira,frontera,figueira,najera,mwera,provera,ribera,barbera,cara,kuchera,terre,matera,perera,escalera,berra,primavera,tenera,naira,serra,para,sahara,kundera,sferra,sarah,higuera,mcnamara,sara,sclera,ranchera,vieira,silvera,para-,olivera,kera,severa,cera,basara
karabagh,
karabiner,
karaburan,
karachi,banacci,faraci,versace,morace,paci,gerace,botchy,bacci,chachi,saatchi,menapace,mochi,farinacci,graci,fibonacci,splotchy,lafauci,canace,degrace,hitachi,schillaci,geraci,kochi,maniaci,raucci,farace,bonacci,hibachi,caracci,starace,lagace,mariachi,bracci,chatihachi,cauchy,depace,lupinacci,liberace,antonacci,zachi
karacul,
karafuto,
karagan,
karaganda,
karaya,
karaism,
karaite,urate,cirrate,quorate,morate,phorate
karaitic,
karaitism,
karajan,kerogen,sclerogen,carageen
karaka,maraca,arica,carica,areca,baraka,narica,arauca
kara-kalpak,
kara-kalpakia,
kara-kalpakistan,
karakatchan,
karakoram,karakorum
karakorum,karakoram
karakul,caracol,caracul,maricle
karakule,
karakuls,
karakurt,
karalee,
karalynn,
kara-lynn,
karamanlis,
karamazov,
karame,
karameh,
karami,palmy,mommy,fahmy,pommy,khatami,masami,commy,badami,blassingame,balmy,bombie,minami,cromie,cerami,murakami,tsunami,twomey,pastrami,blasingame,ajami,rami,commie,dromi,swami,dommie,calmy,tommie,yanomami,itami,tommy,calame,adami,kumarisami,fillingame,ramaswami,almy,adame,squamae,salami,islami,ami,kawakami,saami
karamojo,
karamojong,
karamu,
karanda,
karankawa,
karaoke,oki,joki,hokey,meloche,pokey,folkie,koki,gnocchi,folky,lokey,naoki,proke,loci,okey,coque,quattrocchi,okey-dokey,soaky,skokie,koeki,rocchi,oakey,cokie,soucie,begnoche,poky,aoki,smokey,chokey,jokey,stokey,low-key,cloacae,cocchi,okie,dokey,choky,mazzocchi,yolky,quattrochi,locky,hirosakamoki,oaky,croaky,smoky
karas,maras,taras,caras,asmaras,tiaras
karat,kerat-,wherret,herat,cerat-,garratt,barrett,merit,jarrett,sterrett,berrett,inherit,sherrit,merritt,verrett,ferret,sterett,garrett,carat,meritt,gerrit,parrott,merrit,karet,carrot,terret,parrot,gehret,disparate,lerot,teret,kerat,cerat,merrett,marrett,demerit,garret,verit,sherritt
karatas,caritas
karate,minotti,braggiotti,bhatti,galotti,gotti,hottie,donati,kiribati,totty,jereissati,bertinotti,lottie,amati,capriati,dottie,grotty,lahti,scotti,haughty,dotty,marathi,lanzelotti,zloty,andreotti,potty,boughty,benotti,candiotti,rosati,scottie,spotty,doughtie,maserati,squatty,knotty,scotty,motty,giamatti,galati,salvati,benenati,naughty,biscotti,bilotti,crotty,doughty,sgambati,diodati,mariotti,delligatti,vigliotti,hlavaty,dhoti,literati,pavarotti,liberati,bugatti,snotty,clotty,ammirati,cotty,beninati,lotty
karateist,
karates,
karats,karaites,chlorates
karatto,
karb,
karbala,arbela
karbi,
karch,mark,harc,hashmark,patriarch,marque,goldmark,marc,bismark,arc,ark,saarc,bark,yarke,skylark,denmark,quark,hark,lark,monarch,watermark,parke,clarke,barch,hallmark,postmark,landmark,marke,disembark,sparc,park,ballpark,pockmark,starc,benchmark,shark,sark,earmark,embark,matriarch,ozark,merc,dark,chark,clark,narc,arche,bsarch,remark,meadowlark,garch,darke,starke,aardvark,demark,barke,barque,parc,spark,snark,oligarch,starck,bismarck,trademark,birthmark,stark
kardelj,
kare,
kareao,
kareau,
karee,
kareem,vadim,seem,mneme,keim,beam,diem,academe,midstream,theme,esteem,ibrahim,breme,scheme,scream,bream,siem,gleam,nauseam,joachim,maxime,passim,dream,hakeem,karim,daydream,liem,hakim,team,extreme,episteme,raheem,rahim,steam,teem,bleam,redeem,mainstream,creme,ice-cream,sephardim,cream,thieme,stream,deam,deem,bireme,reim,steem,beem,regime,downstream,queme,ream,agleam,sunbeam,phleme,seam,upstream,fleam,basim,supreme,rheme,fleme,moonbeam,bloodstream
kareeta,
karel,merrill,sherrell,verrall,terrill,carol,meryl,baril,burell,sterile,meryll,merrell,jerrell,scleral,ocarroll,herrle,sheryl,feral,darrel,wehrle,carole,erol,barrel,peril,errol,terrell,terral,pork-barrel,beryl,harrell,herrell,terrel,daryl,cheryl,jerel,ofarrell,behrle,sterol,ferol,burel,farrell,farrel,ceryl,jheryl,verrel,sharyl,apparel,carroll,darryl,deryle,sherrill,nerol,therrell,imperil,ferrell,ferrall,ferrol,darrell,caryl,berrill
karela,
karelia,morelia,parhelia,aurelia
karelian,selion,stelian,hegelian,aristotelian,chameleon,delian,pelion,caelian
karen,waren,maren,heron,aeron,aaron,baren,alaron,barren,caren,geron,herrin,yaron,herron,barron,mehran,karin,paren,ehren,schwerin,mcfarren,mclaren,garin,farron,karon,lebaron,baron,charron,sharon,faren,ferron,kerin,teran,betakeren,aron,herren,karan,beron,ferrin,serin,terin,terran,cerin,charon,ferran,perron,veron,beran,farren,aran,theron,maclaren,marin,herin,perrin,haren,hairen,sherrin,sherin,marron,faron,guerin,seron,geran,pteron
karena,
karens,barons,barrens,farrens
karewa,
karez,
karharbari,
kari,strawberry,extraordinary,discretionary,cautionary,vary,dictionary,bury,commentary,aerie,confectionary,imaginary,revolutionary,blueberry,airy,eyrie,parry,arie,pulmonary,contrary,unnecessary,itinerary,secondary,reactionary,february,hairy,monastery,primary,estuary,tributary,vocabulary,legendary,preliminary,emissary,berry,fairy,obituary,solitary,adversary,necessary,epistolary,temporary,veterinary,mary,mulberry,scary,marry,contemporary,arbitrary,fiduciary,subsidiary,ordinary,ary,gooseberry,unitary,dairy,raspberry,canary,culinary,ancillary,tertiary,hereditary,barre,literary,sanitary,library,secretary,proprietary,missionary,judiciary,sanctuary,salutary,nary,carry,visionary,wary,luminary,pecuniary,harry,lapidary,seminary,military,huckleberry,cemetery,stationery,capillary,beneficiary,very,customary,prairie,confectionery,tarry,sedentary,apothecary,ferry,corollary,merry,monetary,cherry,stationary,mercenary
kary,strawberry,extraordinary,discretionary,cautionary,vary,dictionary,bury,commentary,aerie,confectionary,imaginary,revolutionary,blueberry,airy,eyrie,parry,arie,pulmonary,contrary,unnecessary,itinerary,secondary,reactionary,february,hairy,monastery,primary,estuary,tributary,vocabulary,legendary,preliminary,emissary,berry,fairy,obituary,solitary,adversary,necessary,epistolary,temporary,veterinary,mary,mulberry,scary,marry,contemporary,arbitrary,fiduciary,subsidiary,ordinary,ary,gooseberry,unitary,dairy,raspberry,canary,culinary,ancillary,tertiary,hereditary,barre,literary,sanitary,library,secretary,proprietary,missionary,judiciary,sanctuary,salutary,nary,carry,visionary,wary,luminary,pecuniary,harry,lapidary,seminary,military,huckleberry,cemetery,stationery,capillary,beneficiary,very,customary,prairie,confectionery,tarry,sedentary,apothecary,ferry,corollary,merry,monetary,cherry,stationary,mercenary
kary-,
karia,
karyaster,
karyatid,
kariba,
karie,
karyenchyma,
karil,
karyl,
karylin,
karilynn,
karilla,
karim,kareem,seem,mneme,vadim,keim,beam,diem,academe,midstream,theme,esteem,ibrahim,breme,scheme,scream,bream,siem,gleam,nauseam,joachim,maxime,passim,dream,hakeem,liem,daydream,hakim,team,extreme,episteme,raheem,rahim,steam,teem,bleam,redeem,mainstream,creme,ice-cream,sephardim,cream,thieme,stream,deam,deem,bireme,reim,steem,beem,regime,downstream,queme,ream,agleam,sunbeam,phleme,seam,upstream,fleam,basim,supreme,rheme,fleme,moonbeam,bloodstream
karin,waren,maren,heron,aeron,aaron,baren,alaron,barren,caren,geron,herrin,yaron,herron,barron,karen,mehran,ehren,paren,schwerin,mcfarren,mclaren,garin,farron,karon,lebaron,baron,charron,sharon,faren,ferron,kerin,teran,betakeren,aron,herren,karan,beron,ferrin,serin,terin,terran,cerin,charon,ferran,perron,veron,beran,farren,aran,theron,maclaren,marin,herin,perrin,haren,hairen,sherrin,sherin,marron,faron,guerin,seron,geran,pteron
karyn,darin,sharron,barren,haran,darrin,barron,harren,gagarin,arran,narron,baron,mccarron,sharon,arron,mcclaran,staron,garonne,garran,scarron,carron,claren,paran,starin,varan,marrin,albarran,harran,karren,harron,carin,farran,arawn,garron,daren
karina,
karine,
karinghota,
karynne,
karyo-,caryo-,karyo,caryo
karyochylema,
karyochrome,
karyocyte,
karyogamy,
karyogamic,
karyokinesis,
karyokinetic,
karyolymph,
karyolysidae,
karyolysis,
karyolysus,
karyolitic,
karyolytic,
karyology,
karyologic,
karyological,
karyologically,
karyomere,
karyomerite,
karyomicrosome,
karyomitoic,
karyomitome,
karyomiton,
karyomitosis,
karyomitotic,
karyon,
karyopyknosis,
karyoplasm,
karyoplasma,
karyoplasmatic,
karyoplasmic,
karyorrhexis,
karyoschisis,
karyosystematics,
karyosoma,
karyosome,
karyotin,
karyotins,
karyotype,
karyotypic,
karyotypical,
kariotta,
karisa,
karissa,
karita,
karite,
kariti,
karl,carl,gnarle,ensnarl,charle,carll,knarl,garl,mccarl,gnarl,albemarle,snarl,harl
karla,charla,sharla,marla,darla,carla
karlan,
karlee,
karleen,
karlen,carlon,mcfarlin,carlin,marlen,varlen,parlin,marlin,harlan,karlin,mcfarlan,darlin,sumarlin,carlen,marlon,arlin,arlon,garlan,arlen,arlan,macfarlane,sparlin,starlin,mcfarlane,carlan,harlin
karlene,
karlens,
karlfeldt,
karli,
karly,
karlie,
karlik,garlic,narlock,harlock,garlock,sarlac,garlick
karlin,carlon,mcfarlin,carlin,marlen,varlen,parlin,marlin,harlan,mcfarlan,darlin,karlen,sumarlin,carlen,marlon,arlin,arlon,garlan,arlen,arlan,macfarlane,sparlin,starlin,mcfarlane,carlan,harlin
karlyn,
karling,
karlis,
karlise,
karl-marx-stadt,
karloff,
karlotta,
karlotte,
karlow,marlow,harlow,marlo,carlo,giancarlo,sarlo,garlow,sharlow,carlough,delcarlo,dicarlo,decarlo
karlsbad,
karlsruhe,new,yahoo,tattoo,coo,slew,boo,stew,sue,woo,barbecue,brew,loo,glue,q,goo,true,queue,vu,accrue,vue,emu,yew,retinue,into,lulu,poo,undue,spew,tissue,subdue,zoo,bamboo,interview,ensue,overview,avenue,who,pursue,canoe,ingenue,construe,residue,ewe,redo,cuckoo,shrew,coup,hitherto,guru,dew,anew,few,askew,taboo,eschew,clue,debut,screw,crew,lieu,roux,revenue,undo,blue,breakthrough,mew,statue,shoe,purview,cue,you,que,hew,rendezvous,shue,ado,thru,skew,too,hue,flue,gnu,pew,chew,view,xu,renew,u,due,two,through,outdo,adieu,imbue,rue,strew,do,to,review,flu
karlstad,
karluk,
karma,varma,carma,pharma,sharma,armagh,parma,maxpharma,dharma
karmadharaya,
karma-marga,
karmas,
karmathian,
karmen,barman,harmon,harmen,parman,marmon,sharman,armon,carmen,farman,armen,starman,arman,klarman,larmon,armin,carmon,carmine,karman,jarmin,harman,garman,carman,garmon,jarman,darmon,darman,tarman
karmic,dharmic,ptarmic,yarmelke,carmack
karmouth,
karn,yarn,marne,arne,carne,harne,carn,arn,scarn,skarn,darn,barn,varn,dezarn,mccarn,arnn,harn,garn,starn
karna,
karnack,
karnak,carnac,garnock,barnick,charnock,harnack,czarnik
karnataka,
karney,sarni,fahrney,garni,mclarney,sarney,varney,farney,carney,czarny,arney,harney,mccarney,kulkarni,carny,marney,arnie,barny,varni,blarney,garney,barney,carnie,charney
karnofsky,
karns,harns,varnes,parnes,garnes,darns,arns,tarns,barns,carnes,karnes,starnes,barnes,yarns,carns,starns,farnes
karo,
karol,clairol
karola,
karole,
karoly,trimboli,oley,rolly,paoli,natoli,coley,nollie,shoaly,anatoly,piccoli,growly,joly,colli,coli,holey,spagnoli,moly,andreoli,dercole,choli,goley,unholy,poli,ollie,scholey,nicoli,campoli,pollee,rowley,meserole,mattioli,lowly,roley,soley,rollie,buttacavoli,ercole,croley,kohli,tolly,bertoli,nucleoli,guacamole,bartoli,iole,cerasoli,solei,wholly,romagnoli,jowley,poley,solie,doley,yowley,boley,bowley,grigoli,stromboli,dascoli,slowly,trolly,anatoli,holy,goalie,albendazole,ravioli,fargnoli,foley,davoli,consoli,rispoli,niccoli,coaly,fraioli,prole,sinopoli,capozzoli
karolyn,marylin,carolin,marilin
karolina,willamina,medina,indochina,jasmina,vagina,krajina,fina,rukavina,kalina,jacobina,myna,china,josephina,dinah,alvina,carolina,angina,lynna,erwina
karoline,spine,twine,hotline,opine,swine,equine,cline,sine,assign,asinine,tine,sunshine,undermine,concubine,tagline,lupine,zine,crystalline,sideline,turpentine,spline,grapevine,quinine,underline,affine,frontline,ballantine,lifeline,baseline,fein,outshine,endocrine,byline,moonshine,dopamine,supine,trine,skyline,nine,deadline,vine,thine,rine,benign,decline,mine,fine,byzantine,refine,bovine,palatine,intertwine,resign,canine,valentine,porcupine,enshrine,eglantine,define,feline,incline,stein,combine,dine,pine,borderline,confine,pipeline,brine,align,storyline,sign,guideline,devine,whine,chine,airline,saccharine,line,wine,consign,outline,online,divine,alkaline,entwine,shrine,punchline,stine,streamline,shine,aline,iodine,alpine,serpentine,design,malign,headline,genuine
karon,waren,maren,heron,aeron,aaron,baren,alaron,barren,caren,geron,herrin,yaron,herron,barron,karen,mehran,karin,paren,ehren,schwerin,mcfarren,mclaren,garin,farron,lebaron,baron,charron,sharon,faren,ferron,kerin,teran,betakeren,aron,herren,karan,beron,ferrin,serin,terin,terran,cerin,charon,ferran,perron,veron,beran,farren,aran,theron,maclaren,marin,herin,perrin,haren,hairen,sherrin,sherin,marron,faron,guerin,seron,geran,pteron
karoo,larew,carew,daroo,narew,pareu,karroo
karoos,
karos,camaros,saros,nagymaros
kaross,barrus,fitzharris,varus,larus,paris,glarus,garris,parus,pharris,barris,garous,harriss,varisse,marris,caris,garis,scarus,varices,sarris,mcdaris,laris,carus,pharis,arris,carris,clarrisse,clarisse
karosses,
karou,
karp,garp,flarp,tharp,scharp,arp,sharp,harp,carp,harpe,tarp,tharpe,carpe,sharpe,scarp
karpas,
karpov,yugoslav,kafelnikov,skov,yakov,salve,mav,potapov,nabokov,vaslov,saratov,chebrikov,kasparov,volkogonov,zuganov,kamentsev,kalashnikov,fauve,branislov,sauve,improv,vorontsov,lubinov,pskov,romanov,mauve,vaclav,fyodorov,baryshnikov,kargonaov,dov,rybakov,khlebnikov,lefauve,suave,andropov,davydov,maslyukov,morachov,federov,bordenave,grachov,poznikov,luzhkov,yazov,evanov,slav
karr,ajar,seminar,aargh,cigar,lodestar,azar,car,ar,far,millibar,nascar,bazar,czar,reservoir,boyar,tar,disbar,sitar,sidebar,r,gar,caviar,bar,feldspar,haar,rebar,bizarre,tsar,revoir,avatar,dakar,parr,registrar,dinar,afar,mylar,amritsar,bazaar,crowbar,railcar,amar,marr,handlebar,barre,foobar,guitar,subpar,voir,magyar,myanmar,starr,hectare,spar,dar,lumbar,mar,adar,sar,char,sandbar,memoir,csar,jar,renoir,boxcar,thar,mawr,star,cinnabar,radar,jaguar,alar,har,zanzibar,superstar,streetcar,navarre,commissar,scar,alcazar,repertoire,babar,saar,carr,qatar,motorcar,lamar,lar,par,are,akbar,barr
karrah,
karree,
karren,darin,sharron,barren,haran,darrin,barron,harren,gagarin,arran,narron,baron,mccarron,sharon,arron,mcclaran,staron,garonne,garran,scarron,carron,claren,paran,starin,varan,marrin,albarran,harran,harron,karyn,carin,farran,arawn,garron,daren
karrer,scharrer,farrer,harrer,fahrer,sharrer,bierbarror,marrer
karri,charry,denarii,arey,mccarry,marae,farry,barrie,stari,gary,garrey,mccarey,marri,clarey,pari-,intermarry,garey,carry,chari,wharry,barry,scarry,carri,meharry,farrey,garry
karry,strawberry,extraordinary,discretionary,cautionary,vary,dictionary,bury,commentary,aerie,confectionary,imaginary,revolutionary,blueberry,airy,eyrie,parry,arie,pulmonary,contrary,unnecessary,itinerary,secondary,reactionary,february,hairy,monastery,primary,estuary,tributary,vocabulary,legendary,preliminary,emissary,berry,fairy,obituary,solitary,adversary,necessary,epistolary,temporary,veterinary,mary,mulberry,scary,marry,contemporary,arbitrary,fiduciary,subsidiary,ordinary,ary,gooseberry,unitary,dairy,raspberry,canary,culinary,ancillary,tertiary,hereditary,barre,literary,sanitary,library,secretary,proprietary,missionary,judiciary,sanctuary,salutary,nary,carry,visionary,wary,luminary,pecuniary,harry,lapidary,seminary,military,huckleberry,cemetery,stationery,capillary,beneficiary,very,customary,prairie,confectionery,tarry,sedentary,apothecary,ferry,corollary,merry,monetary,cherry,stationary,mercenary
karrie,
karri-tree,
karroo,larew,carew,daroo,karoo,narew,pareu
karroos,
karrusel,
kars,
karsha,
karshuni,
karst,farced,darst,garst,parsed
karsten,marston,harston,carsten,garston,garstin
karstenite,
karstic,
karsts,
kart,
kartel,
karthaus,
karthli,
karting,marting,carting,smarting,restarting,hartung,farting,imparting,parting,darting,charting,harting,hearting,departing,starting,outsmarting
kartings,
kartis,
kartometer,
kartos,
karts,
karttikeya,kartikeya
kartvel,
kartvelian,
karuna,
karval,
karvar,
karwan,
karwar,
karwinskia,
kas,
kasa,
kasai,
kasaji,
kasavubu,
kasbah,mazza,plaza,tazza,piazza,raza,brazza,braza
kasbahs,
kasbeer,
kasbek,
kasbeke,
kascamiol,
kase,rephrase,mays,essays,blaise,mores,drays,crase,cayes,anyways,braise,clays,resumes,holidays,iras,phase,paraphrase,leis,nowadays,blaze,raise,rays,lays,plays,weighs,maize,amaze,airways,crays,ablaze,blaize,edgeways,relays,swayze,conveys,displays,portrays,dais,bays,mase,lase,prase,glaze,braze,sundays,faze,dase,baze,sais,praise,always,arrays,ways,paise,rase,outlays,maes,days,smaze,bayes,stays,mayonnaise,lyonnaise,phrase,gaze,polonaise,hays,blase,haze,rnase,hayes,cliches,appraise,gays,entrees,pais,pays,delays,chaise,strays,leys,x-rays,res,trays,aways,hase,malaise,craze,maze,graze,fraise,raze,daze,baize,folkways,pathways,sideways,ukase,protease
kasey,sassi,glassy,grassi,assay,tallahassee,uliassi,massy,paspy,profligacy,vassey,grassy,gassy,glassey,sassy,brassy,lassi,plassey,efficacy,blassie,cassi,classy,hassey,passee,lassie,selassie,massie,fasci,tassi,chassis,brassie,passey,jassy,thlaspi,stassi,vasey,rasey,malagasy,cassie,passy,bassi,masci,massey,massi
kaser,graser,hazor,taser,raser,razor,raisor,glazer,peyser,kayser,lazer,gazer,rukeyser,appraiser,qasr,gazar,graeser,nazer,hazer,mazer,razer,glaser,thaser,lazar,phasor,rasor,hellraiser,frazer,fundraiser,gaiser,naser,blazer,raiser,praiser,phaser,fraser,maser,blaiser,braiser,trailblazer,kaeser,blaser,heyser,stargazer,glaeser,grazer,blazar,laser
kasevich,
kasha,ingrassia,natasha,pasha,ignatia,demattia,kasza,asha,basha,ustasha,horatia,latasha,bhatia
kashan,
kashas,
kashden,
kasher,lashkar,ashir,bashkir
kashered,
kashering,
kashers,
kashga,
kashgar,
kashi,dashi,ashey,dashy,splashy,mashy,flashy,ashy,rashi,slashy,mashi,mashie,nashi,trashy,plashy
kashyapa,
kashim,
kashima,
kashira,
kashmir,
kashmiri,seery,query,peary,peery,pieri,cieri
kashmirian,
kashmiris,
kashmirs,
kashoubish,
kashrut,
kashruth,
kashruths,
kashruts,
kashube,
kashubian,
kasyapa,
kasida,
kasigluk,
kasikumuk,
kasilof,
kask,
kaska,raska,frasca,trzaska,kalkaska,nasca,tosca,lasca,kraska,gasca,prochaska,prohaska,gaska,tasca,laska
kaskaskia,
kaslik,
kasm,
kasolite,
kasota,
kaspar,kasper,asper,casper,glasper,gasper,caspar,grasper,jasper,clasper,rasper,gaspar
kasper,asper,casper,glasper,gasper,caspar,grasper,jasper,kaspar,clasper,rasper,gaspar
kasperak,
kass,impasse,fiberglass,plexiglas,eelgrass,snodgrass,tasse,overpass,underclass,das,surpass,tass,repass,alsace,cass,bypass,kvass,middle-class,last,sunglass,sassafras,class,nass,sass,landmass,harass,bras,strass,basse,ass,glass,crass,amass,sasse,trass,hourglass,glas,pass,chasse,spyglass,wrasse,outclass,vass,smartass,mass,contrasts,yass,grass,jackass,blass,bass,lass,casse,brasse,cas,plexiglass,eyeglass,gras,casque,lasse,alas,morass,brass,frass,ras,bluegrass,gas,hass,underpass,fass,plas,trespass,grasse,rasse,masse,sas
kassa,dasa,aspca,kinshasa,msasa,nassa,tassa,storaska,bassa,massa,nasa,pascha,tribasa,casca
kassab,casseb
kassabah,
kassak,
kassala,masala,asala
kassandra,
kassapa,
kassaraba,
kassey,
kassel,nacelle,facile,basle,hassel,kastle,brasil,hassell,tahsil,yggdrasil,hardcastle,mountcastle,tassel,passel,brasel,vassal,mascle,lassalle,newcastle,sphacel,astle,gracile,kasel,rassle,cassel,castle,vassel,hassle,brassell,grassl,vantassel,greencastle,vantassell,cassell,wrastle,phasel,ygdrasil,grassel,kasell
kassem,assam,ascham,hassam,bassam,tasm,vasum
kasseri,
kassi,
kassia,
kassie,
kassite,cassite,glassite
kassity,
kasson,masson,stassen,lasagne,assen,tassin,glasson,fasten,kassen,casson,pengassan,dracin,cassin,lassen,passon,yasin,bassin,nason,clason,yassin,chasin,gassen,sasin,cason,plasson,chason,sasson,gascogne,assassin,hasson,fason,klassen,bason,hassen,mcglasson,kassin,kassan,classon,classen,glassen
kassu,
kast,rebroadcast,podcast,mast,lambaste,asked,broadcast,unsurpassed,holdfast,everlast,gassed,bypassed,cast,lightfast,sassed,miscast,surpassed,mast-,comcast,harassed,belfast,outcast,sandblast,last,precast,glassed,outlast,amcast,superfast,amassed,outclassed,prendergast,tillinghast,blast-,chast,chloroplast,triplecast,fast,plast,ast,passed,brast,lymphoblast,telecast,vast,pendergast,downcast,rast,overcast,colorfast,contrast,hast,simulcast,grassed,enthusiast,ghast,blast,typecast,forecast,clast,steadfast,recast,classed,polycast,caste,aghast,qualcast,flabbergast,snast,newscast,gast,massed,assed,past,bast,nast,iconoclast
kastner,castner
kastro,
kastrop-rauxel,
kastura,
kasubian,
kat,rat,glatt,aerostat,wildcat,sprat,babysat,laundromat,bat,caveat,plutocrat,aristocrat,diplomat,muskrat,thermostat,batt,dat,vat,thundercat,patte,patt,combat,tit-for-tat,gnat,wombat,gatt,sadat,chitchat,matt,scatt,pat,at,stat,schmatte,platt,matte,brat,gujarat,format,ziggurat,hat,strat,scat,platte,tat,latke,copycat,nonfat,tomcat,butterfat,acrobat,spat,democrat,gat,fat,technocrat,blatt,inmarsat,polecat,autocrat,placemat,brickbat,pussycat,that,hatte,pratt,doormat,elat,bratt,chat,mat,slat,kitcat,habitat,bureaucrat,bobcat,splat,begat,scrat,flat,cat,sat,catt,nat
kat-,
kata,
kata-,blatta,latta,latah,patka,matta,batta,chahta,strata,natta,tatta,atta,schemata,beata,rata,datta,ameridata,cata-,natka,data,sense-data,wmata,hatta
katabanian,
katabases,
katabasis,
katabatic,
katabella,
katabolic,catabolic
katabolically,
katabolism,catabolism
katabolite,
katabolize,
katabothra,
katabothron,
katachromasis,
katacrotic,
katacrotism,
katagelophobia,
katagenesis,
katagenetic,
katahdin,
katayev,
katakana,
katakanas,
katakinesis,
katakinetic,
katakinetomer,
katakinetomeric,
katakiribori,
katalase,
katalin,
katalyses,
katalysis,
katalyst,
katalytic,
katalyze,
katalyzed,
katalyzer,
katalyzing,
katamorphic,
katamorphism,
katana,platina,patena
katanga,pitanga
katangese,
kataphoresis,
kataphoretic,
kataphoric,
kataphrenia,
kataplasia,
kataplectic,
kataplexy,
katar,traiteur,plaiter,faitour,krater,gaytre
katastate,
katastatic,
katat,
katathermometer,
katatype,
katatonia,
katatonic,
kataway,
katchina,
katchung,
katcina,
katcinas,
kate,dissipate,desolate,conflate,coordinate,delegate,create,late,graduate,alternate,innate,procrastinate,rate,cultivate,vacillate,compensate,profligate,great,anticipate,straight,inculcate,delineate,fate,debate,abrogate,elucidate,assimilate,advocate,postulate,reiterate,estate,abate,mitigate,stipulate,collaborate,articulate,precipitate,date,extrapolate,appropriate,celebrate,integrate,exacerbate,incorporate,collate,moderate,resonate,gate,demonstrate,gait,mandate,communicate,dedicate,emulate,evaluate,trait,corroborate,commiserate,manipulate,mate,accommodate,rait,spate,estimate,predicate,wait,deprecate,subordinate,state,plate,consummate,alleviate,surrogate,weight,arrogate,freight,appreciate,ameliorate,update,contemplate,intimate,deliberate,designate,separate,obviate,initiate,consolidate,denigrate,slate,adequate,indicate,relate,facilitate,obfuscate,abdicate,emanate,propagate,disseminate,repudiate,associate,elaborate
katee,
katey,maiti,slatey,paty,kuwaiti,haiti,hayti,patee,platy,baty,beatty,eighty,patey,kati,m-80,baity,matey,slaty,weighty,katy,batie,matie,iafrate,batey,leighty,platy-,katie
katemcy,
kateri,
katerina,
katerine,
kath,bloodbath,strath,ridpath,hedgepath,sunbath,aftermath,spath,scath,wolrath,warpath,mcgrath,path,psychopath,bath,lath,plath,mcmath,math,gath,mcelreath,nath,mcelrath,mcgath,telepath,mcilrath,idiopath,magrath,empath,snath,sociopath,pathe,metpath,wrath,cath-,footpath,vath,hath,redpath,flath,corath,rath,fath
katha,gatha,atha,inkatha,catha,spatha
kathak,
kathal,
katharevusa,
katharyn,
katharina,galena,selena,semolina,pina,philomena,gallina,ina,domina,erina,davina,athena,lina,latina,alina,marina,catena,serafina,rena,messina,cadena,albina,salina,gardena,reina,sardina,seraphina,fraena,katrina,dina,rowena,argentina,mina,rosina,ianthina,sabrina,subpoena,cristina,tina,sabina,lena,spina,rina,sabena,cartagena,neenah,dena,siena,christina,herzegovina,veena,arena,concertina,vina,jeana,jena,medina,celina,avina,proserpina,regina,adina,krajina,serena,molina,melvina,vena,bettina,martina,hyena,sheena,purina,covina,cantina,zena,irina,catalina,cortina,xena,magdalena,faena,verbena,angelina,nina,ballerina,georgina,gina,hercegovina,valentina,alcina,macarena,farina,edina,pyrena,vaccina,florentina,mena,bina,patina,quina
katharine,catherine,katherine,kathryn,catharine,clathrin
katharometer,
katharses,
katharsis,
kathartic,
kathe,
kathemoglobin,
kathenotheism,
katherin,
katheryn,
katherina,
katherine,catherine,kathryn,katharine,catharine,clathrin
kathi,mcconathy,mathy,lymphadenopathy,pathy,cathie,athey,cathy,neuropathy,wrathy,mathie,homeopathy,kathy,kathie,fathi,lathi,abernathy,olathe
kathy,mcconathy,mathy,lymphadenopathy,pathy,kathi,cathie,athey,cathy,neuropathy,wrathy,mathie,homeopathy,kathie,fathi,lathi,abernathy,olathe
kathiawar,
kathie,mcconathy,mathy,lymphadenopathy,pathy,kathi,cathie,athey,cathy,neuropathy,wrathy,mathie,homeopathy,kathy,fathi,lathi,abernathy,olathe
kathye,
kathisma,
kathismata,
kathlee,
kathleen,marine,teen,serene,hygiene,sistine,aquamarine,internecine,agin,gasoline,convene,foreseen,bean,intervene,wolverine,aniline,feine,gene,sardine,geraldine,protein,undine,umpteen,fifteen,mien,halloween,augustine,baleen,amphetamine,scene,selene,routine,byzantine,casein,murine,kerosene,lien,philistine,gelatine,seen,amin,between,reconvene,tangerine,sabine,submarine,opaline,guillotine,machine,thirteen,bromine,irene,vaccine,queen,figurine,latrine,obscene,trampoline,treen,canteen,sunscreen,wean,mein,caffeine,libertine,spleen,ravine,glean,sheen,mezzanine,unforeseen,nene,labyrinthine,cuisine,vien,peregrine,contravene,quarantine,lean,clean,aberdeen,saline,tourmaline,eugene,magazine,clementine,limousine,careen,holstein,mean,green,screen,evergreen,leen,dean,florentine,argentine,demean,preen,keen,jean
kathlene,marine,teen,serene,hygiene,sistine,aquamarine,internecine,agin,gasoline,convene,foreseen,bean,intervene,wolverine,aniline,feine,gene,sardine,geraldine,protein,undine,umpteen,fifteen,mien,halloween,augustine,baleen,amphetamine,scene,selene,routine,byzantine,casein,murine,kerosene,lien,philistine,gelatine,seen,amin,between,reconvene,tangerine,sabine,submarine,opaline,guillotine,machine,thirteen,bromine,irene,vaccine,queen,figurine,latrine,obscene,trampoline,treen,canteen,sunscreen,wean,mein,caffeine,libertine,spleen,ravine,glean,sheen,mezzanine,unforeseen,nene,labyrinthine,cuisine,vien,peregrine,contravene,quarantine,lean,clean,aberdeen,saline,tourmaline,eugene,magazine,clementine,limousine,careen,holstein,mean,green,screen,evergreen,leen,dean,florentine,argentine,demean,preen,keen,jean
kathlin,
kathlyn,
kathlynne,
kathmandu,
kathodal,
kathode,
kathodes,
kathodic,
katholikoi,
katholikos,
katholikoses,
kathopanishad,
kathryn,catherine,katherine,katharine,catharine,clathrin
kathrine,
kathryne,
kathrynn,
kati,maiti,slatey,paty,kuwaiti,haiti,hayti,patee,platy,baty,beatty,eighty,patey,m-80,baity,matey,slaty,weighty,katy,batie,matie,iafrate,katey,batey,leighty,platy-,katie
katy,maiti,slatey,paty,kuwaiti,haiti,hayti,patee,platy,baty,beatty,eighty,patey,kati,m-80,baity,matey,slaty,weighty,batie,matie,iafrate,katey,batey,leighty,platy-,katie
katya,satya,ondaatje,bhatia,katja
katydid,quid,kyd,stidd,cyd,kidd,mid,lid,hid,squid,amid,rebid,smid,counterbid,adid,skid,sayed,did,undid,tidd,cid,outbid,syd,thrid,slid,kid,bid,underbid,eyelid,good,forbid,overdid,goldschmid,sid,redid,id,ihde,kidde,grandkid,majid,grid,outdid,schmid,madrid,rid
katydids,
katie,maiti,slatey,paty,kuwaiti,haiti,hayti,patee,platy,baty,beatty,eighty,patey,kati,m-80,baity,matey,slaty,weighty,katy,batie,matie,iafrate,katey,batey,leighty,platy-
katik,
katina,
katine,
katinka,
kation,
kations,
katipo,
katipunan,
katipuneros,
katyusha,musha,fuchsia,urrutia,boucher,gousha,lucia
katjepiering,
katlaps,
katleen,
katlin,
katmai,
katmandu,new,yahoo,tattoo,coo,slew,boo,stew,sue,woo,barbecue,brew,loo,glue,q,goo,true,queue,vu,accrue,vue,emu,yew,retinue,into,lulu,poo,undue,spew,tissue,subdue,zoo,bamboo,interview,ensue,overview,avenue,who,pursue,canoe,ingenue,construe,residue,ewe,redo,cuckoo,shrew,coup,hitherto,guru,dew,anew,few,askew,taboo,eschew,clue,debut,screw,crew,lieu,roux,revenue,undo,blue,breakthrough,mew,statue,shoe,purview,cue,you,que,hew,rendezvous,shue,ado,thru,skew,too,hue,flue,gnu,pew,chew,view,xu,renew,u,due,two,through,outdo,adieu,imbue,rue,strew,do,to,review,flu
katmon,
kato,chato,soweto,plato,mansueto,keto-,oliveto,spoleto,naito,tomatoe,keto,spoletto,cato,nato,caito
katogle,
katonah,
katowice,patois
katrina,galena,selena,semolina,pina,philomena,gallina,ina,domina,erina,davina,athena,lina,latina,alina,marina,catena,serafina,rena,messina,cadena,albina,salina,gardena,reina,sardina,seraphina,fraena,dina,rowena,argentina,mina,rosina,ianthina,sabrina,subpoena,cristina,tina,sabina,lena,spina,rina,sabena,cartagena,neenah,dena,siena,christina,herzegovina,veena,arena,concertina,vina,jeana,jena,medina,celina,avina,proserpina,regina,adina,krajina,serena,molina,melvina,vena,bettina,martina,hyena,sheena,purina,covina,cantina,zena,irina,catalina,cortina,xena,magdalena,faena,verbena,angelina,nina,ballerina,georgina,gina,hercegovina,valentina,alcina,macarena,farina,edina,pyrena,vaccina,florentina,mena,bina,patina,quina
katryna,
katrine,
katrinka,
kats,formats,platz,cats,flats,chats,thermostats,badavatz,plats,batts,mattes,ratz,platts,copycats,stats,brats,wombats,technocrats,patz,gnats,polecats,nats,batz,bats,bratz,doormats,matz,matts,datz,spats,diplomats,acrobats,bratsche,brickbats,thundercats,oshatz,hats,tsatske,aristocrats,dats,bratsk,aerostats,pussycats,katz,frats,rats,rosenblatts,coseratz,gatz,gratz,prats,ziggurats,wildcats,sprats,blatz,lats,hatz,thats,schatz,atz,vats,habitats,klatsch,kratz,caveats,splats,pats,laundromats,combats,scats,fats,statz,at-bats,shatz,lattes,bahts,plutocrats,satz,democrats,glatz,spatz,ratts,chatz,slats,mats,bureaucrats,blats,ghats,latz
katsina,
katsuyama,
katsunkel,
,
