hanson,franson,gansen,fransen,hanssen,johannsen,manson,sanson,ansin,janssen,danson,ransone,branson,janson,canson,sansone,johanson,ranson,ganson,jansson,johansen,jansen,anson,franssen,ansohn,hansson,hansen
hansteen,
hanston,
hansville,
hanswurst,
hant,
han't,
ha'nt,
hanted,
hanting,
hantle,
hantles,
hants,mantes,plantz,frantz,mantz,eggplants,underpants,shantz,granz,rants,grants,jantz,glantz,sweatpants,chants,kantz,pomerantz,rantz,hantz,aunts,confidants,plants,rembrandts,crants,lantz,rosenkranz,ants,pants,bantz,gantz,rantes,nantz,rosenkrantz,yantz,slants,brants,cants,tschantz,implants,transplants,nantes,mccants,schrantz,krantz,schantz,zaentz,ehrenkrantz,grantz,buckhantz,supplants,dantes
hanukkah,bonica,donica,japonica,monica,veronica,konica,microelettronica,harmonica,chanukah,telefonica
hanuman,
hanumans,
hanus,janus,buenos,greyness,anus,feyness,heinous,canus,gainous,manus,gayness,pandanus,deignous,nanus,vainness,grayness,saneness,plainness,ganus,planeness,veinous,ainus,louganis
hanway,vertebrae,mainstay,overlay,buffet,jay,splay,lay,display,delay,bouquet,dna,j,fey,slay,usa,prey,play,fiance,they,sway,may,day,hey,gray,re,protege,array,stay,gateway,gay,allay,tray,today,cache,sobriquet,soiree,yea,leeway,melee,lei,essay,cliche,spray,waylay,stray,convey,nay,way,resume,passe,fray,railway,pray,cafe,sunday,holiday,gainsay,survey,gourmet,ray,ok,repay,ballet,bay,dismay,fillet,astray,anyway,underway,asea,x-ray,portray,k,friday,heyday,obey,entree,yay,quay,decay,okay,pay,dossier,everyday,inlay,halfway,lingerie,say,sachet,valet,disarray,latte,clay,betray,relay,bray,hay,weigh,away,grey
hanzelin,
hao,bilbao,now,curacao,ciao,grau,kowtow,chow,aue,disallow,depauw,qiao,dow,brough,rau,pow,snowplow,tsingtao,endow,chao,howe,qingdao,fao,lough,yao,liao,skow,brau,luau,how,plow,dowe,frau,powwow,allow,blough,kao,anyhow,dao,sprow,cow,plough,bow,avow,sow,thau,lao,scow,blau,zhao,meow,mindanao,cau,powe,kau,thou,yow,bough,shough,gow,somehow,macao,disavow,highbrow,sao,cao,rao,xiao,brow,pao,tsao,vow,strough,thao,prow,tao,eyebrow,clough,macau,hau,wow,landau,lau,shao,bao,mao
haole,
haoles,
haoma,
haori,
haoris,
hap,bootstrap,dimetapp,trapp,rapp,trappe,papp,app,slap,shrap,trap,zap,rap,crap,schappe,mishap,flap,handicap,clapp,burlap,snap,scrap,mapp,ascap,overlap,mousetrap,yap,nsdap,tapp,tap,giap,cap,pap,kneecap,nappe,wrap,gap,lap,map,clap,wiretap,frappe,skycap,backslap,chap,entrap,yapp,frapp,madcap,frap,napp,sap,dapp,slapp,nap,zapp,unwrap,asap,stopgap,hubcap,stapp,kidnap,jap,recap,strap,catnap,flytrap,sapp,knapp,capp,lapp,kapp,shap
hapale,
hapalidae,
hapalote,
hapalotis,
hapax,
hapaxanthous,
hapaxes,
hapchance,
ha'penny,
ha'pennies,
haphazard,biohazard,hazard,hazzard
haphazardly,
haphazardness,
haphazardry,
haphophobia,
haphsiba,
haphtara,
haphtarah,haphtorah,haftorah,haftarah
haphtarahs,
haphtaroth,
hapi,
hapiton,
hapl-,
hapless,strapless,sapless,chapless,napless
haplessly,
haplessness,
haplessnesses,
haply,shapley,bapley,stapley,tapley,capley,rapley
haplite,
haplites,
haplitic,
haplo-,haplo,kaplow
haplobiont,
haplobiontic,
haplocaulescent,
haplochlamydeous,
haplodoci,
haplodon,
haplodont,
haplodonty,
haplography,
haploid,
haploidy,
haploidic,
haploidies,
haploids,
haplolaly,
haplology,
haplologic,
haploma,
haplome,
haplomi,
haplomid,
haplomitosis,
haplomous,
haplont,
haplontic,
haplonts,
haploperistomic,
haploperistomous,
haplopetalous,
haplophase,
haplophyte,
haplopia,
haplopias,
haploscope,
haploscopic,
haploses,
haplosis,
haplostemonous,
haplotype,
ha'p'orth,
happ,bootstrap,dimetapp,trapp,rapp,trappe,papp,app,slap,shrap,trap,zap,rap,crap,schappe,mishap,flap,handicap,clapp,burlap,snap,scrap,mapp,ascap,overlap,mousetrap,yap,nsdap,tapp,tap,hap,cap,giap,pap,kneecap,nappe,wrap,gap,lap,map,clap,wiretap,frappe,skycap,backslap,chap,entrap,yapp,frapp,madcap,frap,napp,sap,dapp,slapp,nap,zapp,unwrap,asap,stopgap,hubcap,stapp,kidnap,jap,recap,strap,catnap,flytrap,sapp,knapp,capp,lapp,kapp,shap
happed,wrapped,napped,snapped,handicapped,rapped,wrapt,clapped,unwrapped,slapped,untapped,adapt,crapped,chapped,wiretapped,trapped,kidnapped,knapped,kidnaped,yapped,zapped,entrapped,sapped,rapt,frapped,flapped,overlapped,apt,mapped,tapped,chaped,recapped,scrapped,kept,capped,gapped,dapped,craped,burlapped,lapped,strapped
happen,papen,lapin,tappin,rappen,tappen,tappan,lappen,misshapen
happenchance,
happened,
happening,
happenings,
happens,
happenstance,enhance,advance,mance,pomerance,alamance,pance,nance,danse,anse,hance,transe,dansk,schanz,flashdance,mccance,glance,france,hanse,prance,rance,finance,crance,schranz,expanse,stance,trance,lafrance,romance,lanseh,freelance,pomeranz,underfinance,manse,askance,chance,dance,vance,lance,refinance,circumstance,perchance,sundance
happer,
happy,zappy,chappie,scrappy,crapy,tapie,hllapi,strappy,snappy,mapi,sappy,trappy,unhappy,slaphappy,chappy,nappy,flappy,rappee,slappey,nappi,gappy,happi,pappi,yappy,nsapi,pappy,cappy,tsapi
happier,gappier,crappier,nappier,frappier,scrappier,snappier,sappier
happiest,sappiest,scrappiest,gappiest,crappiest,snappiest
happify,
happy-go-lucky,
happy-go-luckyism,
happy-go-luckiness,
happiless,
happily,dinapoli,appley,napoli,unhappily
happiness,scrappiness,snappiness,unhappiness,sappiness,nappiness
happing,frapping,gapping,trapping,napping,slapping,overlapping,lapping,chapping,backslapping,mapping,sapping,craping,flapping,kidnapping,yapping,snapping,scrapping,crapping,tapping,clapping,wiretapping,knapping,rapping,handicapping,capping,recapping,zapping,dapping,strapping,kidnaping,unwrapping,wrapping
haps,
hapsburg,habsburg
hapte,
hapten,
haptene,
haptenes,
haptenic,
haptens,
haptera,
haptere,
hapteron,apteran
haptic,
haptical,
haptics,
haptoglobin,
haptometer,
haptophobia,
haptophor,
haptophoric,
haptophorous,
haptor,
haptotropic,
haptotropically,
haptotropism,
hapu,
hapuku,
haquebut,
haqueton,
hara,cerra,barrera,farrah,terra,ranchera,fichera,thera,riviera,sclera,cara,rivera,gerah,mwera,silvera,escalera,cervera,figueira,svizzera,aguilera,avera,ceroplasty,guerra,bera,serra,perera,berra,barbera,tavera,caldera,olivera,canberra,terre,matera,kera,primavera,vieira,tenera,mascara,zera,silveira,valera,kundera,moreira,sahara,sferra,para,ferra,nogueira,kara,sarah,basara,erra,leora,cera,becerra,vera,teixeira,era,mcnamara,higuera,severa,madera,naira,farah,para-,clara,najera,provera,cabrera,ribera,carrera,fera,terah,ohara,pereira,olvera,patera,sequeira,gera,tara,guayabera,tera-,frontera,chimera,sara,kuchera,sierra,altera,darragh,herrera,cartera
harace,
harahan,bogeyman,sandman,hitman,japan,bran,gan,batman,kazakhstan,ban,fisherman,yan,than,skean,caravan,cyan,ann,loran,superman,chan,gran,deadpan,sedan,divan,tarzan,bedpan,afghan,tristan,span,jan,afghanistan,milan,kan,moulin,clergyman,lan,iran,madman,cancan,helmsman,lifespan,zan,tran,ran,handyman,taliban,pan,plan,klan,ferdinand,nan,strongman,middleman,van,tan,snowman,quean,caveman,liane,hann,san,mann,minuteman,scan,moran,shan,an,kinsman,began,suntan,bhutan,rattan,saran,flan,pakistan,can,cannes,sideman,doorman,pecan,gamesman,caftan,catamaran,stan,businessman,sudan,saucepan,anne,anchorman,quran,man,scran,journeyman,fan,rodin,dan,merman,clan
haraya,
harakeke,
hara-kin,
harakiri,aracari
hara-kiri,hariri,spizzirri,barbieri,biery,mcleary,dreary,altieri,thiery,cleary,theory,leery,olivieri,arcieri,beary,mcelderry,camire,deary,caligiuri,alfieri,keary,pirry,carriere,laverdiere,bleary,buccieri,geary,beery,carpentieri,kiri,eerie,pirie,lettieri,gualtieri,facemire,mccleery,amiri,balestrieri,erie,barriere,cavaliere,deery,teary,thiry,bieri,derre,mccleary,mccreery,caliri,diery,jiri,ruggieri,siri,bessire,mccreary,wiry,leary,yeary,weary,argentieri,eary,guarnieri,cavalieri,oleary,guerrieri,dehere,neary,martire,cheery
harald,snarled
haralson,harelson,harralson
haram,muharram,marum,sarum,karam,carum,param,tarim,harim,maremme,larum,carrom,garum,carom
harambee,
harang,
harangue,nang,wang,kuomintang,chiang,rang,tsang,cangue,hang,ylang-ylang,krang,slang,huang,mustang,verdinsgang,pang,trang,ang,mang,kang,nanchang,hwang,schlang,langue,tang,shenyang,baoguang,tsiang,boomerang,strang,shang,stang,spang,dang,liang,clang,mangue,xinjiang,tunkelang,xiaogang,overhang,whang,sang,yang,chuang,lang,pyongyang,siang,bang,gangue,jang,hangsang,sprang,flang,zhang,klang,ziyang,lange,bhang,crang,zang,tangue,li-kang,vang,chang,durang,drang,gang,wolfgang,fang,prang,thang
harangued,boomeranged,danged,tanged,ganged,slanged,hanged,clanged,fanged,banged
harangueful,
haranguer,
haranguers,
harangues,bangs,slangs,hangs,mustangs,tangs,overhangs,fangs,pangs,clangs,gangs
haranguing,hanging,banging,overhanging,slanging,tanging,clanging,ganging
harappa,
harappan,
harar,squarer,terror,kehrer,standard-bearer,airer,lehrer,preparer,ferrer,error,sherrer,terrar,scharer,scherrer,scarer,bearer,barer,parer,wearer,snarer,fairer,rarer,sharer,sparer,harer,carer,starer,seafarer,stretcher-bearer,mehrer,pairer,farer,darer
harare,ferrari,decesare,licari,altomare,sorry,cribari,pary,chary,safari,mari,lazzari,halbutogullari,laurie,amari,montanari,canevari,villari,albukhari,ansari,callari,frory,atari,molinari,abare,legare,saari,lamarre,lipari,dicesare,kuranari,cagliari,gaspari,sari,starry,furnari,vari,laari,imari,hari,baldassarre,mascari,baldassari,amakudari,zangari,knarry,callegari,lohrey,dibari,gortari,solari,massari,correi,anbari,shari,gharry,funari,jarry,centauri,baccari,gari,lauri,vicari,scolari,baldassare,calamari,popolare,cundari,ari,bottari,macari,ulibarri,sparry,degutare,butare,bihari,colombari,dimare,zary,bari
hararese,
harari,
haras,
harass,frass,overpass,casque,plexiglass,landmass,gas,bass,trespass,chasse,kvass,casse,contrasts,glass,basse,morass,brasse,spyglass,blass,outclass,sass,lasse,plexiglas,impasse,smartass,das,eelgrass,pass,eyeglass,tass,fiberglass,amass,masse,sas,middle-class,sunglass,bypass,bluegrass,wrasse,cas,vass,alas,jackass,sasse,snodgrass,underpass,ass,repass,surpass,lass,cass,bras,tasse,rasse,strass,mass,fass,gras,underclass,trass,hourglass,plas,brass,alsace,nass,crass,yass,hass,grasse,class,last,ras,sassafras,glas,grass
harassable,
harassed,classed,vast,hast,plast,mast-,tillinghast,miscast,typecast,downcast,belfast,outcast,colorfast,newscast,assed,sassed,brast,gast,overcast,chloroplast,blast,rebroadcast,holdfast,triplecast,passed,superfast,qualcast,surpassed,glassed,amassed,lymphoblast,outlast,ghast,forecast,telecast,mast,grassed,pendergast,comcast,unsurpassed,massed,aghast,rast,contrast,enthusiast,blast-,lambaste,podcast,polycast,amcast,recast,bast,asked,everlast,iconoclast,caste,outclassed,bypassed,snast,nast,prendergast,precast,sandblast,lightfast,past,cast,chast,steadfast,ast,broadcast,flabbergast,clast,kast,fast,last,gassed,simulcast
harassedly,
harasser,masser,brasseur,nasser,cassar,crasser,vassar,vasser,passer,vasseur,nassar,masur,grasser,asser,lasser,yasser,strasser,glasser,massar,masseur,kassar,sasser,gasser,placer
harassers,grassers,passers,masseurs
harasses,gases,masses,fasces,morasses,overpasses,eyeglasses,bypasses,basses,hourglasses,molasses,classes,thasos,sunglasses,tasses,brasses,outclasses,wrasses,surpasses,agassiz,asses,passes,landmasses,boardingpasses,lasses,grasses,amasses,glasses,gasses
harassing,hassing,kassing,glassing,amassing,classing,maseng,bypassing,trespassing,outclassing,massing,surpassing,gassing,grassing,sassing,passing,paseng,pasang
harassingly,
harassment,passement
harassments,
harassness,
harassnesses,
harast,
haratch,
harateen,
haratin,
haraucana,
harb,rhubarb,arb,aldicarb,golfarb,schlarb,barb,garbe,goldfarb,barbe,farb,himmelfarb,carb-,zarb,srinagarb,garb
harbard,
harberd,
harbergage,
harbert,tarbert
harbeson,harbison
harbi,
harbin,farben,carbin,karban,barbin,fluorocarbon,hydrocarbon,carbon,darbonne,charbon,narbonne
harbinge,
harbinger,
harbingery,
harbinger-of-spring,
harbingers,
harbingership,
harbingers-of-spring,
harbird,
harbison,harbeson
harbona,
harbor,arbour,barbar,garber,arbor,farber,karber,barbour,yarber,barber,sharber,harbour,pearl-harbor,sarber,harber,barbre
harborage,
harbored,starboard,barbered,arbored
harborer,
harborers,
harborful,
harboring,barbering
harborless,
harbormaster,
harborough,
harborous,barbarous,arborous,barberis
harbors,garbers,arbors,barbers
harborside,chide,landslide,complied,ide,curbside,justified,vide,plied,certified,genocide,backside,decried,hyde,fratricide,ratified,preoccupied,cyanide,allied,peroxide,bromide,pride,blindside,cockeyed,dignified,guide,glide,shied,subside,countryside,multiplied,abide,unified,fide,preside,downside,yuletide,pied,lied,pried,dioxide,bide,stride,modified,homicide,dried,petrified,denied,outside,collide,applied,hide,upside,divide,broadside,seaside,qualified,side,defied,beside,eyed,deride,tried,suicide,oxide,override,ride,fortified,satisfied,bonafide,amplified,snide,worldwide,aside,alongside,mortified,pesticide,stratified,coincide,occupied,betide,astride,classified,wayside,reside,decide,bride,tide,belied,inside,backslide,confide,diversified,terrified,provide,slide,apartheid,tied,implied,wide
harborton,
harborward,
harbot,
harbour,arbour,barbar,harbor,garber,arbor,farber,karber,barbour,yarber,barber,sharber,pearl-harbor,sarber,harber,barbre
harbourage,
harboured,
harbourer,
harbouring,
harbourless,
harbourous,
harbours,arbours
harbourside,
harbourward,
harbrough,
harco,
harcourt,import,retort,quart,assort,shreveport,transport,freeport,misreport,support,torte,laporte,thwart,skort,contort,fort,sort,purport,ort,report,tort,distort,agincourt,cort,consort,dort,davenport,carport,rapaport,cavort,forte,norte,foret,athwart,porte,passport,corte,spaceport,seaport,quarte,bridgeport,extort,snort,teleport,deport,kennebunkport,allport,boart,short,zwart,westport,rockport,port,kort,korte,bort,underreport,reexport,sport,comport,airport,abort,swart,wart,escort,mort,southport,ct,gort,exhort,resort,stuart,court
hard,canard,fugard,barnard,boatyard,graveyard,mastercard,barde,chard,belgard,broussard,wildcard,regard,stockyard,carde,knarred,bouchard,ard,retard,scorecard,tarred,avant-garde,gnarred,brickyard,blowhard,barnyard,shard,backyard,charred,gerard,tared,vanguard,starred,godard,jarred,garde,vcard,schoolyard,barred,lazard,gaspard,scard,flashcard,bombard,menard,yard,shipyard,bankcard,lifeguard,billard,courtyard,scarred,card,bard,dockyard,blvd,lard,dillard,parred,disregard,picard,junkyard,diehard,disbarred,renard,bodyguard,lumberyard,sparred,chouinard,bernard,safeguard,churchyard,boulevard,discard,nard,beauregard,bongard,leotard,marred,gard,postcard,pickard,guard,farmyard
hard-acquired,
harday,
hardan,
hard-and-fast,
hard-and-fastness,
hardanger,
hardaway,vertebrae,mainstay,overlay,buffet,jay,splay,lay,display,delay,bouquet,dna,j,fey,slay,usa,prey,play,fiance,they,sway,may,day,hey,gray,re,protege,array,stay,gateway,gay,allay,tray,today,cache,sobriquet,soiree,yea,leeway,melee,lei,essay,cliche,spray,waylay,stray,convey,nay,way,resume,passe,fray,railway,pray,cafe,sunday,holiday,gainsay,survey,gourmet,ray,ok,repay,ballet,bay,dismay,fillet,astray,anyway,underway,asea,x-ray,portray,k,friday,heyday,obey,entree,yay,quay,decay,okay,pay,dossier,everyday,inlay,halfway,lingerie,say,sachet,valet,disarray,latte,clay,betray,relay,bray,hay,weigh,away,grey
hardback,hijack,tack,humpback,cutback,knapsack,quack,dak,piggyback,mack,skipjack,almanac,kickback,flashback,amnesiac,cognac,fac,tarmac,jacques,megalomaniac,ack,lac,cardiac,ransack,aback,hack,cadillac,plack,crack,blackjack,maniac,wisecrack,stack,lumberjack,plaque,hatchback,pontiac,lack,thwack,flapjack,shack,eniac,paque,flak,feedback,jack,slack,soundtrack,payback,rollback,setback,clack,whack,yack,anorak,zodiac,drawback,quarterback,smack,pack,frack,bushwhack,track,greenback,flack,back,sac,backpack,wrack,rucksack,wack,insomniac,unpack,yak,lilac,comeback,claque,nymphomaniac,tac,sidetrack,black,mac,knickknack,brack,counterattack,razorback,sack,knack,rack,snack,pak,fallback,outback,throwback,backtrack,kodak,attack,chirac,pac
hardbacks,
hardbake,
hard-bake,
hard-baked,
hardball,windfall,spall,volleyball,stall,brawl,neanderthal,caul,tal,thrall,overall,catchall,befall,butterball,aerosol,crawl,forestall,dahl,nightfall,retinol,ball,trawl,dall,basketball,cannonball,sprawl,wall,tall,fastball,alcohol,raul,shortfall,senegal,football,drywall,screwball,pratfall,mall,catcall,nepal,coll,mothball,cholesterol,cortisol,natal,bawl,call,bol,rainfall,cabal,banal,eyeball,landfall,waterfall,oddball,recall,scrawl,luminol,freefall,sol,ethanol,protocol,meatball,paul,blackball,atoll,maul,shawl,enthral,pitfall,gall,moll,squall,hall,small,snowball,stonewall,baseball,install,downfall,all,loll,pall,gaul,dol,softball,fireball,pol,drawl,wherewithal,handball,overhaul,fall,saul,footfall,doll,mol,haul,appall
hardballs,
hard-barked,
hardbeam,
hard-beating,
hardberry,
hard-bill,
hard-billed,
hard-biting,
hard-bitted,
hard-bitten,
hard-bittenness,
hardboard,gaylord,snowboard,scored,notochord,gored,reboard,floored,scoreboard,bored,implored,afford,clapboard,fingerboard,hord,storyboard,outboard,reward,overboard,adored,onboard,headboard,hoard,aboveboard,landlord,clavichord,explored,aboard,njord,ward,fjord,harpsichord,concorde,chessboard,cardboard,untoward,switchboard,horde,checkerboard,lord,underscored,springboard,sward,dartboard,inboard,paperboard,clipboard,verwoerd,roared,cord,record,concord,board,unexplored,baseboard,overlord,pegboard,broadsword,award,toward,fnord,warlord,skateboard,deplored,abhorred,accord,dashboard,ford,chord,pored,wallboard,acord,surfboard,soared,restored,mord,billboard,washboard,gourd,fiberboard,floorboard,seaboard,poured,nord,chipboard,smorgasbord,oared,blackboard,ord,stored,keyboard,sword,ignored
hard-boil,
hardboiled,
hard-boiled,
hard-boiledness,
hard-boned,
hardboot,
hardboots,
hardbought,
hard-bought,
hardbound,
hard-bred,
hardburly,
hardcase,
hard-coated,
hard-contested,
hard-cooked,
hardcopy,
hardcore,furthermore,salvador,ore,cor,mor,underscore,score,door,four,deplore,sophomore,implore,uproar,orr,dinosaur,ashore,nor,or,therefore,labrador,drawer,singapore,dore,before,pore,eyesore,moore,shore,therefor,centaur,roar,crore,chore,stevedore,sycamore,restore,evermore,your,floor,indoor,boer,whore,snore,oar,offshore,swore,explore,gore,tor,galore,mentor,outdoor,sore,store,doar,yore,folklore,troubadour,anymore,commodore,heretofore,drugstore,onshore,guarantor,flor,corps,lore,backdoor,adore,matador,spore,dior,war,herbivore,bore,thor,lor,core,ignore,wore,hoar,encore,ecuador,tore,boar,abhor,bookstore,soar,decor,torr,for,fore,rapport,pour,carnivore,more,seashore
hard-core,
hardcover,gover,undercover,uncover,shover,hover,discover,plover,rediscover,cover,recover,lover,glover
hardcovered,
hardcovers,discovers,quivers,lovers,uncovers,vivers,plovers,recovers,covers,hovers
hard-cured,
hardden,
hard-drawn,
hard-dried,
hard-drying,
hard-drinking,
hard-driven,
hard-driving,
hard-earned,
hardecanute,
hardedge,
hard-edge,
hard-edged,
hardeeville,
hard-eyed,
hardej,
harden,cardin,teegarden,hardin,gardin,garden,carden,marden,bardin,lustgarten,gelardin,dardan,ardon,teagarden,jardin,pardon,chardin,sardan,barden,janardhan,parden,rardon,gardon,guardin,ardin,darden,varden,mardon,arden
hardenability,
hardenable,
hardenberg,
hardenbergia,
hardened,pardoned,gardened
hardenedness,
hardener,gardener,pardoner
hardeners,gardeners
hardening,pardoning,gardening
hardenite,
hardens,pardons,gardens,ardennes
hardenville,
harder,ardor,yarder,marder,carder,guarder,gaarder,larder,dedeurwaerder
harderian,
hardest,
hardesty,hardisty
hard-faced,
hard-fated,
hard-favored,
hard-favoredness,
hard-favoured,
hard-favouredness,
hard-feathered,
hard-featured,
hard-featuredness,
hard-fed,
hardfern,
hard-fighting,
hard-finished,
hard-fired,
hardfist,
hardfisted,hard-fisted
hard-fisted,hardfisted
hardfistedness,
hard-fistedness,
hard-fleshed,
hard-fought,
hard-gained,
hard-got,
hard-grained,
hardhack,
hardhacks,
hard-haired,
hardhanded,
hard-handed,
hardhandedness,
hard-handled,
hardhat,hard-hat
hard-hat,hardhat
hardhats,
hardhead,bloodshed,lead,retread,shed,ged,shithead,roundhead,read,led,bred,arrowhead,bulkhead,abed,embed,inbred,med,hotbed,thread,fed,butthead,misread,trailhead,ed,figurehead,spread,wed,reade,aforesaid,imbed,tread,copperhead,coed,egghead,thoroughbred,watershed,drumhead,beachhead,head,blockhead,bedspread,woodshed,homestead,shred,bed,unwed,seabed,fred,infrared,airhead,bled,letterhead,cornbread,skinhead,dread,ned,ahead,wellhead,ted,zed,pled,newlywed,dead,stead,redhead,dred,flathead,masthead,said,purebred,fled,swed,sled,riverbed,whitehead,redd,behead,shead,freda,godhead,farmstead,misled,overhead,widespread,bullhead,deadhead,deathbed,warhead,pwned,bridgehead,spearhead,red,gingerbread,bread,bobsled,featherbed,loggerhead,flatbed,sped,instead
hardheaded,redheaded,headed,sledded,homesteaded,beheaded,dreaded,shedded,bedded,imbedded,spearheaded,muddleheaded,wrongheaded,wedded,threaded,unleaded,tedded,embedded,lightheaded,shredded,leaded,breaded
hard-headed,
hardheadedly,
hardheadedness,
hardheads,
hard-heart,
hardhearted,hard-hearted
hard-hearted,hardhearted
hardheartedly,
hardheartedness,
hardheartednesses,
hardhewer,
hard-hit,
hard-hitting,
hardi,velarde,bernardy,shardy,azzopardi,hardey,belgarde,giardi,berardi,velardi,debernardi,clardy,gherardi,riccardi,mastronardi,bardy,gagliardi,gilardi,viscardi,lombardi,lusardi,dioguardi,hardy,nardi,leonardi,cardie,cardi-,lagarde,foolhardy,licciardi,gerardi,ilardi,cardi,tardy,pardy,bacardi,biscardi,cardy,yardie,ricciardi,gelardi,lardy,pardee,mardi,girardi,accardi,pardi,bernardi,ierardi,gilliardi,longobardi,hardie
hardy,velarde,bernardy,shardy,azzopardi,hardey,belgarde,giardi,berardi,velardi,debernardi,clardy,gherardi,riccardi,mastronardi,bardy,gagliardi,gilardi,viscardi,lombardi,lusardi,dioguardi,nardi,leonardi,cardie,cardi-,lagarde,foolhardy,licciardi,gerardi,ilardi,cardi,tardy,pardy,hardi,bacardi,biscardi,cardy,yardie,ricciardi,gelardi,lardy,pardee,mardi,girardi,accardi,pardi,bernardi,ierardi,gilliardi,longobardi,hardie
hardicanute,
hardie,velarde,bernardy,shardy,azzopardi,hardey,belgarde,giardi,berardi,velardi,debernardi,clardy,gherardi,riccardi,mastronardi,bardy,gagliardi,gilardi,viscardi,lombardi,lusardi,dioguardi,hardy,nardi,leonardi,cardie,cardi-,lagarde,foolhardy,licciardi,gerardi,ilardi,cardi,tardy,pardy,hardi,bacardi,biscardi,cardy,yardie,ricciardi,gelardi,lardy,pardee,mardi,girardi,accardi,pardi,bernardi,ierardi,gilliardi,longobardi
hardier,tardier
hardies,tardis
hardiesse,
hardiest,tardiest
hardigg,
hardihead,
hardyhead,
hardihood,
hardily,tardily
hardim,
hardiment,
hardin,cardin,teegarden,harden,gardin,garden,carden,marden,bardin,lustgarten,gelardin,dardan,ardon,teagarden,jardin,pardon,chardin,sardan,barden,janardhan,parden,rardon,gardon,guardin,ardin,darden,varden,mardon,arden
hardiness,tardiness
hardinesses,
harding,larding,safeguarding,regarding,barding,bombarding,disregarding,guarding,retarding,yardang,carding,discarding,yarding
hardinsburg,
hard-iron,
hardish,bardish
hardishrew,
hardystonite,
hardyville,
hard-laid,
hard-learned,
hardly,yardley,ardley
hardline,grapevine,cline,hotline,fine,baseline,headline,swine,saccharine,ballantine,design,equine,brine,online,sign,pine,twine,align,canine,stein,lupine,byline,nine,decline,crystalline,whine,shrine,bovine,alpine,concubine,outshine,enshrine,thine,outline,devine,undermine,borderline,resign,intertwine,vine,chine,dine,palatine,genuine,shine,divine,asinine,lifeline,skyline,consign,assign,mine,feline,punchline,define,stine,valentine,line,sine,storyline,opine,dopamine,tagline,trine,moonshine,turpentine,entwine,porcupine,pipeline,refine,incline,rine,underline,deadline,benign,malign,eglantine,iodine,serpentine,supine,endocrine,affine,aline,tine,airline,byzantine,sideline,fein,wine,zine,alkaline,combine,spine,confine,streamline,frontline,sunshine,spline,guideline,quinine
hard-line,
hard-living,
hard-looking,
hardman,hardeman,vardeman
hard-minded,
hardmouth,
hardmouthed,
hard-mouthed,
hard-natured,
hardner,
hardness,
hardnesses,
hardnose,
hard-nosed,
hard-nosedness,
hardock,bardic,hardick,dardic,marduk,sephardic
hard-of-hearing,
hardpan,
hard-pan,
hardpans,
hard-plucked,
hard-pressed,
hard-pushed,
hard-ridden,
hard-riding,
hard-run,
hards,yards,nards,courtyards,shipyards,shards,bankcards,discards,boulevards,backyards,scorecards,regards,junkyards,postcards,bodyguards,lifeguards,disregards,lards,sards,diehards,mastercards,guards,stockyards,blowhards,cards,safeguards,bernards,hildegardes,retards,flashcards,graveyards,lumberyards,datacards,bards,jards
hardsalt,
hardscrabble,knabble,gabble,rabaul,grabble,flabel,vrabel,scabble,mabble,fabel,brabble,dabble,nabal,babel,rabel,babble,grabel,babul,abhal,habel,schabel,rabble,crabill,gabelle,immeasurable,drabble,scrabble,schnabel,psychobabble,kabel,krabill
hardset,
hard-set,
hardshell,
hard-shell,
hard-shelled,
hardship,guardship,bardship
hardships,
hardship's,
hard-skinned,
hard-spirited,
hard-spun,
hardstand,
hardstanding,
hardstands,
hard-surface,
hard-surfaced,
hard-swearing,
hardtack,
hard-tack,
hardtacks,
hardtail,
hardtails,
hard-timbered,
hardtner,
hardtop,
hardtops,
hard-trotting,
hardunn,
hard-upness,
hard-uppishness,
hard-used,
hard-visaged,
hardway,vertebrae,mainstay,overlay,buffet,jay,splay,lay,display,delay,bouquet,dna,j,fey,slay,usa,prey,play,fiance,they,sway,may,day,hey,gray,re,protege,array,stay,gateway,gay,allay,tray,today,cache,sobriquet,soiree,yea,leeway,melee,lei,essay,cliche,spray,waylay,stray,convey,nay,way,resume,passe,fray,railway,pray,cafe,sunday,holiday,gainsay,survey,gourmet,ray,ok,repay,ballet,bay,dismay,fillet,astray,anyway,underway,asea,x-ray,portray,k,friday,heyday,obey,entree,yay,quay,decay,okay,pay,dossier,everyday,inlay,halfway,lingerie,say,sachet,valet,disarray,latte,clay,betray,relay,bray,hay,weigh,away,grey
hardwall,
hardware,pare,cookware,hare,malware,square,prepare,faire,share,elsewhere,flair,compare,stair,warfare,nowhere,mare,aer,millionaire,fanfare,questionnaire,debonair,affair,terre,snare,nightmare,eyre,guerre,clair,footwear,unaware,ware,lair,forebear,fare,impair,dare,forswear,mer,extraordinaire,everywhere,solitaire,software,blair,anywhere,lare,chair,care,stare,earthenware,altair,doctrinaire,ensnare,aware,medicare,err,flare,beware,thoroughfare,claire,hair,repair,wear,their,fair,bear,threadbare,childcare,airfare,glare,blare,air,heir,mohair,delaware,despair,cher,healthcare,scare,spare,where,declare,rare,underwear,gare,ere,welfare,pair,pear,bair,armchair,dispair,daycare,swear,timeshare,tear,bare,there,prayer,unfair
hardwareman,
hardwares,
hard-wearing,
hardweed,
hardwick,nightstick,kwik,realpolitik,dipstick,broomstick,thilk,pick,mic,yardstick,bailiwick,fick,spic,quick,nick,snick,hick,whilk,klick,sic,slapstick,homesick,handpick,schtick,triassic,lipstick,politic,wrick,frick,dic,picnic,joystick,firebrick,nonstick,prick,wick,chick,rick,ric,pik,vic,crick,slick,bic,peacenik,rilke,blick,candlestick,strick,nik,click,uptick,thick,glick,knick,spick,bolshevik,schick,ostpolitik,lasik,trick,lick,sidekick,shtick,stick,lunatic,quik,dick,kick,seasick,mick,impolitic,gick,kubrick,vick,nic,bick,arithmetic,sick,mc,wyk,tic,tick,flick,pickwick,chopstick,bric,brick,toothpick,pic
hardwicke,
hardwickia,
hardwire,
hardwired,hard-wired
hard-witted,
hard-won,hardwin
hardwood,sainthood,pulpwood,marwood,dagwood,neighborhood,good,logwood,hollywood,ironwood,rosewood,adulthood,atwood,redwood,boyhood,osgood,greenwood,misunderstood,plywood,smallwood,hood,devilwood,likelihood,goode,should,knighthood,elwood,isherwood,schuld,babyhood,sherwood,rockwood,tanglewood,littlewood,beechwood,wormwood,inglewood,haywood,blackwood,motherhood,deadwood,manhood,boxwood,childhood,girlhood,eastwood,ravenswood,driftwood,wedgwood,parenthood,silkwood,could,withstood,statehood,fatherhood,heywood,underwood,heartwood,stood,englewood,livelihood,womanhood,kenwood,allgood,understood,corkwood,hazelwood,would,wedgewood,wildwood,softwood,leatherwood,nationhood,firewood,brotherhood,cottonwood,elmwood,collingwood,brentwood,fleetwood,victimhood,greasewood,falsehood,edgewood,wood,teakwood,dogwood,westwood,oakwood
hard-wooded,
hardwoods,livelihoods,cottonwoods,falsehoods,dogwoods,childhoods,presswoods,redwoods,hardgoods,hoods,neighborhoods,woods,foxwoods,wildwoods,backwoods,goods,underwoods,makegoods,attwoods
hard-worked,
hardworking,working,jerking,reworking,clerking,frerking,werking,lurking,smirking,networking,overworking,metalworking,perking,burking,woodworking,shirking
hard-working,
hard-wrought,
hard-wrung,
hare,hardware,pare,cookware,malware,square,prepare,faire,share,elsewhere,flair,compare,stair,warfare,nowhere,mare,aer,millionaire,fanfare,questionnaire,debonair,affair,terre,snare,nightmare,eyre,guerre,clair,footwear,unaware,ware,lair,forebear,fare,impair,dare,forswear,mer,extraordinaire,everywhere,solitaire,software,blair,anywhere,lare,chair,care,stare,earthenware,altair,doctrinaire,ensnare,aware,medicare,err,flare,beware,thoroughfare,claire,hair,repair,wear,their,fair,bear,threadbare,childcare,airfare,glare,blare,air,heir,mohair,delaware,despair,cher,healthcare,scare,spare,where,declare,rare,underwear,gare,ere,welfare,pair,pear,bair,armchair,dispair,daycare,swear,timeshare,tear,bare,there,prayer,unfair
harebell,hairbell
harebells,
harebottle,
harebrain,
hare-brain,
harebrained,caned,unconstrained,waned,abstained,retrained,unrestrained,outgained,rained,self-contained,disdained,arraigned,untrained,constrained,retained,trained,detained,ingrained,campaigned,ordained,brained,stained,preordained,reigned,deigned,feigned,entertained,complained,pertained,chained,contained,strained,grained,paned,plained,bloodstained,gained,unstained,maned,planed,craned,veined,drained,reined,unexplained,obtained,refrained,sprained,attained,pained,restrained,explained,ascertained,sustained,maintained,regained,remained
hare-brained,
harebrainedly,
harebrainedness,
harebur,
hared,baird,cared,prepared,haired,shorthaired,wared,fared,scared,ensnared,stared,faired,declared,erred,pared,zared,squared,aired,snared,spared,bared,aird,chaired,impaired,glared,shared,laird,flared,compared,paired,unprepared,despaired,repaired,unimpaired,undeclared,blared,dared
hare-eyed,
hareem,trireme,spireme
hareems,
hare-finder,
harefoot,
harefooted,
harehearted,
harehound,
hareld,caroled,carolled,barreled,barrelled,harreld,ariled
harelda,
harelike,
harelip,
hare-lip,
harelipped,
harelips,
harem,ceram,ferrum,tarom,gerome,geserum,lerum,arum
hare-mad,
haremism,
haremlik,
harems,caroms
harengiform,
harenut,
hares,americares,chaires,lairs,fairs,hairs,dares,freres,gerres,heirs,bears,nightmares,prayers,tears,theirs,wares,pairs,snares,mares,daycares,jares,affairs,bares,thoroughfares,wears,backstairs,flares,errs,millionaires,bures,repairs,bankshares,berres,forebears,stairs,prepares,khmers,gehres,chairs,declares,scares,questionnaires,squares,pares,frontieres,housewares,pears,billionaires,airs,armchairs,fiduciares,stares,unawares,phares,downstairs,wheelchairs,theres,xers,multimillionaires,despairs,impairs,legionnaires,airfares,upstairs,faires,glares,sayres,blares,fares,ensnares,somewheres,cares,compares,mairs,shares,spares,ayres,swears
hare's,
hare's-ear,
hare's-foot,
harewood,sainthood,pulpwood,marwood,dagwood,neighborhood,good,logwood,hollywood,ironwood,rosewood,adulthood,atwood,redwood,boyhood,osgood,greenwood,misunderstood,plywood,smallwood,hood,devilwood,likelihood,goode,should,knighthood,elwood,isherwood,schuld,babyhood,sherwood,rockwood,tanglewood,littlewood,beechwood,wormwood,inglewood,haywood,blackwood,motherhood,deadwood,manhood,boxwood,childhood,girlhood,eastwood,ravenswood,driftwood,wedgwood,parenthood,silkwood,could,withstood,statehood,fatherhood,heywood,underwood,heartwood,stood,hardwood,livelihood,womanhood,englewood,kenwood,allgood,understood,corkwood,hazelwood,would,wedgewood,wildwood,softwood,leatherwood,nationhood,firewood,brotherhood,cottonwood,elmwood,collingwood,brentwood,fleetwood,victimhood,greasewood,falsehood,edgewood,wood,teakwood,dogwood,westwood,oakwood
harfang,barfing,snarfing,scarfing
harford,
hargeisa,
hargesia,
hargill,
hargreaves,weaves,recitatives,misperceives,sleeves,relieves,reeves,gleaves,greaves,neves,reves,teves,sheaves,cleaves,cleves,cheves,leaves,eves,rieves,perceives,shreves,receives,eaves,peeves,achieves,thieves,steeves,jeeves,interleaves,believes,neaves,heaves,reaves,retrieves,treves,steves,grieves,misconceives
harhay,
hariana,
haryana,botswana,ronna,nirvana,tawana,parana,bonadonna,ana,digiovanna,bwana,ivanna,nona-,shawna,dwana,mauna,liana,ivana,wanta,biana,wanna,briana,akana,benihana,lackawanna,alanna,donna,guiana,susana,ilana,tatyana,zuzana,nona,mana,tswana,sana,mahayana,marianna,caronna,bophuthatswana,tatiana,chauna,svetlana,gauna,donau,trona,silvana,sebastiana,umana,juana,shauna,agana,fauna,aulana,didonna,tijuana,marijuana,lianna,santayana,sauna,guyana,scianna,madonna,dominicana,gonna,iguana
harianas,
harico,
haricot,paroket,paraquet,parroket,paroquet,parroquet
haricots,
harier,marier,merrier,berrier,farrier,burier,guerrier,verier,varier,glarier,carrier,scarier,verrier,airier,perrier,terrier,barrier,harrier,ferrier,cherrier
hariffe,
harigalds,
harijan,
harijans,
harikari,
hari-kari,
harilda,
harim,muharram,marum,sarum,karam,carum,param,tarim,maremme,larum,carrom,garum,haram,carom
haring,daring,caring,scaring,pairing,meringue,gehring,zaring,tearing,sharing,flaring,bering,blaring,staring,wearing,impairing,manwaring,zeringue,overbearing,bearing,paring,unsparing,uncaring,red-herring,schering,repairing,sparing,derring,fairing,mehring,garing,childbearing,declaring,raring,nehring,wareing,waring,squaring,despairing,herring,snaring,chairing,baring,zehring,serang,maring,preparing,glaring,swearing,comparing,behring,mainwaring,fehring
haringey,
harynges,
hariolate,
hariolation,
hariolize,
harish,squarish,barish,cherish,warish,garish,buresh,marish,fairish,parrish,gerrish,farish,bearish,perish,nightmarish,parish
hark,disembark,marke,skylark,postmark,saarc,matriarch,sparc,denmark,goldmark,demark,starke,karch,quark,birthmark,starc,hallmark,barch,bismark,narc,dark,pockmark,watermark,ark,harc,aardvark,park,embark,shark,ballpark,stark,mark,spark,marc,barque,arche,parc,hashmark,sark,bsarch,bismarck,marque,garch,arc,yarke,darke,starck,barke,patriarch,benchmark,clarke,lark,earmark,ozark,parke,monarch,bark,trademark,merc,meadowlark,oligarch,snark,clark,chark,remark,landmark
harka,
harked,earmarked,unremarked,trademarked,arced,marked,narked,parked,remarked,pockmarked,larked,sharked,sparked,barked,embarked,postmarked,unmarked
harkee,
harken,barken,marken,darken,parkin,barkan,archean,marcon,clarkin,markin,larkin,harkin,sarkin,narcan,arkin,barchan,markan,garcon,larchen,barkin
harkened,arcand,darkened,yarkand
harkener,
harkeners,
harkening,darkening
harkens,parkins,darkens,larkins,harkins,hearkens
harking,carking,earmarking,sharking,arcing,parking,larking,sparking,marking,barking,sarking,remarking,embarking
harkins,harkens,parkins,darkens,larkins,hearkens
harkness,darkness,starkness
harks,marks,skylarks,barques,remarks,larches,oligarchs,marques,marcks,marcs,deutschemarks,barks,trademarks,patriarchs,quarks,ozarks,landmarks,monarchs,larks,watermarks,benchmarks,sparkes,hallmarks,embarks,sparks,vonarx,ballparks,parkes,parks,birthmarks,starks,hartmarx,clarks,darks,barkes,marx,narks,earmarks,tjarks,sharks,narcs,starkes,arcs,arx
harl,gnarl,mccarl,knarl,carl,carll,garl,albemarle,charle,gnarle,snarl,ensnarl,karl
harlamert,
harlan,carlen,karlin,marlen,parlin,marlin,macfarlane,mcfarlin,carlin,carlon,starlin,marlon,karlen,arlen,garlan,arlan,harlin,mcfarlan,arlin,arlon,varlen,mcfarlane,sparlin,carlan,sumarlin,darlin
harland,mcfarland,carland,saarland,marland,macfarland,garland,mcparland,darland,farland,charland
harle,narghile,carle,parral,karle,barile,delaurel,aral
harlech,
harled,
harley,decarli,farly,arley,marley,parley,charley,varley,snarly,farley,arlie,carley,barley,carly,mccarley,sarli,narly,charlie,carli,marly,darley,gnarly
harleian,
harleigh,
harleysville,grill,rille,overfill,distil,shill,mil,quill,overkill,dill,downhill,pil,mill,krill,sill,cowgill,il,abril,thill,advil,treadmill,schill,fil,mille,crill,goodwill,will,until,spill,chill,gill,instill,fulfill,demille,kill,fill,handbill,still,belleville,brazil,prill,nill,landfill,frill,seville,bastille,swill,till,bougainville,zil,lil,twill,gil,bil,tamil,phil,ghyll,sil,grille,deville,hornbill,dphil,mandeville,daffodil,standstill,albertville,drill,trill,til,bill,molehill,uphill,stil,brill,zill,nil,sawmill,thrill,windmill,fille,foothill,ill,shrill,refill,rill,pill,hill,skill,lille,jill,ville,wil,distill,anthill
harleyville,
harlem,haarlem
harlemese,
harlemite,
harlen,
harlene,
harlequin,
harlequina,
harlequinade,
harlequinery,
harlequinesque,
harlequinic,
harlequinism,
harlequinize,
harlequins,
harleton,
harli,
harlie,
harlin,carlen,karlin,marlen,parlin,marlin,macfarlane,harlan,mcfarlin,carlin,carlon,starlin,marlon,karlen,arlen,garlan,arlan,mcfarlan,arlin,arlon,varlen,mcfarlane,sparlin,carlan,sumarlin,darlin
harling,garling,marling,yarling,snarling,mcfarling,darling,gnarling,quarreling,sparling,starling,carling,farling,zarling
harlingen,
harlock,narlock,karlik,garlic,sarlac,garlick,garlock
harlot,marlett,charlet,starlit,marlatt,barlett,starlet,scarlett,scarlet,charlotte,charlot,varlet,parlett
harlotry,
harlotries,
harlots,charlottes,starlets,garlitz,varlets
harlot's,
harlow,marlo,marlow,sarlo,giancarlo,delcarlo,karlow,garlow,carlo,carlough,dicarlo,decarlo,sharlow
harlowton,
harls,
harm,charm,forearm,charme,ducharme,disarm,underarm,carme,rearm,unarm,farm,gendarme,firearm,arm,genpharm,alarm,bpharm,smarm,nonfarm,novopharm,pharm,sharm
harmachis,
harmal,
harmala,
harmalin,
harmaline,
harman,barman,darmon,klarman,parman,carmine,armin,garman,carmon,jarmin,jarman,carmen,sharman,armon,tarman,marmon,karmen,karman,arman,starman,carman,garmon,farman,harmon,darman,larmon,armen,harmen
harmaning,
harmans,
harmat,
harmattan,bogeyman,sandman,hitman,japan,bran,gan,batman,kazakhstan,ban,fisherman,yan,than,skean,caravan,cyan,ann,loran,superman,chan,gran,deadpan,sedan,divan,tarzan,bedpan,afghan,tristan,span,jan,afghanistan,milan,kan,moulin,clergyman,lan,iran,madman,cancan,helmsman,lifespan,zan,tran,ran,handyman,taliban,pan,plan,klan,ferdinand,nan,strongman,middleman,van,tan,snowman,quean,caveman,liane,hann,san,mann,minuteman,scan,moran,shan,an,kinsman,began,suntan,bhutan,rattan,saran,flan,pakistan,can,cannes,sideman,doorman,pecan,gamesman,caftan,catamaran,stan,businessman,sudan,saucepan,anne,anchorman,quran,man,scran,journeyman,fan,rodin,dan,merman,clan
harmed,charmed,armed,alarmed,farmed,unharmed,unarmed,pharmd,disarmed
harmel,armil,charmel,carmel
harmer,parmer,marmor,farmer,armor,marmer,starmer,carmer,charmer,armer,larmer,armour
harmers,
harmful,charmful
harmfully,
harmfulness,
harmfulnesses,
harmin,
harmine,
harmines,
harming,rearming,farming,charming,alarming,pharming,arming,disarming
harminic,
harmins,
harmless,armless,charmless
harmlessly,
harmlessness,
harmlessnesses,
harmon,barman,darmon,klarman,parman,carmine,armin,garman,carmon,jarmin,harman,jarman,carmen,sharman,armon,tarman,marmon,karmen,karman,arman,starman,carman,garmon,farman,darman,larmon,armen,harmen
harmony,disharmony,harmonie,arminie,carmany
harmonia,sinfonia,sophronia,gonia,new-caledonia,petronia,amazonia,vernonia,adonia,colonia,antonia,estonia,cydonia,slavonia,madonia,omonia,latonia,idonia,caledonia,gastonia,ansonia,tonia,macedonia,patagonia,rondonia,diaphonia,slovonia,donia,vidonia,sidonia,philharmonia,sloanea
harmoniacal,
harmonial,
harmonic,platonic,chthonic,ovonic,personic,environic,lasersonic,teutonic,plutonic,ionic,isoelectronic,ganglionic,varitronic,embryonic,miltonic,isotonic,yonic,planktonic,telectronic,kronick,clonic,gnomonic,laconic,stronach,ironic,hypertonic,respironic,pneumonic,catatonic,tectonic,sardonic,blahnik,tranzonic,pharaonic,sonic,hyaluronic,hegemonic,avionic,symphonic,monophonic,fibronic,allophonic,vanik,masonic,leptonic,plantronic,napoleonic,hanak,flextronic,medtronic,mnemonic,phonic,panasonic,hydroponic,microelectronic,philharmonic,electronic,tronic,canonic,histrionic,hypersonic,chronique,conic,audiotronic,neoplatonic,photronic,hedonic,telephonic,ebonic,polyphonic,connick,diasonic,nucleonic,chronic,diatonic,propionic,bubonic,synchronic,lexiphonic,demonic,ultrasonic,supersonic,tonic
harmonica,bonica,hanukkah,japonica,donica,monica,veronica,konica,microelettronica,chanukah,telefonica
harmonical,
harmonically,
harmonicalness,
harmonicas,
harmonichord,
harmonici,
harmonicism,
harmonicon,
harmonics,conics,sonics,photronics,flextronics,sconnix,siliconix,tectonics,onyx,avionics,fibronics,personics,plantronics,lumonics,centronics,molonicks,audiotronics,tektronix,histrionics,lasersonics,endotronics,tonics,vitronics,diasonics,nucleonics,mnemonics,respironics,electronics,telectronics,phonics,microelectronics,ionics,telephonics,ebonics,environics
harmonides,
harmonie,harmony,disharmony,arminie,carmany
harmonies,
harmonious,antonius,palonius,parsimonious,erroneous,thelonius,unceremonious,sanctimonious,acrimonious,felonious
harmoniously,unceremoniously,erroneously
harmoniousness,
harmoniousnesses,
harmoniphon,
harmoniphone,
harmonisable,
harmonisation,
harmonise,
harmonised,
harmoniser,
harmonising,
harmonist,
harmonistic,
harmonistically,
harmonite,
harmonium,onium,zirconium,gonium,pandemonium,ammonium,polonium,usoniam,plutonium
harmoniums,
harmonizable,
harmonization,abbreviation,altercation,medication,cooperation,foundation,corporation,remediation,information,aspiration,indignation,deviation,alliteration,implication,sensation,communication,precipitation,connotation,presentation,variation,education,nation,rehabilitation,proliferation,vocation,dedication,innovation,notation,constellation,situation,motivation,observation,meditation,correlation,gentrification,conflagration,accommodation,appreciation,obfuscation,collaboration,representation,inspiration,obligation,segregation,transportation,preparation,translation,trepidation,location,reputation,collocation,interpretation,configuration,pronunciation,abomination,association,vacation,approbation,ramification,affirmation,evaluation,salvation,generation,civilization,expectation,articulation,discrimination,affiliation,station,remuneration,radiation,creation,reconciliation,consternation,administration,litigation,transformation,relation,aberration,consideration,application,adaptation,reservation,anticipation,integration,organization,orientation,dissertation,conversation,determination,conservation,manifestation,inclination,designation,implementation,population,compensation,revelation,operation,quotation,citation
harmonizations,
harmonize,capsize,chastise,subsidize,sunrise,epitomize,lionize,supervise,prise,crystallize,synthesize,realize,improvise,guise,marginalize,lies,recognize,patronize,reprise,mesmerize,synchronize,authorize,ostracize,guys,prize,advise,flies,antagonize,socialize,capitalize,size,familiarize,demise,fries,analyze,materialize,characterize,rationalize,franchise,empathize,hypothesize,galvanize,utilize,metastasize,revitalize,plagiarize,minimize,maximize,merchandise,stigmatize,wise,scrutinize,otherwise,prioritize,summarize,surprise,proselytize,customize,disguise,finalize,eyes,ties,disenfranchise,sympathize,emphasize,visualize,mize,comprise,revise,enterprise,baptize,exercise,paralyze,energize,allies,rise,organize,aggrandize,surmise,mobilize,belies,jeopardize,polarize,pulverize,supplies,tantalize,stabilize,advertise,devise,compromise,apologize,criticize,catalyze,arise,likewise,emprise,despise,memorize,optimize,apprise,amortize
harmonized,recognized,amortized,comprised,revised,energized,emphasized,capsized,generalized,personalized,urbanized,unauthorized,crystallized,stigmatized,criticized,customized,advised,publicized,incised,advertised,specialized,scrutinized,globalized,idealized,localized,decentralized,synthesized,exercised,baptized,prized,patronized,authorized,ostracized,surmised,sized,outsized,annualized,canonized,organized,fossilized,apologized,standardized,despised,hypnotized,pressurized,compromised,galvanized,formalized,itemized,oversized,improvised,analyzed,computerized,disguised,antagonized,devised,finalized,jeopardized,homogenized,metastasized,agonized,categorized,polarized,caramelized,desensitized,traumatized,civilized,disorganized,centralized,undisguised,epitomized,synchronized,stabilized,marginalized,demoralized,unorganized,motorized,penalized,chastised,realized,unrecognized,underutilized,circumcised,capitalized,mesmerized,disenfranchised,naturalized,excised,paralyzed,balkanized,subsidized,normalized,mechanized,stylized,utilized,surprised,pasteurized,familiarized,apprised,characterized,prised
harmonizer,
harmonizers,
harmonizes,wises,ironizes,demobilizes,revises,liberalizes,prizes,terrorizes,tantalizes,polymerizes,departmentalizes,supervises,stabilizes,itemizes,idealizes,formalizes,prioritizes,surmises,legitimizes,capitalizes,democratizes,galvanizes,devises,utilizes,rhapsodizes,franchises,epitomizes,marginalizes,apologizes,sympathizes,brutalizes,materializes,memorizes,advertises,jeopardizes,enterprises,excises,downsizes,economizes,recognizes,dieses,criticizes,overemphasizes,monopolizes,customizes,humanizes,equalizes,comprises,immunizes,alphabetizes,summarizes,polarizes,neutralizes,symbolizes,exercises,chastises,synchronizes,sizes,subsidizes,satirizes,arises,idolizes,depressurizes,disguises,hellenizes,prises,analyzes,categorizes,minimizes,realizes,demilitarizes,characterizes,improvises,mises,scrutinizes,sensationalizes,emphasizes,mischaracterizes,paralyzes,pressurizes,dramatizes,hypnotizes,phizes,crystallizes,maximizes,despises,organizes,compromises,specializes,authorizes,rises,fantasizes,enfranchises,agonizes,surprises,advises,lyses,normalizes,guises,energizes,fertilizes
harmonizing,amortizing,lysing,monopolizing,devising,fantasizing,dehumanizing,maximizing,satirizing,mobilizing,visualizing,womanizing,synchronizing,characterizing,moralizing,improvising,stigmatizing,wising,democratizing,temporizing,finalizing,rising,utilizing,demoralizing,tranquilizing,jeopardizing,disguising,modernizing,socializing,alphabetizing,downsizing,emphasizing,minimizing,demonizing,paralyzing,proselytizing,generalizing,energizing,chastising,sanitizing,tantalizing,uprising,neutralizing,authorizing,centralizing,immobilizing,polarizing,prioritizing,editorializing,digitizing,sizing,surprising,publicizing,rationalizing,specializing,aggrandizing,patronizing,compromising,revising,synthesizing,oxidizing,realizing,supervising,arising,scrutinizing,comprising,destabilizing,advertising,standardizing,analyzing,appetizing,advising,subsidizing,mesmerizing,enterprising,fraternizing,customizing,merchandising,despising,unappetizing,theorizing,immunizing,crystallizing,galvanizing,criticizing,apologizing,stabilizing,verbalizing,self-aggrandizing,revitalizing,unsurprising,prizing,recognizing,exercising,summarizing,organizing,normalizing,antagonizing,ionizing,capitalizing,memorizing
harmonogram,
harmonograph,
harmonometer,
harmonsburg,
harmoot,
harmost,farmost
harmothoe,
harmotome,
harmotomic,
harmout,
harmproof,
harms,harmes,charms,firearms,garms,farms,armes,alarms,forearms,arms,darms
harmsworth,
harn,yarn,arn,garn,varn,carne,arne,starn,harne,dezarn,marne,arnn,mccarn,barn,skarn,scarn,carn,karn,darn
harnack,karnak,charnock,barnick,czarnik,garnock,carnac
harned,yarned,larned,darned
harneen,
harness,farness,carnous,parness
harness-bearer,
harness-cask,
harnessed,
harnesser,
harnessers,
harnesses,
harnessing,
harnessless,
harnesslike,
harnessry,
harnett,carnate,barnet,carnot,yarnut,garnet,garnett,incarnate,jarnut,arnot,dejarnett,carnett
harnpan,
harns,barns,starnes,carnes,yarns,carns,karns,darns,barnes,arns,parnes,karnes,garnes,tarns,starns,varnes,farnes
harod,
harold,harrold,herald,jerrold,gerald,herold,barreled,jereld,gerrald,imperiled,perilled,jerald,fitzgerald,periled
harolda,
haroldson,
haroset,
haroseth,
haroun,
harp,arp,carpe,harpe,scarp,tharp,sharpe,tharpe,flarp,carp,garp,sharp,scharp,karp,tarp
harpa,darpa,carpa,scarpa,arpa
harpago,
harpagon,
harpagornis,
harpalyce,
harpalides,
harpalinae,
harpalus,
harpaxophobia,
harped,carped,sharped
harper,sharper,carper
harperess,
harpers,carpers,sharpers
harpersfield,
harpersville,
harperville,
harpy,tarpey,sharpie,charpie,tarpy,sharpy,carpi
harpy-bat,
harpidae,
harpy-eagle,
harpier,
harpies,sharpies
harpy-footed,
harpyia,
harpylike,
harpin,bogeyman,sandman,hitman,japan,bran,gan,batman,kazakhstan,ban,fisherman,yan,than,skean,caravan,cyan,ann,loran,superman,chan,gran,deadpan,sedan,divan,tarzan,bedpan,afghan,tristan,span,jan,afghanistan,milan,kan,moulin,clergyman,lan,iran,madman,cancan,helmsman,lifespan,zan,tran,ran,handyman,taliban,pan,plan,klan,ferdinand,nan,strongman,middleman,van,tan,snowman,quean,caveman,liane,hann,san,mann,minuteman,scan,moran,shan,an,kinsman,began,suntan,bhutan,rattan,saran,flan,pakistan,can,cannes,sideman,doorman,pecan,gamesman,caftan,catamaran,stan,businessman,sudan,saucepan,anne,anchorman,quran,man,scran,journeyman,fan,rodin,dan,merman,clan
harpina,
harping,sharping,scarping,carping
harping-iron,
harpingly,
harpings,
harpins,
harpist,sharpest
harpists,
harpless,
harplike,
harpocrates,
harpole,bankroll,foxhole,tadpole,skoal,kol,roll,ole,boll,thole,payroll,manhole,scroll,stoll,strole,monopole,buttonhole,console,cubbyhole,sinkhole,viole,foal,seoul,flagpole,hole,pole,stol,pigeonhole,role,parole,strowl,troll,whole,espanol,keyhole,nicole,tole,bowl,toll,extol,loophole,dhole,noll,patrol,pistole,self-control,trowl,stackpole,mole,pothole,shoal,blowhole,dole,goal,scole,casserole,rol,control,cajole,ecole,fishbowl,shole,charcoal,chole,kohl,seminole,oriole,atoll,stole,bole,dipole,droll,enroll,knoll,glycol,redpoll,stroll,pinhole,ghole,poll,interpol,amphibole,sole,cole,soul,glycerol,coal,walpole
harpoon,teaspoon,kroon,croon,loon,saskatoon,rangoon,saloon,tune,strewn,dune,impugn,clune,lampoon,cancun,prune,moone,goon,hewn,noone,witherspoon,immune,coon,pantaloon,mattoon,platoon,cahoon,monsoon,cocoon,baboon,afternoon,maroon,boon,galloon,inopportune,cameroon,noon,festoon,calhoon,laffoon,shewn,balloon,soon,koon,gruen,cardoon,contrabassoon,tycoon,midafternoon,commune,shoon,moon,swoon,troon,suen,shoen,terhune,spoon,suine,toon,calhoun,typhoon,muldoon,opportune,magoon,rune,attune,buffoon,bethune,june,boone,picayune,hoon,tablespoon,yoon,pontoon,honeymoon,bassoon,kuhn,jeune,poon,raccoon,lagoon,cartoon,brune,sassoon
harpooned,
harpooneer,
harpooner,
harpooners,
harpooning,
harpoonlike,
harpoons,spoons,goons,toons,coons,dunes,junes,koons,lagoons,coones,honeymoons,pontoons,nunes,impugns,moons,lunes,platoons,boons,raccoons,croons,pantaloons,typhoons,saloons,tycoons,tunes,cartoons,afternoons,kunes,verboons,communes,cocoons,prunes,teaspoons,balloons,funes,baboons,runes,tablespoons,kuhns,loons,noons,clunes,monsoons,swoons
harporhynchus,
harpp,
harpress,
harps,scarps,tarps,carps,arps,sharps,arpes,garps
harp-shaped,
harpsical,
harpsichon,
harpsichord,gaylord,snowboard,scored,notochord,gored,reboard,floored,scoreboard,bored,implored,afford,clapboard,fingerboard,hord,storyboard,outboard,reward,overboard,adored,onboard,headboard,hoard,aboveboard,landlord,clavichord,explored,aboard,njord,ward,fjord,concorde,chessboard,cardboard,untoward,switchboard,horde,checkerboard,lord,underscored,springboard,sward,hardboard,dartboard,inboard,paperboard,clipboard,verwoerd,roared,cord,record,concord,board,unexplored,baseboard,overlord,pegboard,broadsword,award,toward,fnord,warlord,skateboard,deplored,abhorred,accord,dashboard,ford,chord,pored,wallboard,acord,surfboard,soared,restored,mord,billboard,washboard,gourd,fiberboard,floorboard,seaboard,poured,nord,chipboard,smorgasbord,oared,blackboard,ord,stored,keyboard,sword,ignored
harpsichordist,
harpsichords,
harpster,
harpula,
harpullia,
harpursville,
harpwaytuning,
harpwise,
harquebus,arquebus
harquebusade,
harquebuse,
harquebuses,
harquebusier,arquebusier
harquebuss,
harr,whare,sware,chare,knarr,sparr,phare,narre,quare,charr,crare,garr,sahr,charre,klahr,gnarr,stahr,harre,smarr,zarr,sarre,schnarr,kesar,snarr,debarr,labarr,tarre
harragan,
harrage,carriage,swaraj,karaj,clarridge,undercarriage,sarage
harrah,schara,ara,garra,tzara,mcgarrah,clara,dara,asahara,zara,darrah,jarrah,marah,tarah,arrha,gara,arrah,zarah,jarrod,arrau
harrar,
harrateen,
harre,whare,sware,chare,knarr,sparr,phare,narre,quare,charr,crare,garr,sahr,charre,klahr,gnarr,stahr,smarr,zarr,sarre,schnarr,kesar,snarr,debarr,tarre,labarr,harr
harrell,barrel,carol,jheryl,ferrol,ferrell,behrle,imperil,peril,errol,sherrill,pork-barrel,nerol,carroll,farrel,ceryl,darrell,ofarrell,sherrell,apparel,farrell,ferrall,terrell,cheryl,merrell,erol,berrill,meryll,herrell,daryl,terral,carole,ocarroll,karel,burell,merrill,verrall,meryl,feral,sharyl,terrel,scleral,deryle,sterile,ferol,beryl,jerel,wehrle,caryl,sterol,burel,jerrell,herrle,sheryl,baril,darrel,therrell,verrel,terrill,darryl
harrells,
harrellsville,
harri,
harry,blueberry,very,discretionary,parry,ferry,eyrie,mulberry,marry,culinary,huckleberry,adversary,wary,judiciary,subsidiary,hereditary,revolutionary,obituary,raspberry,library,beneficiary,bury,capillary,carry,unnecessary,dictionary,berry,epistolary,barre,tertiary,preliminary,mercenary,scary,ancillary,contrary,visionary,unitary,missionary,secretary,estuary,lapidary,solitary,luminary,nary,ordinary,fairy,fiduciary,cherry,merry,strawberry,sanitary,pecuniary,airy,proprietary,ary,confectionary,extraordinary,vary,corollary,primary,sedentary,itinerary,veterinary,cemetery,temporary,contemporary,literary,confectionery,secondary,seminary,stationary,canary,hairy,gooseberry,emissary,imaginary,cautionary,pulmonary,dysentery,monetary,customary,dairy,salutary,arie,vocabulary,aerie,tributary,tarry,reactionary,sanctuary,mary,commentary,legendary,february,prairie,arbitrary,necessary,monastery,stationery,military,apothecary
harrycane,
harrid,
harridan,
harridans,
harrie,
harried,buried,parried,carried,berried,unmarried,married,remarried,ferried,varied
harrier,marier,merrier,berrier,farrier,harier,burier,guerrier,verier,varier,glarier,carrier,scarier,verrier,airier,perrier,terrier,barrier,ferrier,cherrier
harriers,barriers,carriers
harries,berries,paries,varies,carries,luminaries,ferries,preliminaries,adversaries,raspberries,secondaries,rameriz,miniseries,daris,jerries,functionaries,temporaries,canaries,primaries,strawberries,cemeteries,aires,revolutionaries,ordinaries,marries,terese,paramilitaries,cherries,proprietaries,thornburys,antares,fiduciares,beneficiaries,cranberries,aries,estuaries,commentaries,marys,monasteries,blackberries,gooseberries,corollaries,emissaries,aviaries,seminaries,capillaries,subsidiaries,obituaries,intermediaries,caries,libraries,legionaries,maries,fairies,tributaries,contemporaries,sherries,secretaries,dictionaries,missionaries,dairies,sherris,confectionaries,itineraries,berris,sanctuaries,mercenaries,reactionaries,fiduciaries,commissaries,buries,karis,thornberrys,blueberries,militaries,dignitaries
harriet,merriott,herriot,chariot,marriott,variate,proletariat,iscariot,secretariat,lariat,herriott
harriett,
harrietta,
harriette,
harrying,parrying,carrying,tarrying
harriman,merriman,theremin,ceriman,herriman
harrington,arrington,derrington,terrington,cherrington,barrington,ferrington,errington,herington,farrington,carrington,herrington,airington
harriot,
harriott,parriott,garriott
harris,ferriss,claris,terrasse,nonferrous,terrace,heiress,polaris,solaris,glaris,meris,peras,parris,embarrass,calveras,cerris,terris,derose,faris,serrous,ferris,cerus,paris,ferrous,derris,glareous,maris,parous,sclerous,gerris,ahasuerus,gehris,nerice,derus,haris,marous,farris,barris
harrisburg,harrisburgh
harrisia,
harrisite,
harrison,cerasin,sarasin,ceresin,arison,cerosin,kerasin,sierracin,sericin,comparison,jerrican
harrisonburg,
harrisonville,
harriston,
harristown,
harrisville,
harrod,arid,sherrod,jerod,jared,alarid,sparid,clerid,herrod,jerid,herod,heraud,sherod
harrodsburg,
harrogate,clarigate
harrold,herald,jerrold,gerald,herold,barreled,jerald,jereld,gerrald,imperiled,perilled,fitzgerald,harold,periled
harrovian,
harrow,charro,carrow,larrow,carow,zaro,arrow,parrow,varro,barrow,nancarrow,crivaro,laroe,narrow,sharrow
harrowed,
harrower,
harrowers,
harrowing,narrowing
harrowingly,
harrowingness,
harrowment,
harrows,arrows,marrows,arrose,barrows
harrowtry,
harrumph,
harrumphed,
harrumphing,
harrumphs,
harrus,
harsh,whitmarsh,larsh,barsch,barsh,harsch,saltmarsh,karsh,marsh,marche,marsch
harshaw,aha,withdraw,ma,hurrah,sha,blah,xio,claw,haw,ahh,bois,whipsaw,pshaw,law,naw,pa,jaw,straw,baccarat,gras,caw,qua,seesaw,redraw,bylaw,bah,awe,hah,da,doha,jigsaw,ha,ra,gnaw,overdraw,shaw,shah,trois,guffaw,flaw,slaw,gaw,craw,ja,aw,hacksaw,faw,wah,grandpa,chainsaw,utah,draugh,ona,macaw,rah,spa,ta,squaw,chaw,yah,dumas,saw,moi,dada,coleslaw,hoopla,paw,scrimshaw,arkansas,nah,yaw,wa,ga,fermata,schwa,cha,panama,pasha,daw,ottawa,la,draw,bourgeois,raw,ah,na,baja,thaw,maw,esau,chihuahua,omaha,sa,outlaw,chutzpah,ka,rawe,ya,voila,bra
harsh-blustering,
harshen,doordarshan,marcian,arshin,martian,darshan
harshened,
harshening,
harshens,
harsher,
harshest,
harsh-featured,
harsh-grating,
harshish,
harshlet,
harshlets,
harshly,partially,parshley
harsh-looking,
harshman,marshman
harsh-mannered,
harshness,
harshnesses,
harsho,
harsh-syllabled,
harsh-sounding,
harsh-tongued,
harsh-voiced,
harshweed,
harslet,
harslets,
harst,
harstad,barstad
harstigite,
harstrang,
harstrong,
hart,part,marte,eckhart,hobart,multipart,apart,oxcart,counterpart,scart,go-cart,reinhardt,flowchart,hardt,urquhart,walmart,cart,stuttgart,kmart,clart,bart,skart,chart,dart,upstart,bogart,headstart,sweetheart,depart,outsmart,mart,fart,art,bonaparte,haart,lockhart,impart,mouthpart,restart,harte,goulart,smart,heart,tarte,elkhart,lionheart,jumpstart,parte,tart,capehart,descartes,newhart,start,carte,charte,artcc
hartail,
hartake,
hartal,artal,bartol,hartell,bartle,smartle,bartl,hartel,dartle,bartel,artel,hartl,hartle,startle
hartall,
hartals,
hartberry,
harte,part,marte,eckhart,hobart,multipart,apart,oxcart,counterpart,scart,go-cart,reinhardt,flowchart,hardt,urquhart,walmart,cart,stuttgart,kmart,clart,bart,skart,chart,dart,upstart,bogart,headstart,sweetheart,depart,outsmart,mart,fart,art,hart,bonaparte,haart,lockhart,impart,mouthpart,restart,goulart,smart,heart,tarte,elkhart,lionheart,jumpstart,parte,tart,capehart,descartes,newhart,start,carte,charte,artcc
hartebeest,
hartebeests,
harten,carton,kindergarten,gartin,garten,hartin,hallgarten,mccartan,hearten,mcmartin,martyn,parten,sartin,smarten,martin,marton,darton,demartin,bongarten,harton,rosengarten,spartan,tartan,partin,garton,gilmartin,weingarten,mccarten,barten,marten,barton,kilmartin,mccartin,guilmartin,parton
hartfield,summerfield,porterfield,windshield,airfield,brownfield,steeled,squealed,concealed,heald,unsealed,northfield,repealed,bloomfield,stanfield,neild,feild,canfield,holyfield,appealed,mayfield,shield,healed,chesterfield,field,peeled,copperfield,hayfield,goldfield,kneeled,wakefield,yield,battlefield,brookfield,mansfield,winfield,fairfield,keeled,hatfield,caulfield,wheeled,scofield,congealed,masefield,rayfield,minefield,resealed,bonfield,oilfield,richfield,oldfield,pealed,redfield,greenfield,springfield,penfield,afield,reeled,wingfield,bluefield,sealed,cranfield,outfield,bakersfield,whitefield,infield,plainfield,heeled,cornfield,garfield,neeld,backfield,wield,highfield,unconcealed,belfield,delafield,revealed
hartford,
harthacanute,
harthacnut,
harty,multiparty,moriarty,ugarte,artie,hearty,smarty,party,clarty,fogarty,mccarty,carty,counterparty,darty,mclarty,marty,hogarty,martie,intraparty,tarty,mcclarty,arty,marti,haggarty,sarti,uriarte,parti
hartill,
hartin,carton,kindergarten,gartin,garten,hallgarten,mccartan,hearten,mcmartin,martyn,parten,sartin,smarten,martin,marton,darton,demartin,bongarten,harton,rosengarten,spartan,tartan,partin,garton,gilmartin,harten,weingarten,mccarten,barten,marten,barton,kilmartin,mccartin,guilmartin,parton
hartington,
hartite,
hartke,
hartland,mcpartland,gartland,cartland
hartley,partly,artley,smartly,gartley,artly,tartly,bartley
hartleian,
hartleyan,
hartlepool,
hartleton,
hartly,
hartline,grapevine,cline,hotline,fine,baseline,headline,swine,saccharine,ballantine,design,equine,brine,online,sign,pine,twine,align,canine,stein,lupine,byline,nine,decline,crystalline,whine,shrine,bovine,alpine,concubine,outshine,enshrine,thine,outline,devine,undermine,borderline,resign,intertwine,vine,chine,dine,palatine,genuine,shine,divine,asinine,lifeline,skyline,consign,assign,mine,feline,punchline,define,stine,valentine,line,sine,storyline,opine,dopamine,tagline,trine,moonshine,turpentine,entwine,porcupine,pipeline,refine,incline,rine,underline,deadline,benign,malign,eglantine,iodine,serpentine,supine,endocrine,affine,aline,tine,airline,byzantine,sideline,fein,wine,zine,alkaline,combine,spine,confine,streamline,frontline,sunshine,spline,guideline,quinine
hartman,zartman,bartman,artman,gartman,hartmann
hartmann,zartman,bartman,artman,gartman,hartman
hartmannia,
hartmunn,
hartnell,
hartnett,
hartogia,
harts,flowcharts,hartz,counterparts,arts,farts,upstarts,barts,jumpstarts,outsmarts,marts,sweethearts,mouthparts,cuisinarts,spartz,departs,headstarts,starts,castparts,tarts,parts,schartz,kartes,hearts,martes,carts,robarts,imparts,charts,cartes,martz,smarts,artz,bartz,autoparts,darts,ramparts
hartsburg,
hartsdale,
hartsel,
hartselle,
hartsfield,summerfield,porterfield,windshield,airfield,brownfield,steeled,squealed,concealed,heald,unsealed,northfield,repealed,bloomfield,stanfield,neild,feild,canfield,holyfield,appealed,mayfield,shield,healed,chesterfield,field,peeled,copperfield,hayfield,goldfield,kneeled,wakefield,yield,battlefield,brookfield,mansfield,winfield,fairfield,keeled,hatfield,caulfield,wheeled,scofield,congealed,masefield,rayfield,minefield,resealed,bonfield,oilfield,richfield,oldfield,pealed,redfield,greenfield,springfield,penfield,afield,reeled,wingfield,bluefield,sealed,cranfield,outfield,bakersfield,whitefield,infield,plainfield,heeled,cornfield,garfield,neeld,backfield,wield,highfield,unconcealed,belfield,delafield,revealed
hartshorn,forlorn,glyndebourne,wellborn,osborn,elkhorn,bourne,worn,winterbourne,inborn,firstborn,warn,hawthorn,bighorn,zorn,unborn,orne,bourn,porn,torn,buckthorn,stillborn,orn,thorne,waldhorn,warne,popcorn,osborne,forsworn,bjorn,shorn,born,alcorn,seaborne,sporn,morne,lowborn,corn,sworn,frorn,aborn,shopworn,longhorn,mourn,shoehorn,horne,doorn,sanborn,scorn,corne,korn,airborne,waterborne,thorn,bullhorn,morn,buckhorn,adorn,forewarn,horn,einhorn,reborn,dearborn,unicorn,dorn,borne,lorne,pronghorn
hartshorne,
hartstongue,
harts-tongue,
hart's-tongue,
hartstown,
hartsville,
harttite,
hartungen,
hartville,
hartwell,materiel,intel,l,shell,knell,maxwell,swell,tel,raphael,bel,adele,sel,quell,parallel,manuel,jell,ravel,misspell,lapel,noel,marcel,yell,personnel,impel,decibel,motel,doorbell,propel,eggshell,gel,barbell,tell,farewell,carmel,gazelle,mademoiselle,bethel,undersell,dell,befell,aol,nell,fidel,clientele,mell,expel,carel,carousel,elle,snell,infidel,groundswell,ell,outsell,repel,foretell,zinfandel,fell,morel,retell,cell,cartel,pastel,stairwell,mel,michelle,bell,citadel,resell,bombshell,well,excel,compel,sell,caravel,dispel,chanel,dumbbell,rangel,belle,hell,cowbell,pell,nutshell,seashell,cel,smell,el,del,nobel,quel,accel,spell,oversell,bluebell,hotel,rebel,dwell,isabel
hartwick,nightstick,kwik,realpolitik,dipstick,broomstick,thilk,pick,mic,yardstick,bailiwick,fick,spic,quick,nick,snick,hick,whilk,klick,sic,slapstick,homesick,handpick,schtick,triassic,lipstick,politic,wrick,frick,dic,picnic,joystick,firebrick,nonstick,prick,wick,chick,rick,ric,pik,vic,crick,slick,bic,peacenik,rilke,blick,candlestick,strick,nik,click,uptick,thick,glick,knick,spick,bolshevik,schick,ostpolitik,lasik,trick,lick,sidekick,shtick,stick,lunatic,quik,dick,kick,seasick,mick,impolitic,gick,kubrick,vick,nic,bick,arithmetic,sick,mc,wyk,tic,tick,flick,pickwick,chopstick,bric,brick,toothpick,pic
hartwood,sainthood,pulpwood,marwood,dagwood,neighborhood,good,logwood,hollywood,ironwood,rosewood,adulthood,atwood,redwood,boyhood,osgood,greenwood,misunderstood,plywood,smallwood,hood,devilwood,likelihood,goode,should,knighthood,elwood,isherwood,schuld,babyhood,sherwood,rockwood,tanglewood,littlewood,beechwood,wormwood,inglewood,haywood,blackwood,motherhood,deadwood,manhood,boxwood,childhood,girlhood,eastwood,ravenswood,driftwood,wedgwood,parenthood,silkwood,could,withstood,statehood,fatherhood,heywood,underwood,heartwood,stood,hardwood,livelihood,womanhood,englewood,kenwood,allgood,understood,corkwood,hazelwood,would,wedgewood,wildwood,softwood,leatherwood,nationhood,firewood,brotherhood,cottonwood,elmwood,collingwood,brentwood,fleetwood,victimhood,greasewood,falsehood,edgewood,wood,teakwood,dogwood,westwood,oakwood
hartwort,
hartzel,hartzell
hartzell,hartzel
hartzke,
harumph,
harumphs,
harum-scarum,
harum-scarumness,
harunobu,
haruspex,aruspex
haruspical,
haruspicate,
haruspication,
haruspice,varicous,haruspices,aruspices,aruspice
haruspices,varicous,aruspices,aruspice,haruspice
haruspicy,aruspicy
harv,harve,farve,artcarve,arve,carve,varve,starve,marv,sparve,parve,larve
harvard,
harvardian,
harvardize,
harve,harv,farve,artcarve,arve,carve,varve,starve,marv,sparve,parve,larve
harvey,jarvey,harvie,jarvie,larvae,corvi,garvie,carvey,arvey,corve,garvey,jarvi
harveian,
harveyize,
harveyized,
harveyizing,
harveysburg,
harveyville,
harvel,marvel,carvol,larval,arval,harvell,harvill
harvest,carvist
harvestable,
harvestbug,
harvest-bug,
harvested,
harvester,
harvesters,
harvester-thresher,
harvest-field,
harvestfish,
harvestfishes,
harvesting,
harvestless,
harvest-lice,
harvestman,
harvestmen,
harvestry,
harvests,
harvesttime,
harvie,jarvey,jarvie,larvae,corvi,harvey,garvie,carvey,arvey,corve,garvey,jarvi
harviell,
harvison,narveson
harwell,materiel,intel,l,shell,knell,maxwell,swell,tel,raphael,bel,adele,sel,quell,parallel,manuel,jell,ravel,misspell,lapel,noel,marcel,yell,personnel,impel,decibel,motel,doorbell,propel,eggshell,gel,barbell,tell,farewell,carmel,gazelle,mademoiselle,bethel,undersell,dell,befell,aol,nell,fidel,clientele,mell,expel,carel,carousel,elle,snell,infidel,groundswell,ell,outsell,repel,foretell,zinfandel,fell,morel,retell,cell,cartel,pastel,stairwell,mel,michelle,bell,citadel,resell,bombshell,well,excel,compel,sell,caravel,dispel,chanel,dumbbell,rangel,belle,hell,cowbell,pell,nutshell,seashell,cel,smell,el,del,nobel,quel,accel,spell,oversell,bluebell,hotel,rebel,dwell,isabel
harwich,
harwichport,
harwick,
harwill,
harwilll,
harwin,
harwood,sainthood,pulpwood,marwood,dagwood,neighborhood,good,logwood,hollywood,ironwood,rosewood,adulthood,atwood,redwood,boyhood,osgood,greenwood,misunderstood,plywood,smallwood,hood,devilwood,likelihood,goode,should,knighthood,elwood,isherwood,schuld,babyhood,sherwood,rockwood,tanglewood,littlewood,beechwood,wormwood,inglewood,haywood,blackwood,motherhood,deadwood,manhood,boxwood,childhood,girlhood,eastwood,ravenswood,driftwood,wedgwood,parenthood,silkwood,could,withstood,statehood,fatherhood,heywood,underwood,heartwood,stood,hardwood,livelihood,womanhood,englewood,kenwood,allgood,understood,corkwood,hazelwood,would,wedgewood,wildwood,softwood,leatherwood,nationhood,firewood,brotherhood,cottonwood,elmwood,collingwood,brentwood,fleetwood,victimhood,greasewood,falsehood,edgewood,wood,teakwood,dogwood,westwood,oakwood
harz,
harzburgite,
harze,
has,mraz,avtovaz,topaz,razzmatazz,inaez,diaz,faz,vaz,alcatraz,jazz,whereas,chaz,braz,pizzazz,raz,blahs,as,chazz,pizazz,depaz,baz
hasa,
hasan,chazan,basan,hazen,emblazon,raisin,mayson,layson,masan,payson,clayson,kazin,chazen,glazen,maison,greisen,faison,brazen,caison,brasen,blazon,pasan,bazan,hazan,kazan,rayson,jayson,zazen
hasanlu,
,
