languorous,
languorously,
languorousness,
languors,
langur,angor,clangour
langurs,
langworthy,
lanham,planum,stannum,ganem,brannam,brannum,ranum,phantom,lanum,branam,lannom,canam,grannam,granum,ganim,panim,hannam,annam,hannum,tranum,branum,annum,vanname
lani,johnie,sawney,germani,shawny,trani,yamane,garmany,cassani,tani,mauney,afghani,magnani,nonie,cipriani,irani,donee,otani,giuliani,mariani,fabiani,giovanni,gianni,omani,guiliani,dani,albani,romani,lonny,yani,faunae,scrawny,rafsanjani,viviani,jani,rani,bonny,brawny,graziani,donnie,milani,celani,nonne,armani,johny,mastroianni,johnnie,tawney,advani,pagani,yamani,villani,swanny,loni,swaney,spaziani,ronny,tawny,centanni,troiani,donny,ianni,mani,barany,kewaunee,sirianni,ronnie,urbani,pisani,nonny,bahraini,doney,modigliani,fulani,sclafani,hemani,onni,leilani,damiani,castellani,tehrani,vonnie,cristiani,conny,ahwahnee,lawny,johnny,bonnie,trapani,satriani,adjani,azerbaijani,connie,mohney,zani,bonney,shawnee,guarani,lonnie,bongiovanni
laniard,
lanyard,spaniard
laniards,
lanyards,
laniary,
laniaries,
laniariform,
laniate,craniate
lanie,
lanier,wier,sphere,veer,teer,commandeer,spear,yesteryear,headgear,cavalier,revere,zaire,sere,jeer,cohere,belvedere,shere,career,unclear,gere,amir,volunteer,vere,mountaineer,speer,atmosphere,midyear,mere,year,brere,fear,souvenir,appear,pier,rear,sear,steer,disappear,chevalier,hemisphere,bandolier,mir,meir,dear,kier,marketeer,bombardier,deer,cheer,persevere,sneer,frere,auctioneer,veneer,premiere,kir,stere,mear,insincere,shear,frontier,engineer,sheer,chandelier,gear,peer,emir,fleer,stratosphere,financier,smear,cashier,biosphere,lear,sincere,austere,pioneer,beer,profiteer,tear,stear,reappear,neer,reindeer,fier,queer,severe,clear,near,deere,greer,interfere,rainier,premier,domineer,adhere,bere,brigadier,racketeer
laniferous,graniferous,soniferous,doniferous,spiniferous
lanific,
lanifice,
laniflorous,
laniform,
lanigerous,spinigerous,crinigerous
laniidae,
laniiform,
laniinae,
lanikai,
lanioid,
lanista,
lanistae,
lanita,
lanital,
lanitals,
lanius,simultaneous,contemporaneous,spontaneous,extraneous,miscellaneous,sanious,percutaneous
lank,citibank,bundesbank,plank,jahnke,montblanc,flank,cruikshank,franc,hanke,swank,yank,spank,crank,brank,schrank,bank,mank,tank,dank,planche,blanke,trank,manche,zank,franke,interbank,drank,antitank,cruickshank,shrank,blank,banc,outflank,janke,francke,crookshank,riverbank,clank,gangplank,shank,nonbank,chank,banke,schank,frank,prank,slank,planck,leblanc,skank,sank,blanc,thank,hank,franck,burbank,rank,ranke,stank,banque
lanka,zanca,villafranca,maslanka,casablanca,janca,tanka,branca,kanka,manca,banka,salamanca,mediobanca,janka,manka,sri-lanka,franca,sanka,banca
lank-bellied,
lank-blown,
lank-cheeked,
lank-eared,
lanker,rancor,yanker,danker,betancur,tanker,ranker,banker,anchor,blanker,hanker,sanker,pranker,anker,supertanker,franker,canker,flanker,shanker,manker
lankest,
lankester,
lanket,
lank-haired,
lanky,stankey,branki,ranchi,hanky,manky,postipankki,pankki,sankei,panky,frankie,skanky,yankey,franke,sankey,blankie,francie,hankie,hankey,yankee,cranky
lankier,swankier,crankier
lankiest,crankiest,swankiest
lankily,
lankin,
lankiness,crankiness
lankish,
lank-jawed,
lank-lean,
lankly,frankly,rankly,dankly,blankly,blankley
lankness,rankness,dankness,crankness,frankness,blankness
lanknesses,
lank-sided,
lankton,
lank-winged,
lanl,
lanna,tatiana,savanna,morgana,texarkana,indiana,vanna,santana,orellana,khanna,tramontana,bandana,roxana,canna,alana,mexicana,savannah,christiana,dianna,susannah,hana,nana,cana,jnana,saldana,montana,hanau,shana,banana,mariana,copacabana,prana,fontana,deanna,viviana,italiana,santa,georgiana,sanna,arana,anna,solana,danna,nanna,louisiana,cabana,humana,johanna,dannah,atlanta,thana,liliana,dahna,susanna,levana,havana,susquehanna,rosanna,jana,dulciana,adriana,arcana,gloriana,viana,sangha,brianna,chana,kana,fianna,campana,tanna,ariana,luana,oceana,vana,panna,juliana,piano,urbana,ghana,hannah,amana,lana,hanna,gitana,pollyanna,rana,joanna,edana,diana,pestana,lantana,oriana,americana,grana,quintana,manna,arianna,tropicana
lanner,anare,vanir
lanneret,banneret
lannerets,
lanners,manors,planners,spanners,enchanters,hanners,manners,scanners,banners,tanners,danners
lanni,brani,rabbani,chalasani,plani,ranney,yanni,modiliani,hani,danny,pakistani,strany,hanny,sanny,manny,anny,frannie,mannie,panny,cranney,mccraney,tranny,shanny,sani,dannie,mcnaney,manni,uncanny,franny,nanny,lanny,nanni,mchaney,danae,canny,crani-,manney,mcraney,crani,hannie,fannie,branny,hanney,plani-,falani,ferranti,canney,mariani,granny,scranny,ranny,cannae,modigliani,fanny,zanni,vanni,cranny,grani,janney,mcrainey,nanney,diianni,annie,hanni
lanny,brani,rabbani,chalasani,plani,ranney,yanni,modiliani,hani,danny,pakistani,strany,hanny,sanny,manny,anny,frannie,mannie,panny,cranney,mccraney,tranny,shanny,sani,dannie,mcnaney,manni,uncanny,franny,nanny,lanni,nanni,mchaney,danae,canny,crani-,manney,mcraney,crani,hannie,fannie,branny,hanney,plani-,falani,ferranti,canney,mariani,granny,scranny,ranny,cannae,modigliani,fanny,zanni,vanni,cranny,grani,janney,mcrainey,nanney,diianni,annie,hanni
lannie,
lannon,buchanan,canon,lannen,branon,obannon,buchannan,tannen,tanen,concannon,cunanan,mannen,chanin,hannan,brannen,fannon,montanan,dannen,gannon,annen,shannon,cannan,branin,bannon,mannon,brannan,fannin,kincannon,clanin,tannin,buchanon,annan,bannan,channon,mannan,annon,lannan,cannon,hannon,yannone,kannon,bohannan,atlantan,hannen,flannen,brannon
lanolated,
lanolin,
lanoline,
lanolines,
lanolins,
lanose,anoas,phenose,venose,crinose,winnows,spinose
lanosity,
lanosities,
lansa,pansa,sansa,ansa,kansa,hansa,jansa,gansa
lansat,lanset,blansett,lancet,lancit,blancett,narragansett
lansberg,
lansdale,assail,thumbnail,wholesale,foxtail,dwale,sail,monorail,gael,travail,voicemail,kail,fail,rail,martingale,bail,shale,unveil,female,impale,tale,guardrail,hail,fairytale,braille,trail,dovetail,cale,coattail,blackmail,dail,jail,quale,abigail,vale,countervail,airmail,stale,swale,gmail,brail,soleil,male,wail,horsetail,entail,resale,hobnail,ponytail,mail,veil,yale,orrell,exhale,avail,snail,surveil,vail,toenail,faille,kale,gail,airedale,ail,frail,dale,grail,derail,zale,telltale,nail,fantail,cocktail,wale,handrail,inhale,tail,calle,curtail,quail,flail,detail,email,pale,prevail,retail,biennale,taille,upscale,ale,scale,pail,folktale,whale,clydesdale,hale,gale,bale,greenmail,sale
lansdowne,lown,crosstown,downtown,touchdown,sundown,runaround,shantytown,hoedown,playground,shutdown,clampdown,browne,drown,clown,countdown,putdown,lowdown,crackdown,crown,hometown,uptown,frown,run-down,knockdown,godown,comedown,motown,turndown,brown,letdown,shakedown,gown,noun,renown,town,meltdown,around,chinatown,facedown,tinseltown,georgetown,down,midtown,drawdown,rundown,showdown,boomtown,markdown,jamestown,cooperstown,lockdown,breakdown,slowdown
lanse,
lanseh,pance,advance,flashdance,circumstance,dance,trance,alamance,danse,crance,hanse,nance,lafrance,transe,anse,dansk,manse,sundance,prance,enhance,rance,underfinance,glance,france,pomerance,schanz,refinance,perchance,askance,mccance,lance,stance,happenstance,pomeranz,finance,vance,expanse,romance,hance,chance,freelance,mance,schranz
lansford,bransford,transferred,ransford,hansford
lansfordite,
lansing,advancing,romancing,sansing,dancing,lancing,refinancing,prancing,glancing,chancing,trancing,freelancing,financing,enhancing
lansknecht,
lanson,
lansquenet,
lant,levant,yant,replant,tant,stant,trant,plante,confidante,dant,grant,rant,fante,ant,scant,eggplant,pant,aunt,supplant,incant,slant,quant,gant,recant,zant,brant,gantt,implant,decant,rembrandt,plant,chant,sant,enchant,kant,cant,tante,fant,zante,transplant,norplant,brandt
lanta,
lantaca,
lantaka,
lantana,tatiana,savanna,morgana,texarkana,indiana,vanna,santana,orellana,khanna,tramontana,bandana,roxana,canna,alana,mexicana,savannah,christiana,dianna,susannah,hana,nana,cana,jnana,saldana,montana,hanau,shana,banana,mariana,copacabana,prana,fontana,deanna,viviana,italiana,santa,georgiana,sanna,arana,anna,solana,danna,nanna,louisiana,cabana,humana,johanna,dannah,atlanta,thana,lanna,liliana,dahna,susanna,levana,havana,susquehanna,rosanna,jana,dulciana,adriana,arcana,gloriana,viana,sangha,brianna,chana,kana,fianna,campana,tanna,ariana,luana,oceana,vana,panna,juliana,piano,urbana,ghana,hannah,amana,lana,hanna,gitana,pollyanna,rana,joanna,edana,diana,pestana,oriana,americana,grana,quintana,manna,arianna,tropicana
lantanas,
lantanium,
lantcha,
lanterloo,
lantern,
lanterned,
lanternfish,
lanternfishes,
lanternflower,
lanterning,
lanternist,
lantern-jawed,
lanternleaf,
lanternlit,
lanternman,
lanterns,
lantern's,
lantha,
lanthana,
lanthania,
lanthanid,
lanthanide,
lanthanite,
lanthanon,
lanthanotidae,
lanthanotus,
lanthanum,
lanthopin,
lanthopine,
lanthorn,
lanthorns,
lanti,
lantry,gantry,pantry,chantry,santry
lantsang,
lantum,
lantz,underpants,tschantz,eggplants,nantes,chants,cants,pomerantz,grants,confidants,hantz,ants,brants,frantz,ehrenkrantz,bantz,aunts,rosenkrantz,zaentz,supplants,crants,gantz,rants,mccants,mantz,dantes,krantz,kantz,rantz,slants,jantz,glantz,transplants,schantz,sweatpants,buckhantz,schrantz,shantz,pants,implants,plants,mantes,grantz,hants,rantes,granz,yantz,nantz,plantz,rosenkranz,rembrandts
lanuginose,
lanuginous,
lanuginousness,
lanugo,
lanugos,
lanum,planum,stannum,ganem,brannam,lanham,brannum,ranum,phantom,branam,lannom,canam,grannam,granum,ganim,panim,hannam,annam,hannum,tranum,branum,annum,vanname
lanuvian,
lanx,
lanza,ganza,finanza,stanza,lufthansa,anza,bonanza,vitanza,leanza,danza,braganza,alianza,panza,extravaganza
lanzknecht,
lanzon,
lao,pao,highbrow,brau,kau,lough,tsao,ciao,zhao,qiao,vow,meow,bow,how,hao,plough,skow,disallow,xiao,sprow,cau,hau,powwow,howe,grau,luau,landau,brow,rau,lau,liao,rao,allow,somehow,thau,kowtow,blau,aue,now,prow,yao,shao,kao,anyhow,chao,gow,macao,powe,curacao,qingdao,bough,dao,plow,fao,thao,depauw,dowe,eyebrow,chow,mindanao,strough,shough,yow,macau,pow,cow,blough,frau,brough,sao,tsingtao,avow,sow,endow,scow,snowplow,cao,bao,bilbao,mao,wow,clough,thou,dow,tao,disavow
laoag,
laocoon,
laodah,
laodamas,
laodamia,
laodice,
laodicea,
laodicean,
laodiceanism,
laodocus,
laoighis,
laomedon,
laon,
laona,
laos,douse,dowse,guesthouse,spouse,hothouse,mouse,barnhouse,greenhouse,longhouse,chaus,crouse,firehouse,couse,dormouse,doghouse,charterhouse,sprouse,blouse,strauss,prouse,dollhouse,packinghouse,house,playhouse,roundhouse,poorhouse,knouse,whitehouse,madhouse,alehouse,youse,steakhouse,grouse,whorehouse,gauss,townhouse,henhouse,storehouse,boathouse,haus,courthouse,coffeehouse,boardinghouse,clearinghouse,clubhouse,safehouse,rouse,penthouse,bouse,clouse,kraus,straus,lighthouse,krauss,warehouse,schoolhouse,pousse,roadhouse,blockhouse,farmhouse,hause,souce,louse,slaughterhouse,statehouse,outhouse,klaus,espouse,jailhouse,woodhouse,powerhouse,inhouse
laothoe,
laotian,boation,motion,potion,devotion,demotion,kocian,hoeschen,notion,bocian,ocean,lotion,locomotion,commotion,emotion,promotion,goshen
laotians,
lao-tse,outsee,youtsey
laotto,
laotze,
lao-tzu,
lap,napp,nappe,backslap,trappe,unwrap,knapp,mapp,chap,giap,hap,kidnap,burlap,clap,trap,frappe,overlap,skycap,frap,snap,entrap,nsdap,ascap,frapp,wrap,madcap,wiretap,yapp,dapp,scrap,sapp,mishap,recap,app,map,tap,handicap,yap,bootstrap,papp,trapp,zapp,lapp,kneecap,tapp,shrap,jap,schappe,asap,nap,zap,catnap,rapp,shap,stopgap,hubcap,gap,clapp,cap,capp,crap,flytrap,stapp,slapp,slap,mousetrap,sap,kapp,pap,flap,rap,dimetapp,strap
lapacho,
lapachol,
lapactic,
lapageria,
laparectomy,
laparo-,
laparocele,
laparocholecystotomy,
laparocystectomy,
laparocystotomy,
laparocolectomy,
laparocolostomy,
laparocolotomy,
laparocolpohysterotomy,
laparocolpotomy,
laparoelytrotomy,
laparoenterostomy,
laparoenterotomy,
laparogastroscopy,
laparogastrotomy,
laparohepatotomy,
laparohysterectomy,
laparohysteropexy,
laparohysterotomy,
laparoileotomy,
laparomyitis,
laparomyomectomy,
laparomyomotomy,
laparonephrectomy,
laparonephrotomy,
laparorrhaphy,
laparosalpingectomy,
laparosalpingotomy,
laparoscope,
laparoscopy,fluoroscopy,spectroscopy
laparosplenectomy,
laparosplenotomy,
laparostict,
laparosticti,
laparothoracoscopy,
laparotome,
laparotomy,
laparotomies,
laparotomist,
laparotomize,
laparotomized,
laparotomizing,
laparotrachelotomy,
laparo-uterotomy,
lapaz,
lapb,
lapboard,
lapboards,
lap-butted,
lap-chart,
lapcock,
lapd,snee,g,carefree,indri,tree,v,oversee,b,decree,flee,referee,she,key,z,wee,see,e,thee,foresee,guarantee,gee,plea,he,quay,cc,trustee,me,lea,tea,free,d,esprit,mi,flea,payee,apogee,qi,we,emcee,di,hawaii,lessee,precis,dee,glee,bee,ghee,idiosyncrasy,actuary,pre,hee,kabuki,be,tv,turnkey,yee,repartee,scree,syncope,banshee,potpourri,ski,machete,reality,spree,cree,ne,calliope,guaranty,hyperbole,sunday,si,asap,knee,fee,ye,p,t,pee,pea,debris,nestle,xi,ac,ree,sea,c,partee,jubilee,lee,marquis,three,bourgeoisie,agree,tee,de,marquee,degree,pony,nee
lapdog,watchdog,glogg,cog,bulldog,trogue,eggnog,flog,zogg,log,grogg,bullfrog,epilogue,clague,agog,hog,synagogue,dog,smog,groundhog,plog,scrog,catalogue,monologue,sandhog,frog,tague,zaugg,blog,hedgehog,pog,haag,bog,brogue,prague,backlog,hotdog,sprog,analogue,waag,tagalog,underdog,togue,hertzog,prolog,dialogue,ogg,travelogue,pirog,fog,acog,gulag,waterlog,fogg,leapfrog,gundog,slog,hogg,clog,og,analog,jog,rog,krog,grog,haug,splog,demagogue
lap-dog,
lapdogs,
lapeer,
lapeyrouse,
lapeirousia,
lapel,bombshell,adele,excel,cel,tell,bell,intel,cell,caravel,gel,belle,maxwell,zinfandel,befell,nobel,clientele,misspell,resell,expel,infidel,bethel,mademoiselle,isabel,nutshell,impel,tel,yell,hotel,parallel,carousel,rebel,retell,repel,snell,smell,barbell,motel,mell,materiel,jell,marcel,dwell,carmel,accel,fidel,morel,mel,doorbell,bel,citadel,manuel,seashell,zel,shell,compel,propel,swell,oversell,undersell,well,foretell,cartel,stairwell,personnel,farewell,aol,noel,carel,ell,el,outsell,bluebell,dell,decibel,quell,pastel,hell,del,sel,cowbell,eggshell,elle,michelle,gazelle,dispel,l,ravel,chanel,sell,raphael,knell,dumbbell,pell,nell,spell,groundswell,fell,quel,rangel
lapeled,
lapeler,
lapelled,
lapels,smells,farewells,excels,pels,rintels,motels,novotels,seashells,elles,compels,welles,cartels,parallels,tells,cels,hotels,knells,pelz,telles,cells,bells,fels,belz,barbells,rebels,nehls,fells,ells,jells,snackwells,swells,dispels,dwells,propels,wells,kells,bluebells,misspells,nels,welz,michels,pangels,els,belles,quells,materiels,gazelles,rothwells,gelles,dumbbells,dells,schmelz,hells,bels,stairwells,shells,outsells,spells,pastels,selz,frels,gels,cowbells,nelles,repels,eggshells,sells,helles,yells,resells,nutshells,bombshells,organelles
lapel's,
lapful,apfel,sapful
lapfuls,
lapham,clapham,graffam
laphystius,
laphria,
lapicide,
lapidary,extraordinary,eyrie,pecuniary,secretary,berry,aerie,contemporary,cautionary,unnecessary,sanctuary,missionary,hairy,itinerary,scary,epistolary,beneficiary,canary,stationary,tarry,sanitary,luminary,hereditary,nary,revolutionary,arbitrary,seminary,dictionary,imaginary,commentary,ancillary,wary,fairy,apothecary,merry,literary,adversary,raspberry,legendary,necessary,veterinary,solitary,gooseberry,secondary,obituary,confectionery,culinary,library,emissary,fiduciary,mercenary,vocabulary,contrary,cherry,huckleberry,cemetery,subsidiary,customary,pulmonary,salutary,military,harry,ferry,ordinary,mary,dysentery,judiciary,tributary,airy,capillary,stationery,blueberry,dairy,prairie,proprietary,vary,mulberry,carry,estuary,marry,tertiary,primary,temporary,monastery,february,strawberry,monetary,bury,sedentary,preliminary,barre,confectionary,parry,reactionary,corollary,arie,ary,visionary,very,discretionary,unitary
lapidarian,
lapidaries,
lapidarist,
lapidate,
lapidated,
lapidates,
lapidating,
lapidation,
lapidator,
lapideon,
lapideous,
lapides,fides,silversides,confides,glucosides,insecticides,infanticides,outsides,subsides,coincides,tides,guides,resides,bromides,pesticides,polysaccharides,brides,triglycerides,whitesides,provides,prides,herbicides,collides,bides,fluorides,overrides,suicides,downsides,genocides,oxides,presides,strides,abides,fungicides,tellurides,slides,asides,glides,rides,derides,wides,azides,besides,decides,landslides,homicides,roadsides,hillsides,peptides,mountainsides,backsides,misguides,divides,fratricides,nides,insides,iodides,hides,ironsides,sides,chides
lapidescence,
lapidescent,
lapidicolous,
lapidify,
lapidific,
lapidifical,
lapidification,
lapidified,
lapidifies,
lapidifying,
lapidist,
lapidists,
lapidity,
lapidose,
lapies,
lapilli,cripply,ripply,supplely,rapilli,papillae
lapilliform,
lapillo,
lapillus,capillus
lapin,papen,lappen,rappen,happen,misshapen,tappin,tappan,tappen
lapine,piccinini,orsini,angelini,baldini,cabrini,mancini,seraphine,mussolini,carine,ballentine,santini,greenie,mcsweeney,genie,sabatini,lentini,yemeni,balentine,maline,jeannie,albertini,sweeney,martini,ardine,zucchini,leontine,beany,rini,perrine,bonine,beanie,eugenie,rossini,cellini,leany,provine,rosine,morini,toscanini,meany,sweeny,sheeny,teeny,bodine,delphine,cherubini,lamborghini,gilbertine,meiny,tweeny,celestine,latini,teenie,meanie,verine,genii,pellegrini,dini,florine,vini,dorine,bikini,bartolini,fettuccine,lepine,giannini,lienee,wahine,fellini,jeanie,bellini,puccini,queenie,houdini,greeny,marini,feeney,fini,dildine,paganini,castine,pacini,bimini,spleeny,heaney,guarini,victorine,larine,pini,deline,linguine,maurine,aveline,weeny,reny,cassini,domine,agostini,feeny
lapinized,
lapins,
lapis,pappus,pappas,kappus,papess,trappous,pappous
lapises,
lapith,
lapithae,
lapithaean,
lapiths,
lap-jointed,
laplace,
laplacian,
lapland,timberland,mainland,heartland,brand,rand,panned,manned,expand,righthand,finland,longhand,misunderstand,newsstand,demand,cropland,outland,fairyland,disneyland,wetland,dreamland,woodland,offhand,thailand,stagehand,inland,midland,shorthand,secondhand,ampersand,homeland,unplanned,armband,broadband,overland,farmhand,lande,grand,grandstand,grande,reprimand,backhand,shand,forehand,grassland,spanned,hinterland,freehand,tanned,bland,withstand,banned,strand,gland,motherland,lefthand,planned,sand,understand,unmanned,ferdinand,contraband,southland,wonderland,land,firsthand,headband,canned,hand,moorland,parkland,wasteland,beforehand,dixieland,greenland,farmland,scanned,lowland,firebrand,nightstand,stand,band,command,scand,quicksand,bandstand,fatherland,disband,handstand,remand
laplander,
laplanders,
laplandian,
laplandic,
laplandish,
lap-lap,
lapling,
lap-love,
lapm,
lapointe,gunpoint,drypoint,anoint,joynt,endpoint,disjoint,roint,counterpoint,flashpoint,viewpoint,reappoint,wellpoint,pinpoint,standpoint,disappoint,noint,knifepoint,pointe,joint,datapoint,checkpoint,midpoint,appoint,point,needlepoint
lapon,
laportea,
lapotin,
lapp,napp,nappe,backslap,trappe,unwrap,knapp,mapp,chap,giap,hap,kidnap,burlap,lap,clap,trap,frappe,overlap,skycap,frap,snap,entrap,nsdap,ascap,frapp,wrap,madcap,wiretap,yapp,dapp,scrap,sapp,mishap,recap,app,map,tap,handicap,yap,bootstrap,papp,trapp,zapp,kneecap,tapp,shrap,jap,schappe,asap,nap,zap,catnap,rapp,shap,stopgap,hubcap,gap,clapp,cap,capp,crap,flytrap,stapp,slapp,slap,mousetrap,sap,kapp,pap,flap,rap,dimetapp,strap
lappa,tappa,kappa,nappa,pappa,zappa,rappa,captcha,trapa,cappa,napa,grappa,gappa
lappaceous,
lappage,
lapped,clapped,wiretapped,happed,craped,wrapped,handicapped,frapped,recapped,rapt,unwrapped,mapped,chaped,rapped,gapped,kidnapped,snapped,knapped,flapped,entrapped,overlapped,kept,sapped,chapped,wrapt,tapped,capped,kidnaped,crapped,zapped,scrapped,burlapped,apt,dapped,slapped,trapped,untapped,yapped,strapped,napped,adapt
lappeenranta,
lapper,kidnapper,yapper,kapper,knapper,crapper,strapper,rapper,handicapper,dapper,tapper,klapper,gapper,snapper,sapor,scrapper,trapper,napper,capper,mapper,clapper,sapper,wrapper,kapur,slapper,flapper
lappered,
lappering,
lappers,
lappet,chaput,drapet,capet,tappet,kaput,tapet,capot
lappeted,
lappethead,
lappets,
lappic,yapok,kapok,chapek,capoc,yapock,sapphic,capek,capac,knapik
lappilli,
lapping,flapping,frapping,backslapping,tapping,wrapping,gapping,dapping,chapping,capping,unwrapping,strapping,mapping,overlapping,napping,rapping,yapping,happing,scrapping,zapping,trapping,sapping,clapping,recapping,crapping,handicapping,slapping,craping,wiretapping,snapping,knapping,kidnapping,kidnaping
lappish,knappish,snappish,papesh
lapponese,
lapponian,
lapps,schnaps,collapse,perhaps,taps,mishaps,maps,lapse,raps,fraps,laps,caps,chaps,overlaps,saps,yaps,snaps,kidnaps,capps,gaps,wiretaps,scraps,japs,graps,traps,wraps,millsaps,kaps,kappes,elapse,apps,naps,handicaps,straps,claps,hubcaps,bootstraps,zaps,craps,flaps,crapps,recaps,knaps,kneecaps,schnapps,slaps,relapse
lappula,crapula,papula
lapputan,
lapryor,
lap-rivet,
laps,schnaps,collapse,perhaps,taps,mishaps,maps,lapse,raps,fraps,caps,chaps,overlaps,saps,yaps,snaps,kidnaps,capps,gaps,wiretaps,scraps,japs,graps,traps,wraps,millsaps,kaps,kappes,elapse,apps,naps,handicaps,straps,claps,hubcaps,bootstraps,zaps,lapps,craps,flaps,crapps,recaps,knaps,kneecaps,schnapps,slaps,relapse
lap's,
lapsability,
lapsable,collapsible,lapsible
lapsana,
lapsation,
lapse,schnaps,collapse,perhaps,taps,mishaps,maps,raps,fraps,laps,caps,chaps,overlaps,saps,yaps,snaps,kidnaps,capps,gaps,wiretaps,scraps,japs,graps,traps,wraps,millsaps,kaps,kappes,elapse,apps,naps,handicaps,straps,claps,hubcaps,bootstraps,zaps,lapps,craps,flaps,crapps,recaps,knaps,kneecaps,schnapps,slaps,relapse
lapsed,relapsed,elapsed,collapsed
lapsey,
lapser,crapser
lapsers,
lapses,collapses,relapses,apses
lapsful,
lapsi,
lapsibility,
lapsible,collapsible,lapsable
lapsided,
lapsing,dapsang,collapsing,relapsing
lapsingly,
lapstone,
lapstrake,lap-strake
lapstreak,
lap-streak,
lapstreaked,
lapstreaker,
lapsus,thapsus
laptop,scaup,top,raindrop,barbershop,sharecrop,plop,non-stop,taupe,desktop,swap,malaprop,wop,prop,nonstop,bebop,blacktop,knop,treetop,sweatshop,mountaintop,bookshop,drop,hopp,pawnshop,shop,gigaflop,turboprop,sop,slop,opp,glop,fop,stop,kopp,hoppe,bopp,atop,countertop,klopp,bellhop,pop,co-op,chop,lop,mop,popp,dopp,bop,op,dunlop,strop,whaup,lollipop,shoppe,cop,crop,backdrop,whaap,hop,agitprop,aesop,tabletop,backstop,workshop,eavesdrop,hilltop,copp,rooftop,flop,shortstop,eyedrop
laptops,cops,hoppes,desktops,copps,swops,moppes,koppes,mflops,plops,crops,shops,turboprops,backdrops,rooftops,pawnshops,workshops,bellhops,sops,shoppes,pops,tops,slops,gflops,strops,triceratops,non-stops,mops,sweatshops,drops,kops,paysops,flops,cyclops,propps,swaps,stops,clops,props,treetops,mountaintops,lollipops,wops,ops,topps,raindrops,nonstops,rasterops,eyedrops,hops,hilltops,bookshops,gigaflops,chops,hopps,bookstops,countertops,rops
lapulapu,
laputa,
laputan,
laputically,
lapwai,
lapwing,
lapwings,
lapwork,strapwork
laquais,
laquear,nacker,backare,fakir,baccare,yakare,faqir,clacker,yacare,jacare,flacker,calker,sacchar,sacchar-
laquearia,
laquearian,
laquei,
laquey,
laqueus,
l'aquila,
lar,alar,navarre,myanmar,gar,adar,seminar,tsar,carr,amar,haar,renoir,cigar,memoir,par,magyar,rebar,far,guitar,handlebar,afar,car,registrar,star,voir,sidebar,parr,reservoir,crowbar,revoir,babar,saar,are,aargh,motorcar,sandbar,thar,marr,dakar,r,ajar,bazar,foobar,mawr,bar,avatar,railcar,disbar,starr,superstar,lamar,millibar,tar,repertoire,ar,har,mar,bazaar,commissar,scar,azar,zanzibar,mylar,jar,caviar,amritsar,alcazar,dar,cinnabar,jaguar,lodestar,qatar,dinar,nascar,char,sitar,spar,barre,streetcar,barr,radar,subpar,akbar,feldspar,boxcar,lumbar,czar,boyar,sar,hectare,bizarre,csar
lara,mara,tiara,madara,ogara,fanara,chara,sankara,dichiara,vizcarra,asmara,cantara,cassara,takara,tamara,caracara,tara,gandara,brizzolara,nara,delara,makara,timisoara,ferrara,parra,fujiwara,ibarra,sciara,malara,rara,guevara,mazzara,azzara,fiumara,sciarra,navarra,kawahara,komara,uehara,omeara,ybarra,harra,cynara,jara,marmara,barra,vergara,cucchiara,aarau,samsara,chiara,kurihara,lazzara,uyehara,zangara,kuwahara,ishihara,guadalajara,segarra,carra,amara,carrara,ficarra,shara,alcantara,miyahara,kotara,omara,mortara,matsubara,bara,negara,beshara,marra,vara,camara,farra,yoshihara,carbonara,sarra
laraine,vein,grain,entertain,aine,arraign,strain,rain,inhumane,pain,lane,detain,abstain,mane,restrain,pane,plane,lain,domain,retain,twain,arcane,migraine,maine,wain,cane,feign,vain,refrain,shane,hurricane,profane,bane,zane,pertain,membrane,gain,crain,germaine,fane,trane,again,complain,attain,sprain,bain,kane,campaign,spain,explain,fain,cocaine,wayne,germain,drain,mundane,wane,skein,contain,ane,insane,sane,thane,slain,main,stain,quain,moraine,deign,legerdemain,partain,chain,urbane,brain,obtain,constrain,airplane,rein,disdain,cain,inane,train,romaine,remain,jane,humane,plain,fein,swain,terrain,reign,germane,maintain,vane,saine,ordain,ascertain,champagne,sustain,crane,dane
laralia,
laramide,
laramie,cheramie,jeremy
larararia,
lararia,
lararium,
larbaud,
larboard,garboard
larboards,
larbolins,
larbowlines,
larc,
larcenable,
larcener,parcener
larceners,
larceny,
larcenic,
larcenies,
larcenish,
larcenist,arsonist
larcenists,
larcenous,arsenous
larcenously,
larcenousness,
larch,parch,arch-,partch,march,karcz,demarche,starch,arch,cornstarch,bartsch
larchen,harkin,markan,archean,garcon,darken,markin,sarkin,arkin,barkin,barken,larkin,clarkin,narcan,marken,barchan,barkan,harken,parkin,marcon
larcher,
larches,arcs,quarks,landmarks,barkes,benchmarks,sparkes,starkes,marcks,watermarks,marcs,darks,marks,parks,hallmarks,marx,parkes,arx,tjarks,monarchs,ballparks,oligarchs,embarks,hartmarx,sparks,clarks,starks,patriarchs,vonarx,harks,deutschemarks,earmarks,sharks,narks,birthmarks,remarks,skylarks,marques,trademarks,larks,barks,ozarks,barques,narcs
larchmont,piedmont,croissant,lafont,fairmont,enimont,conte,poissant,mont,fonte,laplant,dhondt,belmont,bondt,altamont,gauntt,enfant,want,gaunt,bromont,commandant,dronte,vaunt,newmont,confidant,inmont,crestmont,dumont,labonte,claymont,avant,rosemont,pierpont,flaunt,clermont,freemont,toutant,helmont,coutant,graunt,nonchalant,longmont,debutante,erbamont,whitemont,poussaint,shrikant,claremont,guimont,vipont,kvant,bonte,ponte,jeumont,schwandt,pylant,detente,bankvermont,haunt,gronte,restaurant,font,richemont,chaunt,lamonte,stont,ausimont,pont,daunt,storefront,aunt,lamont,prashant,vermont,jaunt,valmont,lemont,shant,oakmont,traunt,cheuvront,taunt,savant
larchwood,
larcin,
larcinry,
lard,lumberyard,blvd,postcard,billard,barnard,vcard,bankcard,scorecard,bongard,courtyard,stockyard,dillard,gaspard,carde,gard,brickyard,regard,discard,bombard,scard,barde,barred,beauregard,parred,picard,retard,bard,wildcard,ard,mastercard,chard,knarred,fugard,hard,junkyard,boatyard,godard,backyard,marred,flashcard,lifeguard,yard,graveyard,schoolyard,bodyguard,scarred,pickard,leotard,starred,gerard,shipyard,farmyard,barnyard,card,sparred,belgard,shard,renard,bernard,tarred,guard,vanguard,safeguard,churchyard,disbarred,garde,menard,broussard,boulevard,lazard,blowhard,canard,avant-garde,charred,bouchard,gnarred,nard,diehard,jarred,disregard,tared,dockyard,chouinard
lardacein,
lardaceous,
lard-assed,
larded,discarded,barded,unguarded,bombarded,yarded,safeguarded,regarded,retarded,sharded,carded,guarded,disregarded
larder,carder,ardor,harder,guarder,marder,dedeurwaerder,gaarder,yarder
larderellite,
larderer,
larderful,
larderie,
larderlike,
larders,carders,harders
lardy,debernardi,ilardi,biscardi,gherardi,azzopardi,gelardi,lagarde,bernardy,girardi,longobardi,leonardi,hardey,cardi,mastronardi,cardy,lusardi,tardy,pardy,foolhardy,ierardi,hardy,cardi-,berardi,velarde,cardie,bardy,accardi,viscardi,bernardi,gerardi,pardi,hardie,gagliardi,hardi,belgarde,giardi,mardi,velardi,gilliardi,ricciardi,pardee,licciardi,lombardi,riccardi,clardy,gilardi,dioguardi,yardie,nardi,bacardi,shardy
lardy-dardy,
lardier,
lardiest,
lardiform,
lardiner,
larding,yarding,safeguarding,yardang,barding,carding,discarding,disregarding,bombarding,regarding,retarding,harding,guarding
lardite,
lardizabalaceae,
lardizabalaceous,
lardlike,
lardner,gardner,bomgardner,gardiner,bumgardner,baumgardner
lardon,hard-on
lardons,
lardoon,
lardoons,
lardry,ardrey
lards,boulevards,courtyards,safeguards,flashcards,scorecards,jards,guards,postcards,blowhards,discards,hildegardes,yards,diehards,bernards,bards,bodyguards,backyards,cards,lifeguards,nards,regards,sards,stockyards,shards,bankcards,graveyards,junkyards,lumberyards,mastercards,shipyards,disregards,hards,retards,datacards
lardworm,
lare,altair,forswear,scare,lair,blair,compare,dare,footwear,nightmare,ensnare,blare,armchair,eyre,hair,hare,millionaire,affair,bear,thoroughfare,solitaire,bair,anywhere,prepare,rare,cookware,warfare,earthenware,nowhere,childcare,software,square,guerre,stare,stair,chair,pear,medicare,care,doctrinaire,terre,fanfare,heir,pare,hardware,spare,threadbare,snare,there,debonair,share,mare,err,underwear,cher,flair,unfair,glare,their,ere,ware,mer,elsewhere,flare,aware,clair,wear,daycare,malware,welfare,declare,repair,bare,everywhere,aer,claire,mohair,questionnaire,extraordinaire,despair,tear,airfare,delaware,gare,faire,healthcare,fare,impair,dispair,prayer,beware,fair,forebear,where,pair,timeshare,air,swear,unaware
lareabell,
laredo,figueiredo,escobedo,alfredo,ledo,saucedo,oviedo,quevedo,loredo,play-doh,vornado,wilfredo,caicedo,dedo,credo,loffredo,paredo,macedo,acevedo,daido,pinedo,olmedo,manfredo,azevedo,canedo,sado,goffredo,salcedo,figueredo,robledo,ileto,tancredo,bastedo,shiseido
laree,bourree,saree,doree
lareena,
larees,
lareine,
larena,lorena,celena,mckenna,vienna,maddalena,renna,gena,frena,hegenna,bena,genna,sena,glenna,tena,antenna,lapenna,dellapenna,ravenna,penna,sienna,senna,jenna,kenna,scatena,cesena,ena,ognibene,henna,erena,fermenta,desena,ellena,duena,stena,delapena,quena,plena,pena,bene,sirena,brenna,alzena,gerena,camarena,modena,scena,madelena,laurena,crena,menna
larentalia,
larentia,
larentiidae,
lares,tares,nares
laresa,
largamente,
largando,
large,telecharge,charge,targe,marje,parge,surcharge,turbocharge,discharge,marge,mischarge,sarge,barge,supercharge,enlarge,recharge,sparge,lafarge,overcharge,countercharge,farge
large-acred,
large-ankled,
large-bayed,
large-billed,
large-bodied,
large-boned,
large-bore,
large-bracted,
largebrained,
large-browed,
large-built,
large-caliber,
large-celled,
large-crowned,
large-diameter,
large-drawn,
large-eared,
large-eyed,
large-finned,
large-flowered,
large-footed,
large-framed,
large-fronded,
large-fruited,
large-grained,
large-grown,
largehanded,
large-handed,
large-handedness,
large-headed,
largehearted,large-hearted
large-hearted,largehearted
largeheartedly,
largeheartedness,
large-heartedness,
large-hipped,
large-horned,
large-leaved,
large-lettered,
largely,
large-limbed,
large-looking,
large-lunged,
large-minded,
large-mindedly,
large-mindedness,
large-molded,
largemouth,
largemouthed,
largen,sargen,dargan,vonbargen,gargan,jargon,bargain,sargon,hargan,argun
large-natured,
large-necked,
largeness,
largenesses,
large-nostriled,
largent,chargeant,sergeant,sargent,sargeant,argent
largeour,
largeous,
large-petaled,
larger,barger,charger,yarger,sparger
large-rayed,
larges,barges,enlarges,surcharges,countercharges,overcharges,garges,mischarges,karges,defarges,charges,turbocharges,discharges
large-scale,
large-scaled,
large-size,
large-sized,
large-souled,
large-spaced,
largess,chargeous
largesse,assess,recess,convalesce,coalesce,obsess,headdress,nonetheless,progress,address,s,dss,presse,fluoresce,impress,es,digress,ess,hesse,inverness,press,bess,tess,cmos,suppress,repossess,profess,ccs,possess,letterpress,requests,stress,nes,cress,outguess,excess,oas,process,cbs,egress,compress,depress,bless,fress,gress,reassess,transgress,finesse,uss,redress,unless,yes,abs,nevertheless,watercress,chess,mess,abscess,distress,fess,confess,tress,regress,access,ines,lcs,dress,ts,fesse,express,dispossess,attests,jess,caress,acquiesce,hess,aggress,ws,noblesse,overdress,gesse,repress,guess,less,undress,success,oppress,ls,ques,wes,les,ness,esse
largesses,
largest,
large-stomached,
larget,
large-tailed,
large-thoughted,
large-throated,
large-type,
large-toothed,
large-trunked,
large-utteranced,
large-viewed,
large-wheeled,
large-wristed,
larghetto,
larghettos,
larghissimo,
larghissimos,
largy,
largifical,
largish,
largishness,
largition,
largitional,
largo,key-largo,argo,margo,margot,mccargo,tamargo,sargo,vargo,embargo,spargo,camargo
largos,argas,bargas,argos
lari,
laria,
larianna,
lariat,herriot,harriet,variate,proletariat,secretariat,iscariot,marriott,herriott,merriott,chariot
lariated,
lariating,
lariats,
larick,
larid,jarryd,arid,gared,sarod,marad,garrod,farad
laridae,sparidae,scaridae,paridae,haredi
laridine,
larigo,
larigot,
lariid,
lariidae,
larikin,
larimer,
larimor,
larimore,latimore,seymore,larrimore,lattimore,seymour,mortimore,gallimore
larin,
larina,neenah,xena,seraphina,melvina,athena,albina,reina,vaccina,rina,alcina,adina,magdalena,davina,christina,cristina,catena,subpoena,domina,krajina,cadena,georgina,vina,herzegovina,dina,cantina,selena,philomena,catalina,semolina,medina,nina,bina,zena,erina,lina,mina,concertina,serena,hyena,edina,florentina,messina,marina,covina,gallina,molina,regina,cortina,katrina,ianthina,alina,bettina,fraena,farina,patina,sheena,latina,tina,verbena,argentina,purina,celina,gardena,mena,angelina,salina,faena,sardina,veena,ina,gina,rosina,sabina,sabrina,jena,macarena,hercegovina,cartagena,serafina,rena,rowena,arena,proserpina,sabena,valentina,quina,jeana,siena,martina,lena,ballerina,avina,galena,spina,vena,pyrena,pina,dena,irina
larinae,
larine,piccinini,orsini,angelini,baldini,cabrini,mancini,seraphine,mussolini,carine,ballentine,santini,greenie,mcsweeney,genie,sabatini,lentini,yemeni,balentine,maline,jeannie,albertini,sweeney,martini,ardine,zucchini,leontine,beany,rini,perrine,bonine,beanie,eugenie,rossini,cellini,leany,provine,rosine,morini,toscanini,meany,sweeny,sheeny,teeny,bodine,delphine,cherubini,lamborghini,gilbertine,meiny,tweeny,celestine,lapine,latini,teenie,meanie,verine,genii,pellegrini,dini,florine,vini,dorine,bikini,bartolini,fettuccine,lepine,giannini,lienee,wahine,fellini,jeanie,bellini,puccini,queenie,houdini,greeny,marini,feeney,fini,dildine,paganini,castine,pacini,bimini,spleeny,heaney,guarini,victorine,pini,deline,linguine,maurine,aveline,weeny,reny,cassini,domine,agostini,feeny
laryng-,pharyng-,marang,parang,barong,pharyng,areng,laryng,harring
laryngal,
laryngalgia,
laryngeal,serial,sheal,scheol,pineal,sweal,sheol,endothelial,wheal,theol
laryngeally,
laryngean,
laryngeating,
laryngectomee,
laryngectomy,pharyngectomy
laryngectomies,
laryngectomize,
laryngectomized,
laryngectomizing,
laryngemphraxis,
laryngendoscope,
larynges,pharynges
laryngic,
laryngismal,
laryngismus,
laryngitic,
laryngitis,moraitis,hepatitis,arvanitis,osteoarthritis,whitis,pleuritis,zemaitis,mazaitis,citess,titus,detritus,bronchitis,arthritis,encephalitis,meningitis,vitis,mastoiditis,fleitas,phlebitis,vitus,gastritis,situs,unitas,petraitis
laryngitises,
laryngitus,
laryngo-,laryngo,pharyngo-,pharyngo,eringo,eryngo
laryngocele,
laryngocentesis,
laryngofission,
laryngofissure,
laryngograph,
laryngography,
laryngology,pharyngology
laryngologic,
laryngological,
laryngologist,
laryngometry,
laryngoparalysis,
laryngopathy,
laryngopharyngeal,
laryngopharynges,
laryngopharyngitis,
laryngopharynx,
laryngopharynxes,
laryngophony,
laryngophthisis,
laryngoplasty,
laryngoplegia,
laryngorrhagia,
laryngorrhea,
laryngoscleroma,
laryngoscope,strope,lope,allotrope,epitope,interscope,gastroscope,swope,hope,telescope,schoepf,antroscope,oscilloscope,softsoap,tope,sope,gyroscope,kope,shope,knope,envelope,trope,partenope,horoscope,pope,microscope,stethoscope,heliotrope,koep,ophthalmoscope,schoepp,polariscope,mope,tightrope,soap,cantaloupe,antelope,misanthrope,kaleidoscope,cope,stope,grope,endoscope,isentrope,periscope,isotope,dope,proctoscope,slope,rope,nope,scope,elope,koepp,bronchoscope,groep
laryngoscopy,snee,g,carefree,indri,tree,v,oversee,b,decree,flee,referee,she,key,z,wee,see,e,thee,foresee,guarantee,gee,plea,he,quay,cc,trustee,me,lea,tea,free,d,esprit,mi,flea,payee,apogee,qi,we,emcee,di,hawaii,lessee,precis,dee,glee,bee,ghee,idiosyncrasy,actuary,pre,hee,kabuki,be,tv,turnkey,yee,repartee,scree,syncope,banshee,potpourri,ski,machete,reality,spree,cree,ne,calliope,guaranty,hyperbole,sunday,si,asap,knee,fee,ye,p,t,pee,pea,debris,nestle,xi,ac,ree,sea,c,partee,jubilee,lee,marquis,three,bourgeoisie,agree,tee,de,marquee,degree,pony,nee
laryngoscopic,isentropic,tropic,philanthropic,isotopic,kopeck,polytropic,endoscopic,myopic,laparoscopic,microscopic,scopic,telescopic,hydropic,popick,hopak,coppock,gyroscopic,geotropic,topic
laryngoscopical,fickle,pumpernickel,vansickle,nicholl,nicoll,wikel,sickel,bickle,mikel,nikkel,rickel,nickol,mikell,hickel,tickle,trickle,nicol,pickell,pickel,nickle,hickle,stickle,ikle,mcnichol,bickel,brickell,mcnickle,mcmickle,ickle,quickel,mickle,trickel,stickel,ferronickel,brickle,fickel,bickell,pickle,nickell,vansickel,sichel,dickel,nickel,brickel,pikul,sickle,mickel
laryngoscopically,
laryngoscopies,
laryngoscopist,
laryngospasm,
laryngostasis,
laryngostenosis,
laryngostomy,
laryngostroboscope,
laryngotyphoid,
laryngotome,syringotome,pharyngotome
laryngotomy,pharyngotomy,myringotomy,syringotomy
laryngotomies,
laryngotracheal,
laryngotracheitis,
laryngotracheoscopy,
laryngotracheotomy,
laryngovestibulitis,
larynx,pharynx
larynxes,caranx,pharynxes
laris,arris,varisse,clarrisse,pharis,larus,carus,mcdaris,caris,harriss,carris,scarus,garis,marris,barris,paris,garous,barrus,fitzharris,kaross,parus,varices,varus,garris,glarus,clarisse,sarris,pharris
larisa,tarrasa,carisa
larissa,lisa,kulesa,univisa,erisa,chiesa,charissa,elisa,teresa,carissa,delisa,isa,cammisa,corisa,lesa,clerissa,elissa,theresa,raisa,alisa,yoshihisa,risa,aisa,pisa
laryssa,
larithmic,
larithmics,
larix,araks,barracks,varix,araxes,carex
larixin,
lark,shark,embark,chark,hallmark,ballpark,dark,hashmark,remark,pockmark,marc,earmark,barch,darke,demark,sark,birthmark,goldmark,starc,bsarch,oligarch,clarke,saarc,barke,karch,starke,parc,stark,merc,sparc,garch,narc,clark,marque,arc,mark,patriarch,ark,denmark,postmark,bismarck,quark,arche,park,spark,hark,bark,barque,benchmark,yarke,skylark,ozark,snark,landmark,watermark,starck,disembark,parke,matriarch,marke,harc,bismark,meadowlark,monarch,aardvark,trademark
lark-colored,
larked,unremarked,harked,earmarked,narked,sparked,parked,trademarked,arced,marked,pockmarked,sharked,postmarked,barked,embarked,remarked,unmarked
larker,sparker,starker,barker,parker,polymarker,darker,marker,harker,sharker
larkers,
lark-heel,
lark-heeled,
larky,marchi,barky,snarky,mullarkey,demarchi,darky,archi-,sharkey,marcie,archey,darkie,parky,archi,narky,oligarchy,darkey,sparky,patriarchy,darcie,harkey,trimarchi,malarkey,sarky,matriarchy,larkey,markie,hierarchy,marky,lamarche,parcae,archae
larkier,
larkiest,
larkin,harkin,markan,archean,garcon,darken,markin,sarkin,arkin,barkin,larchen,barken,clarkin,narcan,marken,barchan,barkan,harken,parkin,marcon
larkiness,
larking,remarking,earmarking,marking,parking,arcing,harking,carking,sparking,sarking,sharking,embarking,barking
larkingly,
larkins,harkins,darkens,parkins,hearkens,harkens
larkish,
larkishly,
larkishness,
larklike,
larkling,
larks,arcs,larches,quarks,landmarks,barkes,benchmarks,sparkes,starkes,marcks,watermarks,marcs,darks,marks,parks,hallmarks,marx,parkes,arx,tjarks,monarchs,ballparks,oligarchs,embarks,hartmarx,sparks,clarks,starks,patriarchs,vonarx,harks,deutschemarks,earmarks,sharks,narks,birthmarks,remarks,skylarks,marques,trademarks,barks,barques,ozarks,narcs
lark's,
larksome,
larksomes,
larkspur,spur,restaurateur,pur,blur,ur,transfer,concur,incur,thur,durr,deter,gurr,defer,amateur,lafleur,bir,connoisseur,per,birr,burr,bur,schwer,monsieur,inter,ramseur,infer,demur,prefer,restauranteur,fur,murr,fleur,longspur,eure,yer,confer,myrrh,schur,er,her,spurr,cur,ter,sur,schnur,ker,ver,recur,derbyshire,refer,kerr,scher,saboteur,cofer,furr,mercosur,hur,sir,stir,der,fer,were,entrepreneur,dirr,shirr,liqueur,fir,shur,sher,shir,reoccur,purr,pere,chauffeur,slur,stuhr,occur
larkspurs,
larksville,
larlike,
larmier,barmier
larmoyant,
larn,
larnakes,
larnaudian,
larnax,
larned,yarned,darned,harned
larner,arner,farner,karner,marner,varner,fahrner,barner,carner,foreigner,starner,bumgarner,garner,baumgarner,darner,harner
larnyx,
larochelle,
laroy,
laroid,scirrhoid,scleroid,toroid,choroid,oroide,scaroid
laron,
larose,tosi,lugosi,amorosi,labrosse,nkohse,grossi,locy,cangelosi,kaposi,kosy,locey,nicolosi,koci,carosi,cardosi,poaceae,rowsey,yossi,bugliosi,cosi,preziosi,bossi,colosi,soucy,cangialosi,pelosi,lacosse
larousse,
larrabee,farabee,larabee,maghrebi,araby
larree,
larry,extraordinary,eyrie,pecuniary,secretary,berry,aerie,contemporary,cautionary,unnecessary,sanctuary,missionary,hairy,itinerary,scary,epistolary,beneficiary,canary,stationary,tarry,sanitary,luminary,hereditary,nary,revolutionary,arbitrary,seminary,dictionary,imaginary,commentary,ancillary,wary,fairy,apothecary,merry,literary,adversary,raspberry,legendary,necessary,lapidary,veterinary,solitary,gooseberry,secondary,obituary,confectionery,culinary,library,emissary,fiduciary,mercenary,vocabulary,contrary,cherry,huckleberry,cemetery,subsidiary,customary,pulmonary,salutary,military,harry,ferry,ordinary,mary,judiciary,tributary,airy,capillary,stationery,blueberry,dairy,prairie,proprietary,vary,mulberry,carry,estuary,marry,tertiary,primary,temporary,monastery,february,strawberry,monetary,bury,sedentary,preliminary,barre,confectionary,parry,reactionary,corollary,arie,ary,visionary,very,discretionary,unitary
larrie,
larries,
larrigan,carrigan,garrigan
larrigans,
larrikin,
larrikinalian,
larrikiness,
larrikinism,
larrikins,
larriman,
larrisa,
larrup,
larruped,
larruper,
larrupers,
larruping,
larrups,
lars,barres,handlebars,gars,boxcars,marz,ours,barz,radars,aerostars,bazaars,sitars,vars,sidebars,minicars,marrs,registrars,superstars,barrs,czars,guitars,bars,spars,tokars,tsars,chars,reservoirs,magyars,haars,jars,kahrs,avatars,starrs,nars,hectares,cigars,dinars,ares,seminars,memoirs,cars,pars,feldspars,jaguars,scars,sars,stars,mars,railcars,maars,motorcars,renoirs,baars
larsa,parsa,sarsa
larsen,ingimarson,larson,marson,mccarson,larsson,richarson,garson,carson,farson,barson,arson,parson,arschin,farcin,karson
larsenite,
larslan,
larson,ingimarson,larsen,marson,mccarson,larsson,richarson,garson,carson,farson,barson,arson,parson,arschin,farcin,karson
l-arterenol,
larto,
larue,breakthrough,glue,u,que,clue,cuckoo,into,overview,canoe,new,emu,anew,hitherto,spew,review,loo,flue,purview,tattoo,eschew,woo,coup,queue,poo,ingenue,vue,ewe,barbecue,strew,redo,true,outdo,goo,rendezvous,undue,blue,shue,avenue,roux,slew,xu,zoo,ensue,taboo,to,skew,boo,interview,lieu,crew,adieu,sue,renew,screw,few,q,yahoo,you,coo,yew,debut,thru,cue,dew,view,shoe,lulu,vu,chew,who,ado,retinue,stew,statue,accrue,through,bamboo,pursue,rue,hew,imbue,do,askew,due,two,too,flu,mew,undo,gnu,guru,residue,revenue,tissue,construe,shrew,subdue,brew,hue,pew
larum,tarim,muharram,garum,karam,maremme,param,carum,sarum,carom,carrom,haram,marum,harim
larum-bell,
larums,
larunda,
larus,arris,varisse,clarrisse,pharis,carus,mcdaris,caris,harriss,laris,carris,scarus,garis,marris,barris,paris,garous,barrus,fitzharris,kaross,parus,varices,varus,garris,glarus,clarisse,sarris,pharris
larussell,
larva,narva,marva,delmarva,arva
larvacea,
larvae,garvey,garvie,carvey,jarvie,jarvi,jarvey,harvie,corvi,corve,harvey,arvey
larval,harvel,harvill,arval,harvell,carvol,marvel
larvalia,
larvaria,
larvarium,
larvariums,
larvas,
larvate,
larvated,
larve,farve,starve,carve,sparve,arve,artcarve,harve,parve,harv,varve,marv
larvi-,
larvicidal,
larvicide,larvacide
larvicolous,
larviform,
larvigerous,
larvikite,
larviparous,
larviposit,
larviposition,
larvivorous,
larvule,
larwill,
larwood,
las,gloss,os,moss,voss,fosse,alsace,criss-cross,boss,toss,bloss,crosse,hahs,semigloss,haas,goss,foss,oss,clos,cos,sloss,rosse,cross,tawse,helios,hausse,hawse,abbas,dos,krause,vos,knosp,grosse,caguas,closs,mos,hamas,noss,koss,ross,ros,crisscross,bosque,schloss,recross,kos,soss,across,stoss,pos,cross-,bos,bras,hoss,blas,kaas,albatross,joss,emboss,mohs,lacrosse,floss,kloss,sauce,dross,tomas,gosse,coss,bosse,loss,poss,applesauce,doss,pangloss
lasa,
lasagna,vanya,banja,tanya,naranja,tonya,titania,banya,lamagna,tania
lasagnas,
lasagne,fasten,glasson,tassin,chason,kassin,bassin,yasin,clason,stassen,gascogne,dracin,hassen,casson,yassin,cassin,fason,kasson,bason,kassan,chasin,cason,mcglasson,lassen,nason,masson,klassen,gassen,hasson,classon,sasin,pengassan,glassen,assen,plasson,kassen,classen,passon,assassin,sasson
lasagnes,
lasal,
lasala,bangala,ramallah,meola,kubala,scala,ndola,hakala,impala,wallah,rogala,kerala,adalah,walla,bolla,chawla,kabbalah,amygdala,sabala,tafolla,zappala,marsala,zabala,corolla,stola,guatemala,sala,koala,zavala,lala,holla,machala,arreola,domagala,vala,odwalla,vadala,wala,ruhollah,kampala,rolla,kholah,mollah,alcala,skala,fiala,haapala,cholla,magdala,cala,kuala,oglala,whala,sigala,paula,golla,allah,cipolla,alla,neola,depaula,ojala,cecala,mancala,seppala,mccollough,nuala,begala,feola,savala,cicala,abdollah,butala,ayala,rajala,mala,bala,matala,isola
lasalle,commerciale,pal,devalle,nasional,institucional,al,skall,dolezal,edival,maneval,dal,lal,wintershall,scall,malle,royale,thraldom,carbajal,coufal,duval,chaparral,reale,huval,rationale,perceval,kal,vitale,quesal,guadalcanal,cal,carvajal,morale,halle,mal,el-al,nadal,pascale,corral,pascal,canal,gal,locale,vidal,ralegh,schmal,roubal,hal,doral,unocal,internacional,bal,prchal,sal,kral,thralldom,chorale,amaral,shall,chagall,thal,cargal,yigal,generale,val
lasarwort,
lascar,masquer,lasker,asker,madagascar,masker,tasker
lascaree,
lascarine,
lascars,
lascassas,
lascaux,dofasco,vasco,masco,velazco,rascoe,casco,brasco,tabasco,fiasco,ebasco,asko,glassco,pascoe,nasco,glascoe,mohasco,lasko
laschety,
lascivient,
lasciviently,
lascivious,oblivious
lasciviously,
lasciviousness,
lasciviousnesses,
lase,resumes,paise,rays,fraise,leis,drays,ukase,delays,raise,hayes,dase,plays,protease,lyonnaise,displays,clays,hays,swayze,mores,craze,rephrase,portrays,leys,bayes,stays,relays,edgeways,essays,crase,iras,pais,paraphrase,x-rays,haze,always,polonaise,chaise,mase,entrees,braze,cliches,lays,mays,amaze,blaze,sais,airways,phrase,blaise,res,blase,weighs,maze,prase,rase,days,gaze,crays,cayes,aways,phase,gays,holidays,trays,conveys,daze,maize,smaze,glaze,rnase,mayonnaise,bays,blaize,ablaze,anyways,sideways,braise,ways,graze,folkways,pathways,maes,pays,dais,nowadays,arrays,raze,baze,strays,faze,outlays,sundays,malaise,baize,hase,dismutase,praise,appraise
lased,paused,caused,drozd
laser,gazer,graser,graeser,mazer,razer,taser,grazer,rukeyser,appraiser,blaser,lazar,kayser,braiser,fundraiser,kaser,razor,rasor,peyser,hazor,naser,blazer,hellraiser,frazer,raiser,blaiser,lazer,raser,kaeser,glazer,blazar,gaiser,nazer,qasr,praiser,stargazer,phasor,hazer,heyser,fraser,glaeser,trailblazer,gazar,maser,thaser,raisor,phaser,glaser
laserdisk,
laserdisks,
laserjet,
laserpitium,
lasers,gazers,stargazers,fundraisers,raisers,masers,trailblazers,appraisers,grazers,blazers,razors
laser's,
laserwort,
lases,clauses,plazas,gauzes,vases,causes,pauses,vosges
lash,slapdash,dash,cybercash,gash,mishmash,stash,dasch,sash,kash,backslash,plash,hash,jordache,potash,asch,brasch,shash,asche,mash,nash,lasch,slash,crash,pash,mustache,abash,ash,clash,hasch,thrash,eyelash,ashe,balderdash,bash,rehash,nashe,noncash,cash,moustache,rash,flash,whiplash,splash,backlash,smash,trash,basch,cache,tash,gnash,brash,rasch
lashar,
lashed,thrashed,gashed,splashed,hashed,cashed,abashed,stashed,smashed,rasht,bashed,mustached,slashed,fashed,dashed,mashed,flashed,clashed,cached,trashed,sashed,unabashed,gnashed,crashed,plashed
lasher,casher,flasher,splasher,slasher,masher,bashore,thrasher,brasher,rasher,ashur,frasher,bashor,basher,ascher,crasher,smasher,dasher,asher,hasher
lashers,
lashes,mashes,whiplashes,ashes,flashes,mustaches,trashes,cashes,gnashes,eyelashes,hashes,sashes,smashes,dashes,rashes,crashes,thrashes,stashes,splashes,backslashes,gashes,caches,slashes,clashes,mattias,bashes,backlashes
lashing,stashing,rehashing,thrashing,fasching,bashing,gnashing,trashing,caching,dashing,fashing,mashing,crashing,gashing,clashing,cashing,splashing,flashing,hashing,smashing,slashing,plashing
lashingly,
lashings,flashings
lashins,
lashio,
lashkar,ashir,kasher,bashkir
lashkars,
lashless,
lashlight,
lashlite,
lashmeet,
lashness,
lashoh,
lashond,
lashonda,
lashonde,
lashondra,
lashorn,
lash-up,smash-up,smashup,mash-up,mashup
lasi,
lasianthous,
lasing,clausing,causing,pausing
lasiocampa,
lasiocampid,
lasiocampidae,
lasiocampoidea,
lasiocarpous,
lasius,
lask,mask,pasch,rask,masque,unmask,cask,basque,task,bask,pask,trask,ask,multitask,flask,pasque
lasker,masquer,asker,madagascar,masker,tasker,lascar
lasket,casquet,tacit,massett,flasket,cassatt,fassett,assot,fascet,facet,basset,hassett,tacet,mascotte,placet,placit,cohasset,acet-,gassett,tasset,pacate,multifacet,bassett,masqat
laski,nicoski,petroski,moraski,jacoboski,ahoskie,polaski,mccoskey,koskey,mcclosky,polasky,muraski,foskey,croskey,kosky,krempasky,morosky,cerankosky,hausky,mccroskey,bosqi,brosky,visclosky,repasky,mccloskey
lasky,delaski,mcclaskey,caskey,mccaskey,olasky,paskey,podrasky,ascii,kaske,murasky,laskey,passkey,pulaski,uliaski
lasking,
lasko,dofasco,vasco,masco,velazco,rascoe,casco,lascaux,brasco,tabasco,fiasco,ebasco,asko,glassco,pascoe,nasco,glascoe,mohasco
lasley,masley,crassly,pasley,haessly,grassley
lasmarias,
lasonde,
lasorella,
laspeyresia,
laspisa,
laspring,
lasque,
lass,glas,sassafras,eelgrass,ass,alsace,masse,eyeglass,underclass,bypass,grass,harass,class,chasse,pass,bass,vass,wrasse,hourglass,basse,alas,brass,overpass,blass,repass,bluegrass,sunglass,plexiglas,morass,snodgrass,strass,lasse,yass,kvass,fiberglass,middle-class,casque,grasse,glass,tass,tasse,frass,underpass,surpass,sass,gas,nass,fass,contrasts,plas,sas,landmass,rasse,crass,trass,plexiglass,das,cass,casse,brasse,bras,last,smartass,outclass,mass,hass,cas,trespass,impasse,spyglass,gras,jackass,sasse,ras,amass
lassa,thalassa,rzasa,dasa,jossa,casa,premadasa,casassa,haussa,lhasa,ossa,hiromasa,kielbasa,fossa,bourassa,masa,matassa,cossa,mombasa,bokassa,cahasa,lanasa,alcasa,glossa,asa,kinshasa,diasa,corsa,kolasa,causa,enasa,vaasa,benincasa,basa
lassalle,hassell,mascle,vassal,tahsil,castle,hassle,gracile,basle,newcastle,mountcastle,kassel,brasil,hassel,ygdrasil,cassell,grassl,vantassell,grassel,astle,sphacel,wrastle,tassel,greencastle,rassle,kasell,brassell,cassel,nacelle,hardcastle,phasel,facile,passel,kasel,brasel,yggdrasil,vassel,vantassel,kastle
lasse,glas,sassafras,eelgrass,ass,alsace,masse,eyeglass,underclass,bypass,grass,harass,class,chasse,pass,bass,vass,wrasse,hourglass,basse,alas,brass,overpass,blass,repass,bluegrass,sunglass,plexiglas,lass,morass,snodgrass,strass,yass,kvass,fiberglass,middle-class,casque,grasse,glass,tass,tasse,frass,underpass,surpass,sass,gas,nass,fass,contrasts,plas,sas,landmass,rasse,crass,trass,plexiglass,das,cass,casse,brasse,bras,last,smartass,outclass,mass,hass,cas,trespass,impasse,spyglass,gras,jackass,sasse,ras,amass
lassell,
lasser,grasser,kassar,vasseur,vasser,passer,nassar,sasser,yasser,vassar,placer,masur,massar,nasser,gasser,crasser,harasser,strasser,cassar,masser,glasser,brasseur,asser,masseur
lasses,landmasses,bypasses,boardingpasses,morasses,outclasses,molasses,harasses,basses,eyeglasses,glasses,classes,thasos,gases,brasses,hourglasses,overpasses,passes,asses,wrasses,sunglasses,surpasses,agassiz,tasses,grasses,masses,gasses,amasses,fasces
lasset,
lassie,massi,tallahassee,sassy,gassy,passy,massy,blassie,brassie,kasey,uliassi,vassey,malagasy,bassi,tassi,profligacy,massie,massey,passee,jassy,chassis,efficacy,lassi,selassie,stassi,thlaspi,glassey,cassi,masci,assay,brassy,classy,cassie,grassi,grassy,paspy,plassey,hassey,fasci,passey,rasey,vasey,glassy,sassi
lassiehood,
lassieish,
lassies,inaccuracies,classis
lassiky,
lassiter,lasiter
lassitude,crassitude
lassitudes,
lasslorn,
lasso,el-paso,imasco,brasso,sasso,passow,spasso,masso,paso,basso,sargasso,grasso,asco-,tasco,dassow,brasow,jasso,vaso-,casso
lassock,
lassockie,
lassoed,
lassoer,
lassoers,
lassoes,lassos,bassos
lassoing,
lassos,lassoes,bassos
lass's,
lassu,
lassus,
last,passed,class,mast,bast,hourglass,alas,overpass,broadcast,strass,glass,frost,enthusiast,sas,cost,typecast,contrast,assed,crossed,ras,amassed,alsace,podcast,dost,pass,prost,brass,asked,tossed,casque,tass,past,frass,surpass,sass,gas,telecast,defrost,das,outlast,overcast,downcast,exhaust,cas,forecast,embossed,accost,lambaste,gras,fast,jackass,amass,steadfast,ass,masse,bypass,grass,bass,plast,simulcast,morass,kvass,harassed,tasse,caste,ast,plexiglass,blast,rebroadcast,recast,miscast,trespass,sassafras,iconoclast,pentecost,nast,harass,chasse,wrasse,hast,repass,bluegrass,vast,lass,fiberglass,aghast,ghast,rast,outcast,jost,crass,cass,holocaust,lost,cast,smartass,mass,impasse,flabbergast
lastage,
lastage-free,
last-born,
last-cyclic,
last-cited,
last-ditch,
last-ditcher,
lasted,flabbergasted,plastid,fasted,masted,sandblasted,blasted,outlasted,forecasted,contrasted,lambasted
laster,kaster,master,vaster,goodpaster,faster,mcmaster,webmaster,aster,sportscaster,blaster,macmaster,caster,castor,pastor,grandmaster,plaster,newscaster,stratocaster,quartermaster,taskmaster,headmaster,paster,toastmaster,roadmaster,burgomaster,lancaster,postmaster,broadcaster,disaster,raster,astor,schoolmaster,scoutmaster,podcaster,pilaster,jaster,buckmaster,forecaster,gaster,concertmaster,ringmaster,alabaster,oleaster
last-erected,
lasters,
lastex,plastics,gymnastics,thermoplastics,onomastics
lasty,
last-in,
lasting,everlasting,recasting,contrasting,outlasting,masting,casting,typecasting,forecasting,broadcasting,blasting,podcasting,fasting
lastingly,
lastingness,
lastings,
lastjob,
lastly,fastly,ghastly,vastly,steadfastly,astley
last-made,
last-mentioned,
last-minute,
last-named,
lastness,
lastre,
lastrup,
lasts,contrasts,blasts,forecasts,pasts,casts,castes,lambastes,telecasts,outcasts,broadcasts,newscasts,outlasts,masts,chloroplasts,enthusiasts,fasts
lastspring,
laszlo,
lat,got,astronaut,begot,yacht,nought,cannot,thought,allot,caught,snot,aught,camelot,topknot,bought,taut,dreadnought,whatnot,spot,dot,distraught,not,longshot,scot,mott,swat,lot,scott,cot,ascot,fraught,wrought,alot,brought,sought,mascot,bott,overwrought,robot,slingshot,wat,apricot,motte,trot,rot,jot,straught,taught,tot,huguenot,crackpot,baht,potshot,upshot,knot,ought,squat,ot,juggernaut,pott,argonaut,lott,croat,shot,boycott,onslaught,earshot,loquat,watt,hot,ocelot,scattershot,aforethought,hotshot,aquanaut,forethought,gunshot,clot,ararat,haut,naught,teapot,ott,lotte,cosmonaut,afterthought,sadat,snapshot,pot,slot,sot,plot,fought,forgot,jackpot,blot
lat.,
lata,bharata,zlata,flota,lotta,ogata,elata,nunziata,vannatta,mendota,donata,flauta,botta,yotta,cassata,carlotta,traviata,annunciata,kalata,annunziata,marotta,algata,desiderata,stigmata,baratta,arata,tata,scrota,rotta,oughta,cannata,licata,cotta,murata,flotta,cantata,hirata,scarlata,yamagata,consolata,cammarata,yotta-,iwata,grata,autoplasty,camarata,otoplasty,hata,santagata,lopata,lysistrata,shibata,dagata,quata,renata,gotta,janata,arcata,lafata,granata,mahabharata,renate,teradata,takata,plata,nagata,miata,salata,sakata,nakata,zapata,fatah,covatta,regatta,nata,inkatha,juniata,sonata,mata,ata,fata,vanatta
latah,beata,strata,ameridata,natta,schemata,patka,data,chahta,hatta,batta,matta,natka,wmata,kata-,sense-data,cata-,rata,latta,blatta,tatta,atta,datta
latakia,
latakias,
latania,
latanier,
latashia,
latax,
latch,vache,cratch,bratsch,matsch,vlach,gatch,bache,kach,unattach,lach,cumberbatch,attach,mache,reattach,rache,hach,thatch,lache,crache,rematch,whitlatch,natch,ratch,overmatch,fratch,grzywacz,scratch,fache,thach,smatch,gach,rach,brach,latsch,catch,thermopatch,hatch,stach,snatch,drach,dispatch,scatch,krach,flach,tatch,klatch,detach,match,potlatch,mismatch,tache,batch,slatch,patch,tkach,trache,tatsch
latched,matched,mismatched,reattached,attached,overmatched,patched,unmatched,snatched,batched,hatched,detached,scratched,catched,bached,dispatched,thatched,unattached,macht
latcher,
latches,hatches,scatches,snatches,laches,machos,baches,matches,achaz,scratches,attaches,mismatches,dispatches,batches,patches,catches,detaches,stachys,thatches
latchet,ratchet,matchet,brachet,rachet,hatchett,fachet,patchett,matchett,hatchet
latchets,
latching,matching,baching,snatching,dispatching,catching,thatching,hatching,attaching,batching,scratching,patching
latchkey,snee,g,carefree,indri,tree,v,oversee,b,decree,flee,referee,she,key,z,wee,see,e,thee,foresee,guarantee,gee,plea,he,quay,cc,trustee,me,lea,tea,free,d,esprit,mi,flea,payee,apogee,qi,we,emcee,di,hawaii,lessee,precis,dee,glee,bee,ghee,idiosyncrasy,actuary,pre,hee,kabuki,be,tv,turnkey,yee,repartee,scree,syncope,banshee,potpourri,ski,machete,reality,spree,cree,ne,calliope,guaranty,hyperbole,sunday,si,asap,knee,fee,ye,p,t,pee,pea,debris,nestle,xi,ac,ree,sea,c,partee,jubilee,lee,marquis,three,bourgeoisie,agree,tee,de,marquee,degree,pony,nee
latch-key,
latchkeys,
latchless,
latchman,
latchmen,
latchstring,
latch-string,
latchstrings,
late,communicate,appropriate,mitigate,wait,deprecate,gait,accommodate,adequate,anticipate,procrastinate,alternate,inculcate,delineate,dedicate,date,plate,exonerate,integrate,freight,postulate,compensate,predicate,separate,denigrate,arrogate,profligate,rate,appreciate,estimate,elucidate,weight,fate,commiserate,collaborate,repudiate,innate,moderate,mate,delegate,abate,subordinate,coordinate,precipitate,relate,intimate,initiate,vacillate,manipulate,update,emanate,consummate,trait,evaluate,graduate,straight,assimilate,designate,abrogate,deliberate,debate,elaborate,slate,articulate,reiterate,indicate,abdicate,stipulate,obviate,emulate,exacerbate,surrogate,conflate,mandate,spate,associate,incorporate,estate,desolate,disseminate,facilitate,contemplate,state,propagate,create,advocate,dissipate,alleviate,cultivate,corroborate,ameliorate,resonate,great,collate,rait,demonstrate,obfuscate,gate,extrapolate,consolidate,celebrate
latea,
late-begun,
late-betrayed,
late-blooming,
late-born,
latebra,
latebricole,
late-built,
late-coined,
late-come,
latecomer,
late-comer,
latecomers,
latecoming,
late-cruising,
lated,slated,incorporated,irritated,antiquated,situated,stipulated,bifurcated,precipitated,infatuated,unadulterated,consecrated,corrugated,attenuated,reiterated,affiliated,intimated,orientated,understated,belated,bated,designated,emanated,agitated,related,frustrated,inundated,created,exaggerated,allocated,serrated,automated,excoriated,nauseated,inebriated,feted,eviscerated,abated,emaciated,opinionated,outdated,intimidated,overrated,educated,separated,exasperated,dated,stated,devastated,anticipated,initiated,elevated,truncated,predicated,dissipated,indicated,substantiated,exonerated,unabated,articulated,dilapidated,elated,complicated,annotated,motivated,alienated,consolidated,encapsulated,liberated,exacerbated,integrated,perforated,delineated,located,deprecated,incarcerated,associated,promulgated,isolated,obligated,intoxicated,sated,prorated,contaminated,relegated,cultivated,incapacitated,graduated,sophisticated,decapitated,concentrated,animated,unmitigated,appreciated,interrelated,aggravated,mandated,aggregated,saturated,mitigated,fascinated
late-disturbed,
late-embarked,
lateen,straiten,latten,laten,clayton,drayton,greaten,payton,slaten,platan,katyn,crayton,straighten,satan,paten,cayton,statin,ratan,leighton,iatan,natan,peyton,aten,gaytan,eyton,shaytan,brayton,layton,deighton,creighton,batan,hayton,shaitan,slayton,gayton,stayton,dayton,mayton
lateener,
lateeners,
lateenrigged,
lateen-rigged,
lateens,
late-filled,
late-flowering,
late-found,
late-imprisoned,
late-kissed,
late-lamented,
lately,stately,ornately,straitly,gateley,gately,greatly,innately,straightly,sedately
lateliness,
late-lingering,
late-lost,
late-met,
late-model,
latemost,
laten,straiten,latten,lateen,clayton,greaten,payton,drayton,slaten,platan,katyn,crayton,straighten,satan,paten,cayton,statin,ratan,leighton,iatan,natan,peyton,aten,gaytan,eyton,shaytan,brayton,layton,deighton,creighton,batan,hayton,shaitan,slayton,gayton,stayton,dayton,mayton
latence,eightpence,laitance
latency,blatancy,patency
latencies,
latened,
lateness,straightness,greatness,straitness
latenesses,
latening,
latens,
latensify,
latensification,
latensified,
latensifying,
latent,statant,natant,blatant
latentize,
latently,natantly,blatantly
latentness,
latents,
late-protracted,
later,generator,calculator,locator,rater,agitator,oscillator,actuator,incinerator,indicator,frater,stator,illuminator,gator,waiter,freighter,demonstrator,escalator,excavator,hater,mater,innovator,perpetrator,equator,communicator,terminator,creator,alligator,imitator,litigator,translator,liquidator,stater,gladiator,navigator,fabricator,legislator,carburetor,arbitrator,denominator,procrastinator,mercator,detonator,activator,grater,moderator,greater,negotiator,crater,operator,gaiter,amphitheater,exterminator,regulator,administrator,radiator,commentator,investigator,animator,percolator,estimator,mediator,refrigerator,defibrillator,instigator,collaborator,alternator,originator,integrator,skater,pater,educator,dictator,decorator,simulator,aviator,applicator,infiltrator,ventilator,manipulator,coordinator,insulator,eighter,traitor,elevator,amphitheatre,tater,curator,facilitator,decatur,accelerator,fetor,baiter,cater,viator,respirator,incubator,speculator,slater,illustrator,accumulator
latera,
laterad,
lateral,unilateral,collateral,plurilateral,trilateral,multilateral,bilateral
lateraled,
lateraling,
lateralis,
laterality,
lateralities,
lateralization,
lateralize,
lateralized,
lateralizing,
laterally,
laterals,
lateran,cateran
lateri-,
,
