ganymede,proceed,duckweed,secede,misread,pokeweed,recede,cede,feed,steed,inbreed,accede,eade,aristide,greed,seed,freed,indeed,breed,dede,knead,misdeed,gilead,siegfried,centipede,keyed,hamid,bleed,speed,ede,treed,impede,tweed,pitied,dreed,exceed,sneed,reed,reseed,meade,nead,glede,supersede,bead,reread,prophesied,leed,succeed,beede,smead,guaranteed,rashid,screed,mead,degreed,decreed,skeed,appleseed,weed,linseed,lead,fireweed,gleed,kneed,glead,airspeed,stampede,brede,proofread,overfeed,bede,intercede,reid,nosebleed,peed,teed,swede,fried,need,mislead,saeed,deed,precede,ragweed,aniseed,rapeseed,milkweed,snead,oilseed,agreed,plead,creed,heed,skied,concede,flaxseed,read,seaweed
ganymedes,
ganister,finisterre
ganisters,
ganja,zupanja,hanja
ganjah,
ganjahs,
ganjas,
ganley,stanley,danley,hanly,danly,chanley,manly,stanly,ranley,manley,hanley,shanley,cranley
ganner,
gannes,
gannet,annat,gannett,banet,janet,annot,planet,granat,tannate,manatt,granite,granit,manat,pomegranate,thanet,djanet,tanate,banat
gannetry,
gannets,planets,kanitz,granites
gannett,annat,banet,janet,annot,planet,granat,tannate,manatt,granite,banat,granit,pomegranate,thanet,manat,tanate,djanet,gannet
ganny,
gannie,
gannister,
gannon,annon,canon,bohannan,tannen,tanen,annen,tannin,brannen,flannen,cunanan,lannen,hannan,obannon,concannon,channon,lannan,cannan,shannon,chanin,brannon,annan,buchanan,atlantan,lannon,hannon,fannon,buchannan,mannon,mannen,hannen,branon,kannon,buchanon,yannone,mannan,cannon,bannon,montanan,dannen,clanin,kincannon,branin,fannin,bannan,brannan
gannonga,
ganoblast,
ganocephala,
ganocephalan,
ganocephalous,nanocephalous
ganodont,
ganodonta,
ganodus,
ganof,kanaf,canniff,braniff,hanif,ganef
ganofs,
ganoid,
ganoidal,crinoidal,sphenoidal,conoidal,glenoidal
ganoidean,
ganoidei,ctenoidei
ganoidian,ctenoidean,crinoidean
ganoids,
ganoin,glonoin,ganoine
ganoine,ganoin,glonoin
ganomalite,
ganophyllite,
ganoses,
ganosis,
ganowanian,
gans,krans,branz,danz,caftans,hannes,shans,afghanistans,mannes,scans,japans,flans,grans,cannes,glans,meehans,pecans,kranz,rosecrans,caltrans,hands,lanz,mans,caravans,sans,banns,jans,glanz,minivans,rosenkrans,plans,bans,vans,lifespans,klans,stans,sannes,cans,pans,trans,manz,benz,janz,ranz,manns,bedpans,magnes,rans,vannes,spans,franz,trans-,frans,crans,afghans,tans,sedans,kanz,franze,ganz,clans,hans,talibans,sanz,fans,intertrans
gansa,ansa,lansa,sansa,hansa,jansa,kansa,pansa
gansey,tanzi,pansy,danzy,tansy,hanzi,lanzi,manzi,chimpanzee,tansey
gansel,
ganser,prancer,answer,dancer,anticancer,necromancer,financer,mansur,pancer,lanser,raindancer,lancer,freelancer,manser,danser,cancer,mansour,enhancer,chancer,advancer
gansevoort,
gansy,
gant,pant,rembrandt,slant,zante,supplant,yant,norplant,zant,quant,implant,grant,gantt,ant,cant,sant,brandt,recant,decant,tant,kant,rant,stant,brant,lant,fante,scant,enchant,levant,eggplant,trant,dant,incant,chant,fant,plante,tante,confidante,aunt,replant,transplant,plant
ganta,
gantang,
gantangs,
gantelope,
gantlet,gauntlet
gantleted,
gantleting,
gantlets,
gantline,
gantlines,
gantlope,
gantlopes,
ganton,
gantry,chantry,pantry,lantry,santry
gantries,pantries,chantries
gantryman,
gantrisin,
gantsl,
gantt,pant,rembrandt,slant,gant,zante,supplant,yant,norplant,zant,quant,implant,grant,ant,cant,sant,brandt,recant,decant,tant,kant,rant,stant,brant,lant,fante,scant,enchant,levant,eggplant,trant,dant,incant,chant,fant,plante,tante,confidante,aunt,replant,transplant,plant
ganza,finanza,danza,vitanza,leanza,stanza,lufthansa,lanza,alianza,panza,bonanza,braganza,extravaganza,anza
ganzie,
gao,
gaol,
gaolage,
gaolbird,
gaoled,
gaoler,
gaolering,
gaolerness,
gaolers,
gaoling,
gaoloring,
gaols,betrayals,cauls,ahles,portrayals,caules,brails
gaon,
gaonate,
gaonic,
gaons,
gap,overlap,nappe,scrap,kidnap,handicap,lapp,backslap,rapp,kneecap,tapp,burlap,jap,catnap,napp,giap,lap,schappe,kapp,trapp,stopgap,nsdap,knapp,chap,papp,sapp,dimetapp,trap,madcap,shrap,clap,hubcap,trappe,tap,frappe,crap,entrap,pap,hap,bootstrap,mishap,stapp,frap,unwrap,asap,frapp,capp,snap,skycap,zap,mousetrap,flap,slapp,yap,mapp,wrap,flytrap,app,snapp,strap,slap,wiretap,shap,sap,dapp,rap,map,ascap,zapp,yapp,clapp,cap,nap,recap
gapa,
gape,scape,lape,eggshape,swape,drape,audiotape,reshape,videotape,slape,landscape,netscape,trape,crape,escape,rape,snape,frape,knape,tape,cape,crepe,shape,pape,shipshape,scrape,xeriscape,taipeh,inchcape,clape,graip,chape,grape,agape,ape
gaped,taped,caped,waped,reshaped,shaped,scraped,landscaped,eggshaped,draped,escaped,raped,videotaped
gape-gaze,
gaper,graper,newspaper,skyscraper,landscaper,vapor,shaper,sandpaper,raper,kapor,mcpaper,paper,scraper,lapre,wastepaper,draper,schaper,flypaper,taper,caper,wallpaper
gaperon,
gapers,
gapes,capes,scrapes,videotapes,japes,crapes,escapes,swapes,shapes,tapes,traipse,trapes,crepes,grapes,stapes,landscapes,mapes,apes,rapes,audiotapes,napes,drapes
gapeseed,
gape-seed,
gapeseeds,
gapeworm,tapeworm
gapeworms,
gapy,
gapin,
gaping,raping,taping,scraping,videotaping,draping,shaping,taiping,escaping,landscaping,reshaping
gapingly,
gapingstock,
gapland,
gapless,
gaplessness,
gapo,
gaposis,
gaposises,
gapped,frapped,wrapt,craped,wrapped,rapped,flapped,overlapped,entrapped,chapped,slapped,sapped,zapped,clapped,mapped,wiretapped,kept,scrapped,recapped,crapped,unwrapped,strapped,lapped,snapped,untapped,handicapped,tapped,burlapped,knapped,chaped,adapt,kidnapped,dapped,apt,trapped,yapped,rapt,kidnaped,capped,happed,napped
gapper,kapper,kidnapper,wrapper,flapper,sapper,lapper,rapper,dapper,clapper,strapper,snapper,slapper,mapper,crapper,knapper,klapper,tapper,trapper,capper,scrapper,yapper,napper,kapur,handicapper,sapor
gapperi,
gappy,tsapi,yappy,sappy,rappee,snappy,nappi,unhappy,trappy,chappy,cappy,mapi,happi,chappie,pappi,strappy,zappy,slappey,scrappy,slaphappy,crapy,tapie,hllapi,nsapi,happy,pappy,nappy,flappy
gappier,frappier,happier,crappier,snappier,scrappier,nappier,sappier
gappiest,scrappiest,sappiest,snappiest,happiest,crappiest
gapping,slapping,kidnaping,yapping,chapping,frapping,rapping,clapping,trapping,flapping,dapping,zapping,happing,tapping,craping,sapping,knapping,backslapping,lapping,wiretapping,capping,overlapping,mapping,recapping,handicapping,kidnapping,scrapping,crapping,snapping,unwrapping,napping,strapping,wrapping
gaps,raps,snaps,recaps,overlaps,collapse,saps,capps,wiretaps,millsaps,schnaps,taps,fraps,traps,bootstraps,schnapps,kappes,flaps,lapse,claps,laps,kaps,perhaps,chaps,caps,knaps,craps,slaps,lapps,handicaps,wraps,apps,mishaps,relapse,scraps,hubcaps,japs,kidnaps,maps,graps,naps,yaps,zaps,kneecaps,crapps,elapse,straps
gap's,
gap-toothed,
gapville,
gar,barr,scar,disbar,dar,barre,czar,bazar,mar,rebar,qatar,mylar,sar,azar,afar,jaguar,bazaar,sidebar,ar,lodestar,myanmar,boyar,commissar,carr,caviar,hectare,handlebar,revoir,streetcar,far,babar,millibar,zanzibar,registrar,haar,feldspar,seminar,adar,par,jar,lar,reservoir,amritsar,lamar,avatar,amar,mawr,tar,motorcar,r,dakar,saar,bar,bizarre,dinar,railcar,ajar,repertoire,alcazar,aargh,char,crowbar,voir,cinnabar,foobar,guitar,marr,renoir,har,car,cigar,sandbar,lumbar,starr,parr,csar,spar,boxcar,radar,memoir,superstar,alar,star,subpar,magyar,nascar,sitar,navarre,are,akbar,tsar,thar
gara,tarah,marah,zara,arrau,ara,asahara,schara,arrah,dara,darrah,tzara,jarrod,jarrah,zarah,garra,mcgarrah,harrah,arrha,clara
garabato,
garad,
garage,raj,mirage,montage,corsage,taj,arbitrage,massage,sabotage,entourage,dressage,potage,dhiraj,collage,camouflage,barrage
garaged,
garageman,
garages,barrages,entourages,mirages,collages,massages
garaging,barraging
garald,
garamas,
garamond,clarimond
garance,
garancin,
garancine,
garand,farrand,farand
garapata,
garapato,
garardsfort,
garate,
garau,
garava,
garavance,
garaway,
garawi,
garb,barbe,srinagarb,rhubarb,golfarb,garbe,carb-,goldfarb,harb,aldicarb,himmelfarb,barb,schlarb,arb,zarb,farb
garbage,
garbages,
garbage's,
garbanzo,
garbanzos,
garbardine,
garbe,barbe,garb,srinagarb,rhubarb,golfarb,carb-,goldfarb,harb,aldicarb,himmelfarb,barb,schlarb,arb,zarb,farb
garbed,barbed
garbel,sparble,jarble,arbel,marble,barble,varble,garble,arbil,marbil
garbell,
garber,karber,barbar,yarber,arbor,pearl-harbor,barber,sharber,harber,arbour,sarber,farber,barbre,harbor,harbour,barbour
garbers,barbers,harbors,arbors
garberville,
garbill,
garbing,
garble,sparble,jarble,arbel,marble,barble,varble,arbil,garbel,marbil
garbleable,
garbled,marbled
garbler,marbler
garblers,
garbles,marbles,barbels
garbless,
garbline,
garbling,
garblings,
garbo,arbo,ybarbo,barbo,carbo-,carbo
garboard,larboard
garboards,
garboil,
garboils,
garbologist,
garbs,barbs,arbs,carbs
garbure,
garce,
garceau,woe,borrow,whoa,bestow,forgo,tomato,although,o,toe,hydro,glow,tempo,studio,joe,dough,indigo,plateau,hello,slow,know,though,torpedo,blow,overthrow,co,rhino,foe,go,pro,winnow,willow,adagio,patio,tomorrow,glo,photo,snow,undergo,micro,dado,quo,owe,coco,show,forego,row,calypso,grow,tornado,lo,roe,apropos,flow,portico,fallow,aficionado,doe,yoe,escrow,below,radio,hoe,tow,grotto,espresso,ho,no,torso,meadow,ratio,audio,rainbow,mow,potato,aglow,cameo,throw,sew,tableau,otto,mo,gusto,bio,manifesto,rococo,portfolio,low,virago,veto,buffalo,vertigo,archipelago,crow,shadow,so,bowe,beau,plough
garcia,diarrhea,judea,snia,neoplasty,brachia,orea,shiah,caesarea,freia,cananea,aliyah,crimea,pizzeria,chia,dorothea,nicosia,corea,althea,rosalia,mia,urrea,diarrhoea,keziah,cheoplasty,yttria,ria,gonorrhea,medea,tortilla,galeria,hosea,panacea,lia,theia,tia,duryea,pia,asea,tanzania,gaea,basophilia,idea,ikea,dulcinea,cytherea,jia,dhia,zia,atypia,galleria,stria,alethea,ia,dyspnea,belyea,berea,eritrea,anamaria,samaria,sofia,galatea,leah,subia,shia,korea,logophilia,killilea,bria,thea,onomatopeia,urea,kania,maria,pcmcia,hialeah,dia,sophia,abyssinia,perea,desmoplasia,rhea
garcia-godoy,
garcia-inchaustegui,
garciasville,
garcinia,
garcon,barken,darken,marcon,larchen,barkan,archean,marken,harken,arkin,barkin,barchan,harkin,sarkin,larkin,parkin,narcan,clarkin,markin,markan
garcons,
gard,lazard,gnarred,hard,guard,blvd,discard,bodyguard,boatyard,postcard,barnard,picard,marred,bongard,broussard,retard,scarred,nard,knarred,lard,shard,flashcard,barred,pickard,dillard,tarred,lumberyard,churchyard,safeguard,bernard,bankcard,stockyard,beauregard,canard,tared,jarred,shipyard,menard,scorecard,fugard,diehard,lifeguard,chouinard,bard,avant-garde,bouchard,brickyard,bombard,chard,yard,wildcard,dockyard,backyard,ard,charred,gerard,vcard,billard,regard,starred,garde,graveyard,renard,scard,parred,leotard,card,barnyard,carde,belgard,disbarred,junkyard,barde,blowhard,mastercard,gaspard,disregard,schoolyard,sparred,boulevard,farmyard,vanguard,godard,courtyard
garda,leonarda,sarda,narda,varda,arda,carda,skarda,lugarda
gardal,
gardant,ardent,guardant,retardant
gardas,
gardbrace,
garde,lazard,gnarred,hard,guard,blvd,discard,bodyguard,boatyard,postcard,barnard,picard,marred,bongard,broussard,retard,scarred,nard,knarred,lard,shard,flashcard,barred,pickard,dillard,tarred,lumberyard,churchyard,safeguard,bernard,bankcard,stockyard,beauregard,canard,tared,jarred,shipyard,menard,scorecard,fugard,diehard,lifeguard,chouinard,bard,avant-garde,bouchard,brickyard,bombard,chard,yard,wildcard,dockyard,backyard,ard,charred,gerard,vcard,billard,regard,starred,gard,graveyard,renard,scard,parred,leotard,card,barnyard,carde,belgard,disbarred,junkyard,barde,blowhard,mastercard,gaspard,disregard,schoolyard,sparred,boulevard,farmyard,vanguard,godard,courtyard
gardebras,
garde-collet,
garde-du-corps,
gardeen,
garde-feu,
garde-feux,
gardel,
gardell,
garde-manger,
garden,gardin,dardan,marden,pardon,guardin,barden,darden,harden,hardin,chardin,arden,carden,mardon,ardin,bardin,lustgarten,teegardin,winegarden,janardhan,varden,jardin,teagarden,teegarden,rardon,ardon,cardin,parden,gardon,gelardin,sardan
gardena,lina,concertina,neenah,selena,xena,quina,vena,melvina,domina,veena,zena,catena,mena,catalina,ballerina,dena,covina,davina,sardina,purina,cadena,rena,mina,messina,rowena,florentina,angelina,albina,fraena,erina,serafina,galena,magdalena,latina,regina,spina,celina,farina,alina,christina,edina,arena,katrina,reina,jena,lena,ianthina,alcina,serena,sheena,siena,sabina,pyrena,salina,hyena,bina,gina,molina,adina,philomena,martina,jeana,bettina,dina,valentina,sabena,tina,rina,cortina,cristina,gallina,ina,avina,athena,sabrina,vina,irina,cartagena,macarena,hercegovina,herzegovina,marina,subpoena,verbena,georgina,vaccina,patina,cantina,krajina,seraphina,faena,semolina,pina,argentina,medina,proserpina,nina,rosina
gardenable,
gardencraft,
gardendale,
gardened,hardened,pardoned
gardener,hardener,pardoner
gardeners,hardeners
gardenership,
gardenesque,
gardenful,
garden-gate,
gardenhood,
garden-house,
gardeny,
gardenia,kenia,nenia,la-nina,kenya,tenia,menia,sthenia,dobrinja,taenia
gardenias,
gardenin,
gardening,pardoning,hardening
gardenize,
gardenless,
gardenly,
gardenlike,
gardenmaker,
gardenmaking,
gardens,hardens,ardennes,pardons
garden-seated,
garden-variety,
gardenville,
gardenwards,
gardenwise,
garde-reins,
garderobe,
gardeviance,
gardevin,
gardevisure,
gardy,
gardia,
gardie,
gardyloo,
gardiner,bumgardner,lardner,gardner,baumgardner,bomgardner
gardinol,
gardnap,
gardner,bumgardner,lardner,baumgardner,gardiner,bomgardner
gardners,
gardnerville,
gardol,
gardon,gardin,dardan,marden,pardon,guardin,barden,darden,harden,hardin,chardin,garden,arden,carden,mardon,ardin,bardin,lustgarten,janardhan,varden,jardin,teagarden,teegarden,rardon,ardon,cardin,parden,gelardin,sardan
gare,blair,stare,where,millionaire,share,bair,spare,air,hardware,blare,unfair,prepare,their,snare,software,stair,care,declare,footwear,earthenware,terre,tear,claire,square,malware,faire,thoroughfare,ere,flair,bear,compare,mohair,childcare,scare,guerre,forebear,repair,nightmare,beware,clair,heir,elsewhere,underwear,cookware,rare,aware,bare,debonair,forswear,pare,anywhere,lare,daycare,pear,threadbare,chair,dispair,lair,there,ware,fair,altair,doctrinaire,pair,fanfare,hare,medicare,aer,wear,ensnare,timeshare,questionnaire,delaware,armchair,fare,airfare,eyre,swear,mare,affair,mer,everywhere,hair,err,despair,nowhere,welfare,unaware,glare,cher,prayer,impair,flare,dare,extraordinaire,healthcare,warfare,solitaire
garefowl,
gare-fowl,
garefowls,
gareh,
garey,meharry,gary,wharry,marri,barry,mccarry,farrey,denarii,pari-,karri,mccarey,chari,carry,marae,garry,scarry,stari,barrie,arey,intermarry,carri,farry,charry,garrey,clarey
garek,
gareri,
gareth,berreth,schlereth
garett,carotte,caret,barrett,parrett,garotte,jarratt,garritt,garrett,sharrett,marat,carrot,bharat,arraught,barratt,arret,marett,garrott,carot,garrot,claret,starrett,marut,sarrett,barret,garrotte,jarret
garetta,
garewaite,
garfield,concealed,summerfield,whitefield,masefield,greenfield,northfield,chesterfield,bloomfield,springfield,infield,caulfield,mayfield,bakersfield,unsealed,scofield,steeled,plainfield,revealed,kneeled,winfield,fairfield,repealed,airfield,neild,keeled,bluefield,appealed,holyfield,pealed,minefield,highfield,field,brownfield,goldfield,oilfield,windshield,yield,healed,mansfield,porterfield,penfield,wheeled,sealed,oldfield,hatfield,copperfield,richfield,backfield,peeled,delafield,shield,reeled,wingfield,canfield,southfield,heeled,cranfield,congealed,squealed,redfield,rayfield,wakefield,resealed,feild,heald,stanfield,brookfield,battlefield,cornfield,afield,unconcealed,neeld,hayfield,outfield,wield,belfield,bonfield
garfinkel,garfunkel
garfish,barfish
garfishes,
garg,meharg,karg,mchargue,barg,kharg
gargalianoi,
gargalize,
gargan,jargon,sargon,vonbargen,bargain,argun,sargen,largen,hargan,dargan
garganey,
garganeys,
gargantua,
gargantuan,
gargaphia,
gargarism,
gargarize,
garges,surcharges,defarges,mischarges,barges,overcharges,karges,discharges,charges,larges,countercharges,turbocharges,enlarges
garget,chargit,hargett
gargety,
gargets,
gargil,gargill,nargileh,cargile,nargile,argil
gargle,argal,jargle,gargol,argol,argall
gargled,
gargler,
garglers,
gargles,
gargling,
gargoyle,soil,spoil,hydrofoil,roil,doyle,recoil,toil,coyle,quoil,droyle,hoyle,oil,droil,foyle,turmoil,uncoil,subsoil,parboil,coil,moyle,airfoil,scroyle,royle,soyle,topsoil,foil,embroil,broil,boil,boyle
gargoyled,
gargoyley,
gargoyles,broils,boylls,boyles,broyles,voyles,foils,roils,coils,oleoyls,boils,recoils,spoils,soils,airfoils,toils,voiles,oils
gargoylish,
gargoylishly,
gargoylism,
gargol,argal,jargle,gargle,argol,argall
garhwali,
gari,frory,chary,amari,bihari,zangari,saari,ferrari,ansari,butare,callari,lohrey,degutare,amakudari,sparry,sari,baldassarre,anbari,cagliari,halbutogullari,macari,dibari,shari,molinari,jarry,mascari,mari,colombari,cundari,laari,starry,laurie,gharry,popolare,montanari,ulibarri,vari,harare,ari,gaspari,knarry,scolari,zary,dimare,canevari,albukhari,gortari,safari,imari,sorry,legare,villari,pary,lazzari,bari,furnari,bottari,solari,vicari,kuranari,callegari,altomare,licari,cribari,centauri,calamari,massari,correi,lamarre,abare,funari,lipari,baldassari,baldassare,lauri,hari,dicesare,baccari,atari,decesare
gary,imaginary,fairy,tributary,contrary,lapidary,barre,commentary,monetary,subsidiary,parry,unitary,ancillary,february,stationary,tertiary,cherry,harry,strawberry,dictionary,preliminary,airy,berry,emissary,secretary,unnecessary,marry,corollary,confectionary,merry,itinerary,salutary,wary,sanitary,fiduciary,pulmonary,seminary,proprietary,ary,scary,tarry,hairy,very,visionary,eyrie,ordinary,sanctuary,monastery,library,beneficiary,hereditary,epistolary,prairie,revolutionary,cautionary,nary,judiciary,military,raspberry,legendary,secondary,blueberry,necessary,estuary,mary,gooseberry,adversary,mulberry,solitary,contemporary,vary,temporary,obituary,sedentary,ferry,customary,huckleberry,pecuniary,missionary,discretionary,apothecary,reactionary,capillary,veterinary,carry,arie,canary,primary,dairy,confectionery,extraordinary,cemetery,stationery,mercenary,luminary,arbitrary,vocabulary,culinary,aerie,literary,bury
garial,
gariba,
garibald,
garibaldi,cataldi,schiraldi,sinibaldi,vivaldi,baldi,capaldi,baldy,gesualdi,rinaldi,baldie,castaldi,grimaldi,ugalde,aldi,fittipaldi,elizalde,waldie
garibaldian,
garibold,
garibull,
gariepy,pee-pee,tripi,sheepy,teepee,sweepy,latulippe,principe,steepy,canipe,weepie,tepee,heapy,cheapie,seepy,creepie,sleepy,creepy,phillippi,weepy
garifalia,
garigue,
garigues,
garik,
garin,barren,herron,baren,sherin,herren,veron,karan,karin,karon,mehran,aeron,guerin,farren,waren,ferrin,ferran,hairen,caren,beron,barron,yaron,cerin,terran,theron,charon,heron,pteron,faron,herin,sherrin,mcfarren,seron,ehren,maclaren,perron,farron,marron,aron,perrin,geran,geron,charron,mclaren,serin,aran,terin,maren,beran,baron,alaron,sharon,marin,herrin,teran,kerin,schwerin,lebaron,betakeren,faren,karen,ferron,aaron,haren,paren
garioa,
garysburg,
garish,buresh,perish,squarish,parish,farish,bearish,warish,harish,fairish,cherish,marish,gerrish,nightmarish,parrish,barish
garishly,
garishness,
garita,
garyville,
garlaand,
garlan,karlin,sumarlin,varlen,marlen,harlan,arlon,arlen,mcfarlan,karlen,carlan,carlen,starlin,sparlin,mcfarlin,marlon,arlin,parlin,carlin,darlin,arlan,harlin,marlin,mcfarlane,macfarlane,carlon
garland,charland,farland,darland,saarland,macfarland,mcparland,mcfarland,harland,carland,marland
garlanda,
garlandage,
garlanded,
garlanding,
garlandless,
garlandlike,
garlandry,
garlands,
garlandwise,
garle,
garlen,
garlic,garlick,sarlac,narlock,harlock,karlik,garlock
garlicky,
garliclike,
garlicmonger,
garlics,
garlicwort,
garlinda,
garling,darling,mcfarling,zarling,carling,harling,gnarling,farling,sparling,yarling,snarling,starling,marling,quarreling
garlion,
garlopa,
garm,
garmaise,
garment,undergarment,debarment,varmint,disbarment,arment,sarment,varment
garmented,
garmenting,
garmentless,
garmentmaker,
garments,undergarments,varmints
garment's,
garmenture,
garmentworker,
garmisch-partenkirchen,
garmr,
garn,arne,harne,arnn,darn,varn,mccarn,carn,arn,scarn,karn,harn,skarn,marne,starn,yarn,dezarn,barn,carne
garnavillo,
garneau,woe,borrow,whoa,bestow,forgo,tomato,although,o,toe,hydro,glow,tempo,studio,joe,dough,indigo,plateau,hello,slow,know,though,torpedo,blow,overthrow,co,rhino,foe,go,pro,winnow,willow,adagio,patio,tomorrow,glo,photo,snow,undergo,micro,dado,quo,owe,coco,show,forego,row,calypso,grow,tornado,lo,roe,apropos,flow,portico,fallow,aficionado,doe,yoe,escrow,below,radio,hoe,tow,grotto,espresso,ho,no,torso,meadow,ratio,audio,rainbow,mow,potato,aglow,cameo,throw,sew,tableau,otto,mo,gusto,bio,manifesto,rococo,portfolio,low,virago,veto,buffalo,vertigo,archipelago,crow,shadow,so,bowe,beau,plough
garnel,
garner,marner,karner,foreigner,bumgarner,barner,arner,fahrner,baumgarner,harner,starner,darner,farner,varner,larner,carner
garnerage,
garnered,
garnering,
garners,foreigners
garnerville,
garnes,carns,starnes,parnes,farnes,starns,arns,carnes,karns,karnes,harns,barnes,barns,varnes,darns,yarns,tarns
garnet,carnett,carnot,carnate,jarnut,yarnut,arnot,barnet,harnett,garnett,dejarnett,incarnate
garnetberry,
garnet-breasted,
garnet-colored,
garneter,
garnetiferous,
garnetlike,
garnet-red,
garnets,
garnett,carnett,garnet,carnot,carnate,jarnut,yarnut,arnot,barnet,harnett,dejarnett,incarnate
garnette,et,forget,debt,soviet,wet,sweat,inset,sunset,cassette,onset,met,threat,baguette,subset,joliet,brett,sublet,cabriolet,parapet,reset,flageolet,colette,silhouette,offset,dragnet,lafayette,vet,calumet,sobriquet,set,let,pipette,outlet,outset,pret,alphabet,yet,internet,brunette,quartet,antoinette,pet,duet,corvette,sextet,smet,minaret,abet,quintet,regret,cigarette,cornet,fret,preset,lorgnette,asset,suffragette,headset,chet,clarinet,ethernet,avocet,bet,baronet,tet,inlet,piet,beget,beset,jet,gazette,roulette,whet,cadet,octet,charrette,minuet,tete,nett,stet,heavyset,upset,barrette,marmoset,typeset,net,vette,bayonet,coronet,get,gimlet,tibet,mindset,ret,epithet,rosette,vedette,vignette,anisette
garnetter,
garnetwork,
garnetz,
garni,varney,carnie,sarni,marney,mccarney,farney,sarney,varni,karney,kulkarni,blarney,arney,charney,mclarney,harney,carny,fahrney,arnie,barny,barney,garney,czarny,carney
garnice,
garniec,
garnierite,
garnish,barnish,tarnish,harnisch,harnish,varnish
garnishable,
garnished,tarnished,varnished,unvarnished
garnishee,
garnisheed,
garnisheeing,
garnisheement,
garnishees,
garnisheing,
garnisher,
garnishes,tarnishes,varnishes
garnishing,varnishing,tarnishing
garnishment,
garnishments,
garnishry,
garnison,
garniture,
garnitures,
garo,vero,ribeiro,cuero,aguero,bracero,dondero,guerrero,sphero-,narrow,camaro,marrero,arrow,pharaoh,taro,herro,sero-,minero,gero,pharoah,rivero,amero,montero,bolero,ptero,sclero-,botero,garrow,sphero,caballero,barbero,camero,meroe,monteiro,sendero,ferro-,acero,serow,carneiro,sparrow,pinheiro,aero-,companero,aero,escudero,wheelbarrow,bero,romero,herrero,fero,mero,xero-,darrow,mescalero,ptero-,embarcadero,barreiro,spero,barrow,lucero,gerow,sclero,tinajero,cerro,ibero,faro,varo,passero,valero,borrero,cordero,cantero,quintero,merrow,otero,ranchero,pinero,marrow,ferro,ferrero,madero,soltero,sombrero
garofalo,pollo,dalo,collow,garafalo,dzialo,khumalo,strollo,rollo,paulo,apollo,pangallo,carballo,lovallo,arebalo,collo,margalo,ciraulo,mallo,zollo,swallow,metallo,malo,carollo,arevalo,depaulo,manalo,cefalo,mollo,wallow,wallo,ruffalo,musalo,figallo,vassallo,follow,solow,calo,salo,depalo,hollow,gonzalo
garold,
garon,woebegone,moron,meson,pantheon,mastodon,yuan,spawn,pentagon,pawn,con,aragon,brawn,babylon,celadon,oberon,oregon,coupon,axon,polygon,lawn,boron,juan,chiffon,amazon,ron,capon,proton,upon,echelon,oman,flawn,octagon,photon,argon,drawn,phenomenon,paragon,avalon,don,micron,salon,fawn,wan,automaton,yon,radon,amadon,neutron,hon,on,braun,hogan,aileron,epsilon,gone,denouement,baton,emoticon,john,iran,hexagon,bygone,parmesan,khan,non,foregone,forgone,quan,yawn,prawn,marathon,withdrawn,carillon,pecan,sean,han,pion,exon,nylon,bon,liaison,pylon,tron,crayon,swan,antiphon,gabon,lexicon,dawn,rapprochement,agamemnon
garonne,arron,barren,mccarron,carron,scarron,harran,karyn,haran,gagarin,harren,darin,arran,claren,garran,barron,albarran,arawn,staron,darrin,farran,narron,varan,harron,paran,baron,sharon,sharron,starin,karren,daren,mcclaran,marrin,carin,garron
garoo,
garookuh,
garote,
garoted,
garoter,
garotes,
garoting,
garotte,carotte,caret,barrett,parrett,jarratt,garritt,garrett,sharrett,marat,carrot,bharat,arraught,barratt,arret,garett,marett,garrott,carot,garrot,claret,starrett,marut,sarrett,barret,garrotte,jarret
garotted,
garotter,
garotters,
garottes,
garotting,
garoua,
garous,marris,carris,clarrisse,glarus,laris,sarris,caris,scarus,pharis,arris,pharris,garis,garris,kaross,larus,clarisse,varices,varisse,varus,parus,mcdaris,barrus,harriss,fitzharris,barris,paris,carus
garpike,
gar-pike,
garpikes,
garrafa,
garran,arron,barren,mccarron,carron,garonne,scarron,harran,karyn,haran,gagarin,harren,darin,arran,claren,barron,albarran,arawn,staron,darrin,farran,narron,varan,harron,paran,baron,sharon,sharron,starin,karren,daren,mcclaran,marrin,carin,garron
garrard,
garrat,
garratt,sterrett,disparate,herat,barrett,gehret,garret,verit,sterett,gerrit,lerot,teret,merritt,garrett,cerat-,meritt,carrot,ferret,merrett,merit,jarrett,sherritt,inherit,berrett,demerit,cerat,parrot,verrett,karat,carat,wherret,sherrit,terret,marrett,merrit,kerat-,karet,kerat,parrott
garrattsville,
garred,lazard,gnarred,hard,guard,blvd,discard,bodyguard,boatyard,postcard,barnard,picard,marred,bongard,broussard,retard,scarred,nard,knarred,lard,shard,flashcard,barred,pickard,dillard,tarred,lumberyard,churchyard,safeguard,bernard,bankcard,stockyard,beauregard,canard,tared,jarred,shipyard,menard,scorecard,fugard,diehard,lifeguard,chouinard,bard,avant-garde,bouchard,brickyard,bombard,chard,yard,wildcard,dockyard,backyard,ard,charred,gerard,vcard,billard,regard,starred,gard,garde,graveyard,renard,scard,parred,leotard,card,barnyard,carde,belgard,disbarred,junkyard,barde,blowhard,mastercard,gaspard,disregard,schoolyard,sparred,boulevard,farmyard,vanguard,godard,courtyard
garrek,
garret,sterrett,disparate,herat,barrett,gehret,verit,sterett,gerrit,lerot,teret,merritt,garrett,garratt,cerat-,meritt,carrot,ferret,merrett,merit,jarrett,sherritt,inherit,berrett,demerit,cerat,parrot,verrett,karat,carat,wherret,sherrit,terret,marrett,merrit,kerat-,karet,kerat,parrott
garreted,
garreteer,
garreth,
garretmaster,
garrets,merits,merritts,inherits,maritz,demerits,carrots,ferrets,parrots,carats,gerrits,karatz,jerritts
garretson,
garrett,carotte,disparate,sterrett,herat,caret,barrett,gehret,garret,verit,parrett,sterett,gerrit,lerot,teret,garotte,merritt,jarratt,garritt,garratt,cerat-,meritt,carrot,marat,ferret,merrett,merit,bharat,arraught,barratt,arret,jarrett,garett,marett,inherit,garrott,berrett,demerit,carot,cerat,parrot,verrett,karat,garrot,carat,claret,starrett,wherret,marut,terret,marrett,merrit,kerat-,barret,garrotte,karet,kerat,jarret,parrott
garrettsville,
garry,imaginary,fairy,tributary,contrary,lapidary,barre,commentary,monetary,subsidiary,parry,unitary,ancillary,february,stationary,tertiary,cherry,harry,strawberry,dictionary,preliminary,airy,berry,emissary,secretary,unnecessary,marry,corollary,confectionary,merry,itinerary,salutary,wary,sanitary,fiduciary,pulmonary,seminary,proprietary,ary,scary,tarry,hairy,very,visionary,eyrie,ordinary,sanctuary,monastery,library,beneficiary,hereditary,epistolary,prairie,revolutionary,cautionary,nary,judiciary,military,raspberry,legendary,secondary,blueberry,necessary,estuary,mary,gooseberry,adversary,mulberry,solitary,contemporary,vary,temporary,obituary,sedentary,ferry,customary,huckleberry,pecuniary,missionary,discretionary,apothecary,reactionary,capillary,veterinary,carry,arie,canary,primary,dairy,confectionery,extraordinary,cemetery,stationery,mercenary,luminary,arbitrary,vocabulary,culinary,aerie,literary,bury
garrya,
garryaceae,
garrick,cleric,daric,varick,sherick,ionospheric,tumeric,baric,gerich,esoteric,kerrick,herrick,deroche,burek,barrick,ferric,hysteric,carrick,derrick,weyrich,atmospheric,burich,derek,terek,sherrick,barrack,generic,derick,gericke,lerach,numeric,derik,barbaric,mesenteric,deryck,homeric,skerrick,merrick,serac,ferrick,gerrick,alphanumeric
garridge,
garrigue,
garrigues,migues,rodriques
garrik,
garring,
garris,marris,carris,garous,clarrisse,glarus,laris,sarris,caris,scarus,pharis,arris,pharris,garis,kaross,larus,clarisse,varices,varisse,varus,parus,mcdaris,barrus,harriss,fitzharris,barris,paris,carus
garrison,barracan,carrisyn,saracen,larison,sarrasin,characin,larrison
garrisoned,
garrisonian,
garrisoning,
garrisonism,
garrisons,
garrisonville,
garrity,severity,ferrety,celerity,dexterity,barbarity,prosperity,austerity,peculiarity,regularity,parity,asperity,varity,disparity,hilarity,unpopularity,similarity,verity,charity,popularity,solidarity,polarity,rarity,geraghty,familiarity,clarity,gerety,unfamiliarity,temerity,insularity,sincerity,irregularity,vulgarity,gerrity,posterity
garrnishable,
garron,arron,barren,mccarron,carron,garonne,scarron,harran,haran,gagarin,harren,darin,arran,claren,garran,barron,albarran,arawn,staron,darrin,farran,narron,varan,harron,paran,baron,sharon,sharron,starin,karren,daren,mcclaran,marrin,carin,karyn
garrons,
garroo,
garrooka,
garrot,carotte,caret,barrett,parrett,garotte,jarratt,garritt,garrett,sharrett,marat,carrot,bharat,arraught,barratt,arret,garett,marett,garrott,carot,claret,starrett,marut,sarrett,barret,garrotte,jarret
garrote,
garroted,
garroter,
garroters,
garrotes,
garroting,
garrott,carotte,caret,barrett,parrett,garotte,jarratt,garritt,garrett,sharrett,marat,carrot,bharat,arraught,barratt,arret,garett,marett,carot,garrot,claret,starrett,marut,sarrett,barret,garrotte,jarret
garrotte,carotte,caret,barrett,parrett,garotte,jarratt,garritt,garrett,sharrett,marat,carrot,bharat,arraught,barratt,arret,garett,marett,garrott,carot,garrot,claret,starrett,marut,sarrett,barret,jarret
garrotted,
garrotter,
garrottes,starets,marotz,carets,carrots,clarets
garrotting,
garrulinae,
garruline,
garrulity,
garrulities,
garrulous,perilous,querulous,carolus
garrulously,
garrulousness,
garrulousnesses,
garrulus,arilus,parulis
garrupa,
gars,vars,marz,kahrs,baars,superstars,mars,avatars,feldspars,jaguars,hectares,dinars,nars,tsars,sars,barrs,memoirs,registrars,cigars,boxcars,guitars,minicars,haars,starrs,magyars,sitars,ours,bars,railcars,sidebars,tokars,scars,jars,pars,motorcars,radars,spars,barz,ares,handlebars,maars,stars,seminars,marrs,bazaars,lars,reservoirs,barres,czars,aerostars,renoirs,chars,cars
garse,
garshuni,
garsil,
garson,farcin,marson,ingimarson,richarson,larsen,parson,farson,larson,arson,barson,karson,larsson,mccarson,carson,arschin
garston,harston,marston,karsten,garstin,carsten
gart,
garten,garton,partin,hallgarten,rosengarten,bongarten,marten,kilmartin,barton,smarten,barten,parton,martyn,guilmartin,marton,parten,gilmartin,sartin,demartin,gartin,darton,mccartan,mccartin,hartin,carton,spartan,weingarten,mcmartin,mccarten,tartan,kindergarten,harton,harten,martin,hearten
garter,nonstarter,vanmarter,hartter,carter,parter,sartor,harter,karter,martyr,barter,mccarter,arter,tartar,darter,tarter,charter,smarter,marter,starter,mcartor
garter-blue,
gartered,bartered,unchartered,chartered,martyred
gartering,chartering,martyring,bartering
garterless,
garters,tartars,nonstarters,darters,dartars,charters,carters,martyrs,starters
garter's,
garth,darth,harth,neuharth,barth,hearth,wohlfarth,arth,applegarth,seyfarth,sparth,breitbarth,marth,hackbarth,hogarth
garthman,
garthrod,
garths,
gartner,kindergartner,copartner,baumgartner,hartner,cartner,partner
garua,
garuda,siuda,suda,ruda,cernuda,judah,yasuda,labuda,arruda,shuda,duda,huda,masuda,gooda,barracuda,uhde,neruda,fukuda,matsuda,tsuda,doodah,okuda,bermuda,truda,buddha,barbuda,yehuda
garum,muharram,sarum,haram,param,karam,maremme,larum,carrom,carum,harim,carom,tarim,marum
garv,
garvance,
garvanzo,
garvey,corvi,carvey,harvie,larvae,corve,jarvi,jarvie,garvie,harvey,arvey,jarvey
garveys,
garvy,
garvie,garvey,corvi,carvey,harvie,larvae,corve,jarvi,jarvie,harvey,arvey,jarvey
garvin,parvin,harvin,arvin,tarvin,marvin,carven,darvon,carvin
garvock,
garwin,marwin,darwin,arwen
garwood,adulthood,greenwood,wedgwood,littlewood,brentwood,eastwood,corkwood,neighborhood,deadwood,allgood,wildwood,understood,hollywood,greasewood,devilwood,wood,could,withstood,rockwood,misunderstood,teakwood,firewood,parenthood,womanhood,cottonwood,boxwood,heartwood,collingwood,would,stood,dagwood,wormwood,childhood,wedgewood,manhood,victimhood,driftwood,pulpwood,smallwood,oakwood,osgood,kenwood,brotherhood,rosewood,softwood,schuld,dogwood,hood,underwood,knighthood,girlhood,babyhood,blackwood,inglewood,sherwood,ironwood,silkwood,atwood,isherwood,westwood,elmwood,redwood,fleetwood,fatherhood,logwood,goode,englewood,hardwood,plywood,motherhood,edgewood,hazelwood,falsehood,marwood,beechwood,livelihood,leatherwood,heywood,boyhood,statehood,likelihood,sainthood,haywood,nationhood,tanglewood,good,should,elwood,ravenswood
garzon,arsen,sarsen,marzan,carson,tarzan
gas,sasse,ass,alsace,outclass,yass,hass,sunglass,rasse,sassafras,kvass,smartass,middle-class,cass,chasse,snodgrass,contrasts,pass,alas,harass,lass,tass,jackass,cas,underpass,blass,amass,gras,plexiglas,brasse,bass,eelgrass,fass,underclass,morass,overpass,bras,ras,grasse,tasse,vass,bluegrass,spyglass,trespass,basse,lasse,impasse,masse,repass,das,strass,sass,frass,grass,mass,surpass,crass,sas,casque,fiberglass,wrasse,plexiglass,class,hourglass,trass,landmass,brass,glas,glass,casse,last,plas,nass,bypass,eyeglass
gas-absorbing,
gasalier,
gasaliers,
gasan,
gasbag,
gas-bag,
gasbags,
gasboat,
gasburg,
gas-burning,
gas-charged,
gascheck,
gas-check,
gascogne,chason,assen,masson,gassen,cassin,pengassan,bassin,yassin,lassen,stassen,cason,dracin,hasson,bason,nason,chasin,kasson,kassin,classon,kassan,kassen,hassen,tassin,sasson,classen,mcglasson,plasson,assassin,casson,fasten,fason,klassen,clason,yasin,sasin,glassen,glasson,passon,lasagne
gascoign,
gascoigne,
gascoigny,
gascoyne,
gascon,rascon,brascan,raskyn,baskin,laskin,raskin,nebraskan,haskin,gaskin,alaskan
gasconade,
gasconaded,
gasconader,
gasconading,
gascony,
gasconism,
gascons,nebraskans,baskins,alaskans,haskins,gaskins
gascromh,
gas-delivering,
gas-driven,
gaseity,aseity
gas-electric,
gaselier,
gaseliers,
gaseosity,
gaseous,masius
gaseously,
gaseousness,
gases,asses,morasses,classes,thasos,fasces,amasses,landmasses,boardingpasses,gasses,lasses,agassiz,eyeglasses,molasses,surpasses,tasses,brasses,harasses,overpasses,bypasses,basses,sunglasses,glasses,hourglasses,masses,wrasses,grasses,passes,outclasses
gas-filled,
gas-fired,
gasfiring,
gas-fitter,
gas-fitting,
gash,rasch,asche,asch,whiplash,lash,slapdash,shash,smash,moustache,tash,slash,nashe,abash,mash,splash,lasch,basch,hash,gnash,backslash,ashe,mishmash,brasch,dash,ash,backlash,stash,cache,eyelash,rash,rehash,pash,dasch,jordache,plash,brash,sash,nash,balderdash,hasch,mustache,trash,kash,flash,crash,clash,cybercash,noncash,potash,thrash,bash,cash
gas-heat,
gas-heated,
gashed,lashed,mashed,slashed,smashed,mustached,abashed,flashed,thrashed,unabashed,stashed,dashed,rasht,clashed,plashed,cashed,fashed,splashed,crashed,bashed,sashed,gnashed,trashed,cached,hashed
gasher,
gashes,dashes,gnashes,mattias,bashes,mustaches,stashes,hashes,crashes,clashes,caches,flashes,whiplashes,ashes,splashes,cashes,sashes,slashes,backslashes,trashes,thrashes,smashes,eyelashes,lashes,backlashes,rashes,mashes
gashest,
gashful,bashful
gash-gabbit,
gashy,
gashing,cashing,splashing,trashing,caching,smashing,flashing,lashing,hashing,mashing,bashing,fashing,fasching,slashing,clashing,dashing,thrashing,crashing,plashing,gnashing,stashing,rehashing
gashly,
gashliness,
gasholder,
gashouse,glasshouse
gashouses,
gash's,
gasify,
gasifiable,
gasification,adaptation,trepidation,information,quotation,vocation,transformation,accommodation,dissertation,connotation,vacation,gentrification,aspiration,consternation,articulation,education,anticipation,remuneration,implication,integration,evaluation,affiliation,aberration,radiation,relation,proliferation,segregation,pronunciation,correlation,nation,obfuscation,configuration,creation,presentation,observation,rehabilitation,litigation,conflagration,cooperation,reconciliation,motivation,meditation,collaboration,interpretation,dedication,location,altercation,preparation,variation,reputation,generation,approbation,inclination,situation,station,determination,abomination,discrimination,communication,civilization,association,application,corporation,representation,consideration,operation,transportation,conversation,indignation,collocation,ramification,compensation,reservation,innovation,population,inspiration,orientation,organization,sensation,conservation,affirmation,salvation,expectation,constellation,appreciation,foundation,obligation,deviation,translation,manifestation,citation,alliteration,designation,remediation,abbreviation,precipitation,revelation,administration,notation,medication,implementation
gasified,
gasifier,classifier
gasifiers,
gasifies,
gasifying,pacifying
gasiform,aciform,vasiform
gaskell,hascall,haskell,kaskel,maskell,rascal,mccaskill
gasket,baskett,wastebasket,haskett,mascot,breadbasket,casket,basket,plaskett
gaskets,caskets,baskets,wastebaskets
gaskill,downhill,deville,overfill,shrill,hornbill,prill,zil,kill,tamil,bastille,sawmill,bougainville,jill,pill,fill,rill,advil,brazil,daffodil,till,til,albertville,mill,abril,ill,mandeville,pil,wil,still,stil,krill,grille,gil,belleville,thrill,mil,gill,molehill,nill,rille,skill,grill,landfill,overkill,mille,bil,instill,handbill,hill,quill,chill,il,ville,fille,foothill,distill,uphill,fil,brill,standstill,dill,anthill,zill,drill,will,spill,seville,schill,bill,phil,distil,until,twill,refill,nil,demille,crill,fulfill,lille,thill,windmill,lil,cowgill,frill,sill,ghyll,trill,dphil,treadmill,sil,swill,goodwill,shill
gaskin,rascon,brascan,raskyn,gascon,baskin,raskin,nebraskan,haskin,laskin,alaskan
gasking,
gaskings,
gaskins,nebraskans,baskins,gascons,alaskans,haskins
gas-laden,
gas-lampy,
gasless,
gaslight,
gas-light,
gaslighted,
gaslighting,
gaslightness,
gaslights,
gaslike,
gaslit,haslett
gaslock,
gasmaker,
gasman,
gasmata,
gasmen,underclassmen,classmen
gasmetophytic,
gasogen,
gasogene,
gasogenes,
gasogenic,
gasohol,screwball,blackball,squall,dall,forestall,bol,ethanol,pall,wherewithal,small,pratfall,pitfall,butterball,cortisol,enthral,oddball,brawl,drawl,eyeball,call,luminol,all,gall,fireball,mall,loll,protocol,spall,shawl,sol,freefall,appall,hall,baseball,shortfall,fastball,stall,moll,fall,dol,cabal,recall,windfall,nightfall,mothball,alcohol,trawl,landfall,befall,saul,retinol,crawl,bawl,dahl,tal,doll,rainfall,maul,meatball,drywall,banal,senegal,gaul,handball,sprawl,coll,cannonball,overhaul,scrawl,nepal,snowball,basketball,waterfall,raul,downfall,catchall,install,neanderthal,volleyball,tall,stonewall,football,catcall,ball,haul,natal,hardball,thrall,pol,atoll,cholesterol,wall,paul,aerosol,softball,overall,caul,footfall
gasohols,
gasolene,
gasolenes,
gasolier,
gasoliery,
gasoliers,
gasoline,lien,philistine,argentine,leen,undine,florentine,murine,trampoline,figurine,amphetamine,intervene,lean,agin,aberdeen,mien,opaline,green,byzantine,convene,screen,submarine,cuisine,labyrinthine,tourmaline,thirteen,foreseen,sistine,umpteen,limousine,gelatine,bromine,vaccine,amin,selene,seen,peregrine,eugene,bean,holstein,quarantine,reconvene,demean,sardine,mein,jean,wean,canteen,augustine,halloween,clean,dean,ravine,spleen,internecine,fifteen,wolverine,careen,queen,baleen,libertine,geraldine,mean,contravene,protein,magazine,scene,mezzanine,hygiene,evergreen,guillotine,treen,kerosene,gene,teen,keen,glean,between,saline,routine,obscene,sheen,tangerine,aquamarine,sunscreen,preen,caffeine,casein,nene,clementine,serene,unforeseen,latrine,machine,irene,marine,vien,sabine,aniline,feine,preteen
gasoline-electric,
gasolineless,
gasoline-propelled,
gasoliner,
gasolines,sardines,gabardines,demeans,denes,brenes,leans,magazines,careens,martines,alkenes,fifteens,canteens,carotenes,opalines,genes,libertines,peregrines,psenes,weans,saenz,miens,soybeans,geans,philistines,convenes,viens,submarines,deans,screens,proteins,reconvenes,slovenes,fourteens,betweens,newsmagazines,sixteens,evergreens,means,tangerines,keens,cleans,ravines,eanes,appleans,marines,penes,queans,limousines,latrines,figurines,mangosteens,beans,teens,cuisines,jeanes,gleans,peens,phillipines,queens,eighteens,sheens,nitrosamines,eritreans,wiens,philippines,vaccines,smithereens,sunscreens,intervenes,amphetamines,bylines,liens,argentines,machines,menes,caesareans,deines,jeans,weins,preteens,greens,routines,skeens,spleens,quarantines,scenes
gasolinic,
gasometer,
gasometry,
gasometric,
gasometrical,
gasometrically,
gas-operated,
gasoscope,
gas-oxygen,
gasp,grasp,rasp,clasp,agasp,handclasp,asp
gaspar,caspar,glasper,clasper,jasper,kasper,rasper,grasper,kaspar,casper,asper,gasper
gaspard,lazard,gnarred,hard,guard,blvd,discard,bodyguard,boatyard,postcard,barnard,picard,marred,bongard,broussard,retard,scarred,nard,knarred,lard,shard,flashcard,barred,pickard,dillard,tarred,lumberyard,churchyard,safeguard,bernard,bankcard,stockyard,beauregard,canard,tared,jarred,shipyard,menard,scorecard,fugard,diehard,lifeguard,chouinard,bard,avant-garde,bouchard,brickyard,bombard,chard,yard,wildcard,dockyard,backyard,ard,charred,gerard,vcard,billard,regard,starred,gard,garde,graveyard,renard,scard,parred,leotard,card,barnyard,carde,belgard,disbarred,junkyard,barde,blowhard,mastercard,disregard,schoolyard,sparred,boulevard,farmyard,vanguard,godard,courtyard
gasparillo,
gasparo,
gaspe,glaspie,raspy,glaspy
gasped,clasped,grasped,hasped,rasped
gaspee,
gasper,caspar,glasper,clasper,jasper,kasper,rasper,grasper,kaspar,casper,asper,gaspar
gaspereau,
gaspereaus,
gaspergou,
gaspergous,
gasperi,
gasperoni,
gaspers,
gaspy,
gaspiness,
gasping,clasping,grasping,hasping,rasping
gaspingly,
gaspinsula,
gas-plant,
gasport,
gas-producing,
gasproof,
gas-propelled,
gasps,hasps,rasps,grasps,clasps
gasquet,
gas-resisting,
gas-retort,
gass,sasse,ass,alsace,outclass,yass,hass,sunglass,rasse,sassafras,kvass,smartass,middle-class,cass,chasse,snodgrass,contrasts,pass,gas,alas,harass,lass,jackass,tass,cas,underpass,amass,blass,gras,plexiglas,brasse,bass,eelgrass,fass,underclass,morass,overpass,bras,ras,grasse,tasse,vass,bluegrass,spyglass,trespass,basse,lasse,impasse,masse,repass,das,strass,sass,frass,grass,mass,surpass,crass,sas,casque,fiberglass,wrasse,plexiglass,class,hourglass,trass,landmass,brass,glas,glass,casse,last,plas,nass,bypass,eyeglass
gas's,
gassaway,
gassed,aghast,enthusiast,blast-,typecast,telecast,grassed,ghast,harassed,plast,bast,cast,sandblast,chloroplast,polycast,steadfast,brast,belfast,holdfast,caste,miscast,surpassed,colorfast,recast,everlast,kast,fast,superfast,vast,mast,rebroadcast,rast,massed,classed,outclassed,amcast,forecast,comcast,podcast,clast,broadcast,past,downcast,nast,sassed,prendergast,passed,triplecast,outcast,glassed,overcast,assed,hast,pendergast,lambaste,blast,contrast,precast,newscast,ast,lightfast,amassed,gast,last,lymphoblast,mast-,flabbergast,unsurpassed,iconoclast,outlast,qualcast,tillinghast,asked,bypassed,chast,snast,simulcast
gassendi,
gassendist,
gasser,vassar,kassar,yasser,asser,nasser,vasseur,strasser,cassar,masser,passer,vasser,masseur,nassar,crasser,glasser,sasser,brasseur,placer,harasser,masur,massar,grasser,lasser
gasserian,
gassers,
gasses,asses,morasses,classes,thasos,fasces,amasses,landmasses,boardingpasses,lasses,agassiz,eyeglasses,molasses,surpasses,tasses,brasses,harasses,overpasses,bypasses,basses,sunglasses,glasses,hourglasses,masses,gases,wrasses,grasses,passes,outclasses
gassy,massy,tallahassee,lassie,massie,classy,passy,thlaspi,tassi,brassy,vassey,plassey,glassey,grassi,passee,massi,fasci,passey,sassi,bassi,cassie,grassy,jassy,brassie,assay,malagasy,rasey,uliassi,glassy,selassie,profligacy,paspy,kasey,efficacy,cassi,masci,hassey,chassis,lassi,vasey,sassy,blassie,stassi,massey
gassier,classier,grassier,brassier,glassier,gasior,sassier
gassiest,brassiest,glassiest,classiest,grassiest,sassiest
gassiness,
gassing,sassing,pasang,amassing,grassing,bypassing,hassing,kassing,surpassing,outclassing,trespassing,paseng,classing,massing,maseng,harassing,passing,glassing
gassings,
gassit,
gassman,hasman,hassman,rasmin,glassman,asman,gassmann,lassman,grassman,strassman,classman,massman,pasman,sassman,massmann,bassman,passman
gassville,
gast,aghast,enthusiast,blast-,typecast,telecast,gassed,ghast,grassed,harassed,plast,bast,cast,sandblast,chloroplast,polycast,steadfast,brast,belfast,holdfast,caste,miscast,surpassed,colorfast,recast,everlast,kast,fast,superfast,vast,mast,rebroadcast,rast,massed,classed,outclassed,amcast,forecast,comcast,podcast,clast,broadcast,past,downcast,nast,sassed,prendergast,passed,triplecast,outcast,glassed,overcast,assed,hast,pendergast,lambaste,blast,contrast,precast,newscast,ast,lightfast,amassed,lymphoblast,last,mast-,flabbergast,unsurpassed,iconoclast,outlast,qualcast,tillinghast,asked,bypassed,chast,snast,simulcast
gastaldite,
gastaldo,
gasted,
gaster,newscaster,scoutmaster,raster,headmaster,faster,ringmaster,aster,mcmaster,concertmaster,kaster,schoolmaster,quartermaster,podcaster,laster,caster,macmaster,castor,master,burgomaster,vaster,toastmaster,stratocaster,goodpaster,pilaster,roadmaster,grandmaster,paster,postmaster,buckmaster,disaster,sportscaster,pastor,taskmaster,alabaster,broadcaster,webmaster,jaster,blaster,astor,oleaster,plaster,lancaster,forecaster
gaster-,
gasteralgia,
gasteria,
gasterocheires,
gasterolichenes,
gasteromycete,
gasteromycetes,
gasteromycetous,
gasterophilus,
gasteropod,
gasteropoda,
gasterosteid,
gasterosteidae,
gasterosteiform,
gasterosteoid,
gasterosteus,
gasterotheca,
gasterothecal,
gasterotricha,
gasterotrichan,
gasterozooid,
gasters,
gas-testing,
gastful,
gasthaus,
gasthauser,
gasthauses,
gastight,gas-tight
gastightness,
gastineau,woe,borrow,whoa,bestow,forgo,tomato,although,o,toe,hydro,glow,tempo,studio,joe,dough,indigo,plateau,hello,slow,know,though,torpedo,blow,overthrow,co,rhino,foe,go,pro,winnow,willow,adagio,patio,tomorrow,glo,photo,snow,undergo,micro,dado,quo,owe,coco,show,forego,row,calypso,grow,tornado,lo,roe,apropos,flow,portico,fallow,aficionado,doe,yoe,escrow,below,radio,hoe,tow,grotto,espresso,ho,no,torso,meadow,ratio,audio,rainbow,mow,potato,aglow,cameo,throw,sew,tableau,otto,mo,gusto,bio,manifesto,rococo,portfolio,low,virago,veto,buffalo,vertigo,archipelago,crow,shadow,so,bowe,beau,plough
gasting,
gastly,
gastness,ghastness,steadfastness,vastness,fastness,lightfastness,pastness
gastnesses,
gaston,shastan,casten,bastien,mastin,bastin,maston,plastin,masten,kasten,haston,baston,aston,glassed-in,caston
gastonia,omonia,idonia,petronia,philharmonia,sloanea,rondonia,donia,sinfonia,caledonia,cydonia,sidonia,vidonia,patagonia,madonia,harmonia,diaphonia,sophronia,colonia,macedonia,gonia,antonia,slovonia,ansonia,tonia,adonia,amazonia,new-caledonia,estonia,vernonia,slavonia,latonia
gastonville,
gastornis,
gastornithidae,
gastr-,gastr
gastradenitis,
gastraea,astraea
gastraead,
gastraeadae,
gastraeal,
gastraeas,
gastraeum,
gastral,
gastralgy,
gastralgia,
gastralgic,
gastraneuria,
gastrasthenia,
gastratrophia,
gastrea,
gastreas,
gastrectasia,
gastrectasis,
gastrectomy,
gastrectomies,
gastrelcosis,
gastric,
gastricism,
gastrilegous,
gastriloquy,
gastriloquial,
gastriloquism,
gastriloquist,
gastriloquous,
gastrimargy,
gastrin,plastron,nastran,astron
gastrins,plastrons
gastritic,
gastritis,laryngitis,moraitis,hepatitis,situs,titus,encephalitis,vitus,unitas,detritus,arvanitis,meningitis,bronchitis,pleuritis,arthritis,petraitis,mastoiditis,whitis,phlebitis,vitis,osteoarthritis,zemaitis,citess,mazaitis,fleitas
gastro-,gastro,belcastro,zastrow,astro,castro,policastro,decastro,locastro,nicastro,delmastro,yastrow,mastro,astro-,verrastro
gastroadenitis,
gastroadynamic,
gastroalbuminorrhea,
gastroanastomosis,
gastroarthritis,
gastroatonia,
gastroatrophia,
gastroblennorrhea,
gastrocatarrhal,
gastrocele,
gastrocentrous,
gastrochaena,
gastrochaenidae,
gastrocystic,
gastrocystis,
gastrocnemial,
gastrocnemian,
gastrocnemii,
gastrocnemius,
gastrocoel,
gastrocoele,
gastrocolic,
gastrocoloptosis,
gastrocolostomy,
gastrocolotomy,
gastrocolpotomy,
gastrodermal,
gastrodermis,
gastrodialysis,
gastrodiaphanoscopy,
gastrodidymus,
gastrodynia,
gastrodisc,
gastrodisk,
gastroduodenal,
gastroduodenitis,
gastroduodenoscopy,
gastroduodenostomy,
gastroduodenostomies,
gastroduodenotomy,
gastroelytrotomy,
gastroenteralgia,
gastroenteric,
gastroenteritic,
gastroenteritis,
gastroenteroanastomosis,
gastroenterocolitis,
gastroenterocolostomy,
gastroenterology,
gastroenterologic,
gastroenterological,
gastroenterologically,
gastroenterologist,
gastroenterologists,
gastroenteroptosis,
gastroenterostomy,
gastroenterostomies,
gastroenterotomy,
gastroepiploic,
gastroesophageal,
gastroesophagostomy,
gastrogastrotomy,
gastrogenic,
gastrogenital,
gastrogenous,
gastrograph,
gastrohelcosis,
gastrohepatic,
gastrohepatitis,
gastrohydrorrhea,
gastrohyperneuria,
gastrohypertonic,
gastrohysterectomy,
gastrohysteropexy,
gastrohysterorrhaphy,
gastrohysterotomy,
gastroid,
gastrointestinal,intestinal,destinal
gastrojejunal,
gastrojejunostomy,
gastrojejunostomies,
gastrolater,
gastrolatrous,
gastrolavage,
gastrolienal,
gastrolysis,
gastrolith,
gastrolytic,
gastrolobium,
gastrologer,
gastrology,
gastrological,
gastrologically,
gastrologist,
gastrologists,
gastromalacia,
gastromancy,astromancy
gastromelus,
gastromenia,
gastromyces,
gastromycosis,
gastromyxorrhea,
gastronephritis,
gastronome,
gastronomer,
gastronomes,
gastronomy,astronomy,autonomy,metonomy,ideonomy,economy
gastronomic,dromic,romic,technomic,romack,adamik,bromic,monatomic,ergonomic,noneconomic,islamic,romick,subatomic,palmic,wommack,macroeconomic,adamec,diatomic,bombic,ohmic,atomic,microeconomic,economic,tomich,comic,commack,autonomic,tragicomic,nomic,hommock,socioeconomic,uneconomic
gastronomical,
gastronomically,
gastronomics,
gastronomies,
gastronomist,
gastronosus,
gastro-omental,
gastropancreatic,
gastropancreatitis,
gastroparalysis,
gastroparesis,
gastroparietal,
gastropathy,
gastropathic,
gastroperiodynia,
gastropexy,
gastrophile,
gastrophilism,
gastrophilist,
gastrophilite,
gastrophilus,
gastrophrenic,
gastrophthisis,
gastropyloric,
gastroplasty,astra,lastra,sastra,castra,shastra
gastroplenic,
gastropleuritis,
gastroplication,
gastropneumatic,
gastropneumonic,
gastropod,
gastropoda,
gastropodan,
gastropodous,
gastropods,
gastropore,
gastroptosia,
gastroptosis,
gastropulmonary,
gastropulmonic,
gastrorrhagia,
gastrorrhaphy,
gastrorrhea,
gastroschisis,
gastroscopy,astroscopy
gastroscopic,
gastroscopies,
gastroscopist,
gastrosoph,
gastrosopher,
gastrosophy,
gastrospasm,
gastrosplenic,
gastrostaxis,
gastrostegal,
gastrostege,
gastrostenosis,
gastrostomy,
gastrostomies,
gastrostomize,
gastrostomus,
gastrosuccorrhea,
gastrotaxis,
gastrotheca,
gastrothecal,
gastrotympanites,
gastrotome,
gastrotomy,
gastrotomic,
gastrotomies,
gastrotrich,
gastrotricha,gastrotrocha
gastrotrichan,
gastrotubotomy,
gastrovascular,vascular,cardiovascular
gastroxynsis,
gastrozooid,
gastrula,
gastrulae,astrally
gastrular,
gastrulate,emulate,emanate,communicate,deliberate,demonstrate,moderate,desolate,weight,precipitate,abrogate,fate,estate,collate,conflate,repudiate,delineate,articulate,advocate,trait,exacerbate,relate,delegate,graduate,deprecate,late,rait,collaborate,designate,estimate,profligate,consummate,propagate,dissipate,compensate,associate,gait,create,alternate,stipulate,adequate,reiterate,freight,debate,manipulate,mandate,great,evaluate,resonate,appropriate,appreciate,anticipate,celebrate,coordinate,accommodate,incorporate,innate,consolidate,plate,gate,abdicate,separate,disseminate,integrate,postulate,extrapolate,arrogate,alleviate,indicate,mitigate,surrogate,obviate,date,slate,commiserate,spate,vacillate,state,inculcate,wait,subordinate,predicate,cultivate,contemplate,obfuscate,corroborate,facilitate,abate,mate,elucidate,denigrate,elaborate,straight,ameliorate,initiate,assimilate,rate,update,intimate,dedicate,procrastinate
gastrulated,
gastrulating,
gastrulation,adaptation,trepidation,information,quotation,vocation,transformation,accommodation,dissertation,connotation,vacation,gentrification,aspiration,consternation,articulation,education,anticipation,remuneration,implication,integration,evaluation,affiliation,aberration,radiation,relation,proliferation,segregation,pronunciation,correlation,nation,obfuscation,configuration,creation,presentation,observation,rehabilitation,litigation,conflagration,cooperation,reconciliation,motivation,meditation,collaboration,interpretation,dedication,location,altercation,preparation,variation,reputation,generation,approbation,inclination,situation,station,determination,abomination,discrimination,communication,civilization,association,application,corporation,representation,consideration,operation,transportation,conversation,indignation,collocation,ramification,compensation,reservation,innovation,population,inspiration,orientation,organization,sensation,conservation,affirmation,salvation,expectation,constellation,appreciation,foundation,obligation,deviation,translation,manifestation,citation,alliteration,designation,remediation,abbreviation,precipitation,revelation,administration,notation,medication,implementation
gastruran,
gasts,
gasworker,
gasworks,glassworks
gat,wildcat,gatt,nat,autocrat,hatte,thermostat,democrat,bratt,chat,scatt,doormat,habitat,sadat,brat,pussycat,bobcat,butterfat,bat,matt,sprat,acrobat,rat,aristocrat,plutocrat,ziggurat,format,laundromat,wombat,scrat,cat,slat,splat,bureaucrat,placemat,brickbat,combat,batt,patte,at,hat,technocrat,polecat,scat,flat,kat,platte,chitchat,elat,babysat,begat,copycat,latke,fat,gnat,pratt,dat,aerostat,inmarsat,sat,vat,platt,schmatte,spat,tit-for-tat,that,glatt,gujarat,nonfat,matte,pat,tat,patt,thundercat,caveat,mat,stat,blatt,catt,strat,muskrat,tomcat,diplomat,kitcat
gata,
gatch,krach,drach,whitlatch,trache,potlatch,reattach,gach,unattach,smatch,rematch,overmatch,ratch,mismatch,bache,patch,matsch,flach,rach,detach,slatch,scratch,mache,stach,rache,thatch,vache,scatch,bratsch,fratch,tkach,grzywacz,dispatch,thermopatch,attach,kach,thach,latch,tatch,brach,fache,snatch,crache,klatch,catch,lach,hatch,cratch,batch,cumberbatch,tatsch,match,tache,lache,latsch,natch,vlach,hach
gatchwork,
gate,emulate,emanate,communicate,deliberate,demonstrate,moderate,desolate,weight,precipitate,abrogate,fate,estate,collate,conflate,repudiate,delineate,articulate,advocate,trait,exacerbate,relate,delegate,graduate,deprecate,late,rait,collaborate,designate,estimate,profligate,consummate,propagate,dissipate,compensate,associate,gait,create,alternate,stipulate,adequate,reiterate,freight,debate,manipulate,mandate,great,evaluate,resonate,appropriate,appreciate,anticipate,celebrate,coordinate,accommodate,incorporate,innate,consolidate,plate,exonerate,abdicate,separate,disseminate,integrate,postulate,extrapolate,arrogate,alleviate,indicate,mitigate,surrogate,obviate,date,slate,commiserate,spate,vacillate,state,inculcate,wait,subordinate,predicate,cultivate,contemplate,obfuscate,corroborate,facilitate,abate,mate,elucidate,denigrate,elaborate,ameliorate,straight,initiate,assimilate,rate,update,intimate,dedicate,procrastinate
gateado,
gateage,
gateau,woe,borrow,whoa,bestow,forgo,tomato,although,o,toe,hydro,glow,tempo,studio,joe,dough,indigo,plateau,hello,slow,know,though,torpedo,blow,overthrow,co,rhino,foe,go,pro,winnow,willow,adagio,patio,tomorrow,glo,photo,snow,undergo,micro,dado,quo,owe,coco,show,forego,row,calypso,grow,tornado,lo,roe,apropos,flow,portico,fallow,aficionado,doe,yoe,escrow,below,radio,hoe,tow,grotto,espresso,ho,no,torso,meadow,ratio,audio,rainbow,mow,potato,aglow,cameo,throw,sew,tableau,otto,mo,gusto,bio,manifesto,rococo,portfolio,low,virago,veto,buffalo,vertigo,archipelago,crow,shadow,so,bowe,beau,plough
gateaux,plateaux,bateaux
gate-crash,gatecrash
gatecrasher,gate-crasher
gate-crasher,gatecrasher
gatecrashers,
gated,overrated,dissipated,isolated,incorporated,cultivated,allocated,belated,prorated,understated,intimated,irritated,incapacitated,decapitated,mitigated,alienated,aggregated,dated,corrugated,relegated,orientated,nauseated,fascinated,exonerated,outdated,dilapidated,sated,initiated,educated,located,complicated,contaminated,eviscerated,mandated,perforated,devastated,truncated,anticipated,exasperated,excoriated,emanated,sophisticated,automated,bated,animated,inundated,encapsulated,appreciated,incarcerated,substantiated,integrated,liberated,intoxicated,emaciated,exacerbated,exaggerated,interrelated,graduated,separated,precipitated,stated,bifurcated,antiquated,obligated,annotated,situated,deprecated,abated,delineated,agitated,affiliated,indicated,elevated,elated,related,stipulated,reiterated,unabated,promulgated,articulated,consecrated,aggravated,feted,unmitigated,frustrated,associated,unadulterated,infatuated,inebriated,designated,consolidated,motivated,attenuated,slated,intimidated,saturated,created,opinionated,serrated,concentrated,predicated
gatefold,eight-fold
gatefolds,
gatehouse,
gatehouses,
gatekeep,
gatekeeper,peacekeeper,doorkeeper,leaper,scheper,peeper,cheaper,deeper,weeper,gamekeeper,storekeeper,housekeeper,heaper,streeper,schlieper,shopkeeper,neeper,leeper,keeper,scorekeeper,reaper,bookkeeper,leiper,groundskeeper,kieper,sleeper,creeper,keiper,crowkeeper,goalkeeper,minesweeper,innkeeper,steeper,beekeeper,teper,beeper,sweeper,pieper
gate-keeper,
gatekeepers,beekeepers,schepers,keepers,scorekeepers,reapers,beepers,innkeepers,housekeepers,groundskeepers,sleepers,minesweepers,weepers,peacekeepers,shopkeepers,bookkeepers,creepers,peepers,crowkeepers,leapers,storekeepers,jeepers,sweepers
gate-leg,
,
