earmuff,buff,tuff,pluff,knuff,slough,fluff,handcuff,schuff,goodnough,cuff,enough,huff,vakuf,rebuff,shuff,muff,leboeuf,lebouef,spliff,dayhuff,rough,luff,cluff,petstuff,foodstuff,mcgough,tough,fisticuff,chuff,bruff,snuff,hough,dyestuff,cuffe,bluff,piedboeuf,sluff,acuff,gruff,stough,ruff,puff,guff,scottsbluff,scuff,scruff,macduff,ruffe,overstuff,ruf,stuff,mcgeough,duff,mcduff,shruff
earmuffs,toughs,duffs,cuffs,stuffs,foodstuffs,bluffs,huffs,rebuffs,snuffs,stouffs,glyphs,muffs,dyestuffs,scuffs,griffes,ruffs,buffs,fisticuffs,roughs,puffs,handcuffs,scruffs,fluffs,chuffs,sloughs
earn,learn,heartburn,bern,stern,verne,upturn,byrne,erne,washburn,berne,kern,ahearn,fearn,taciturn,adjourn,minturn,ahern,cogburn,hurn,hearn,fern,yearn,sunburn,cern,cockburn,kirn,churn,overturn,durn,discern,laverne,aherne,sterne,concern,urn,sauterne,herne,hearne,vern,chern,redfern,hern,thurn,zurn,return,spurn,dern,stirn,unconcern,downturn,burn,turn
earnable,
earned,unconcerned,kerned,interned,ferned,sunburned,concerned,returned,discerned,burned,spurned,turned,learned,yearned,churned,overturned,unearned,unburned,sterned,adjourned,unturned
earner,merner,berner,kerner,sterner,schwerner,learner,afterburner,gerner,verner,ferner,vernor,lerner,werner,churner,turner,spurner,kirner,furner,thurnher,thurner,derner,burner,silberner,stoneburner,herner,yearner
earners,learners,afterburners,turners,burners
earner's,
earnest,internist,ernest,sternest
earnestful,
earnestly,
earnestness,
earnestnesses,
earnest-penny,
earnests,internists,ernests
earnful,urnful,yearnful
earnie,
earning,urning
earnings,burnings,turnings,yearnings
earns,kernes,burns,byrnes,vernes,berns,mearns,kerns,querns,churns,stearns,returns,adjourns,discerns,turns,upturns,kearns,spurns,ferns,learns,burnes,terns,ternes,sterns,downturns,hearns,concerns,overturns,sauternes,yearns
earock,
earom,quiram
earp,slurp,hjerpe,usurp,serpe,burp,chirp
earphone,brownstone,touchstone,rone,anemone,shown,monotone,mon,xylophone,ozone,francophone,disown,rhone,strown,acetone,leone,undertone,overblown,cone,joan,rhinestone,backbone,overthrown,sloan,testosterone,cyclone,pheromone,trombone,grown,prone,gladstone,tombstone,unknown,simone,mone,stone,roan,moan,homegrown,capstone,hone,lone,drone,bone,silicone,allophone,flown,collarbone,cicerone,tone,headstone,sewn,shone,saxophone,throne,baritone,fone,thrown,scone,megaphone,condone,millstone,whetstone,keystone,loan,jawbone,gemstone,alone,known,lodestone,clone,moonstone,argonne,intone,telephone,cornerstone,homophone,milestone,limestone,groan,phone,headphone,zone,chaperone,blown,atone,sharon,t-bone,hormone,capone,crone,overtone,sown,postpone,cologne,microphone,own,bemoan,cobblestone
earphones,hailstones,tombstones,drones,rhys-jones,hormones,cones,silicones,moans,allophones,gladstones,daimones,homophones,telephones,soens,headstones,airfones,cherrystones,pheromones,moonstones,owns,rhinestones,mones,roans,crones,thoennes,koans,cobblestones,leones,microphones,businessphones,cheekbones,megaphones,saxophones,overtones,flagstones,bones,stones,thrones,gravestones,intones,halftones,hones,knowns,jones,bemoans,lohnes,madstones,limestones,undertones,condones,scones,gemstones,phones,trones,milestones,unknowns,sones,romanones,lones,goens,cornerstones,fones,gallstones,hipbones,loans,tones,zones,clones,crossbones,backbones,keystones,reesjones,baritones,groans,goans,chaperones,flintstones,trombones,joens,interacciones,headphones,cyclones,quinones,postpones
earpick,
earpiece,
earpieces,
ear-piercing,
earplug,doug,sprug,jug,ladybug,krug,tanjug,lug,dug,mug,rug,bug,pug,chug,snug,plug,sprig,antidrug,tug,smug,zug,klug,hug,bugg,slug,debug,abzug,schug,rugg,jitterbug,firebug,hugg,bugge,drug,humbug,ugh,unplug,sugg,shrug,thug
earplugs,slugs,jugs,snuggs,juggs,sprigs,prigs,tugs,ladybugs,luges,hugs,rugs,swigs,drugs,plugs,chugs,thugs,bugs,mugs,shrugs,scruggs,snugs,lugs,trigs,brigs,suggs,buggs
earreach,
ear-rending,
ear-rent,
earring,
ear-ring,
earringed,
earrings,hearings,rehearings
earring's,
ears,seres,gears,pamphleteers,interferes,hears,teres,xeres,bombardiers,premieres,rabbitears,cashiers,rears,smears,sears,years,tiers,freres,beres,meares,bandoliers,veres,steers,stears,viers,pioneers,auctioneers,clears,schweers,marketeers,jears,queers,biospheres,nears,adheres,gondoliers,speirs,racketeers,desrosiers,souvenirs,frears,musketeers,algiers,seers,mutineers,keres,overhears,careers,electioneers,arrears,premiers,disappears,spheres,berkshires,beers,veers,briers,thiers,engineers,piers,reveres,summiteers,perseveres,mountaineers,conventioneers,buccaneers,sneers,fiers,cheers,puppeteers,tangiers,coheres,veneers,fears,wagoneers,sweers,biers,spears,comandeers,debeers,miears,jeers,siers,budgeteers,volunteers,frontiers,profiteers,financiers,cavaliers,hiers,peers,tears,reappears,sightseers,appears,wiers,mears,shears
earscrew,
earsh,smersh
earshell,
earshot,brought,crackpot,pott,bott,straught,scott,cot,watt,lot,apricot,hotshot,slot,bought,longshot,tot,caught,ott,topknot,baht,aforethought,huguenot,spot,cosmonaut,got,slingshot,lat,sot,trot,clot,blot,nought,jot,mott,whatnot,fraught,juggernaut,ascot,allot,snot,lott,shot,wat,forgot,potshot,dreadnought,sadat,overwrought,ot,pot,taught,argonaut,croat,dot,plot,wrought,upshot,alot,aquanaut,loquat,lotte,ought,not,knot,thought,onslaught,naught,robot,taut,aught,mascot,boycott,ocelot,snapshot,teapot,forethought,haut,scattershot,yacht,gunshot,scot,jackpot,sought,motte,distraught,astronaut,fought,afterthought,swat,cannot,hot,camelot,begot,ararat,rot,squat
earshots,
earsore,
earsplitting,
ear-splitting,
earspool,
earstone,
earstones,
eartab,
eartag,
eartagged,
earth,burnsworth,whitworth,wedgeworth,dillworth,dunsworth,ellingsworth,middlesworth,shuttleworth,dunworth,shuttlesworth,dearth,rebirth,wurth,longsworth,kenilworth,butterworth,longworth,pickworth,leavenworth,childbirth,unearth,hirth,foxworth,berth,mirth,burnworth,wentworth,illingworth,keyworth,werth,birth,woodworth,killingsworth,houseworth,wirth,hollinsworth,kerth,hollandsworth,fuerth,girth,hayworth,worth,furth,titsworth,networth,stallworth,skipworth,beckworth,perth,gerth,ducksworth,hollingsworth,holdsworth,bloodsworth,elsworth,cutbirth,bloodworth,chatsworth,cudworth,kenworth,ashworth,firth,wigglesworth,kurth,duckworth,hackworth,hollingworth,woolworth,molesworth
eartha,tregurtha,bertha,hertha,murtha
earth-apple,
earth-ball,earthball
earthboard,
earth-board,
earthborn,
earth-born,
earthbound,compound,horehound,newfound,round,expound,resound,mound,swound,crowned,stound,southbound,wound,inbound,snowbound,greyhound,browned,runaround,fairground,impound,lb,unbound,ultrasound,foxhound,profound,astound,hidebound,hound,downed,underground,rebound,pound,spellbound,confound,eastbound,playground,merry-go-round,frowned,foreground,campground,renowned,outbound,aground,abound,redound,propound,homebound,background,around,turnaround,unsound,westbound,surround,ground,towned,unwound,bound,found,drowned,battleground,gowned,sound
earth-bound,
earth-boundness,
earthbred,
earth-convulsing,
earth-delving,
earth-destroying,
earth-devouring,
earth-din,
earthdrake,
earth-dwelling,
earth-eating,
earthed,birthed,berthed,unearthed,girthed,worthed
earthen,worthen
earth-engendered,
earthenhearted,
earthenware,pear,medicare,footwear,rare,err,clair,claire,software,mer,beware,spare,fare,forebear,dispair,flair,stare,healthcare,prayer,stair,cookware,chair,malware,care,nowhere,mare,glare,ere,everywhere,ensnare,air,declare,repair,lair,there,mohair,unfair,flare,airfare,impair,questionnaire,nightmare,lare,share,welfare,fanfare,armchair,aware,thoroughfare,hare,guerre,eyre,daycare,cher,doctrinaire,delaware,hardware,unaware,anywhere,gare,ware,faire,swear,pair,millionaire,underwear,affair,heir,pare,solitaire,square,altair,despair,snare,terre,fair,dare,wear,bear,debonair,timeshare,compare,aer,hair,extraordinaire,their,scare,forswear,blair,prepare,blare,warfare,childcare,tear,where,threadbare,bair,bare,elsewhere
earthenwares,
earthfall,
earthfast,
earth-fed,
earthgall,
earth-god,
earth-goddess,
earthgrubber,
earth-homing,
earthy,penberthy,murthy
earthian,
earthier,
earthiest,
earthily,
earthiness,
earthinesses,
earthing,
earthkin,
earthless,
earthly,unearthly,worthley
earthlier,
earthliest,
earthlight,
earth-light,
earthlike,
earthly-minded,
earthly-mindedness,
earthliness,
earthlinesses,
earthling,
earthlings,
earth-lit,
earthly-wise,
earth-mad,
earthmaker,
earthmaking,
earthman,
earthmen,
earthmove,
earthmover,
earthmoving,approving,moving,disapproving,grooving,removing,improving,proving
earth-moving,
earthnut,
earth-nut,
earthnuts,
earth-old,
earthpea,
earthpeas,
earthquake,claik,backache,jake,bake,mandrake,shaik,cupcake,paik,snake,cheesecake,straik,remake,retake,snowflake,quake,awake,strake,steak,kittiwake,heartbreak,pake,clake,beefsteak,overtake,forsake,blake,dake,break,slake,lake,shaykh,drake,shaikh,daybreak,cake,outbreak,sake,fruitcake,flake,undertake,take,spake,milkshake,namesake,wake,yake,pancake,outtake,make,brake,ake,naik,ache,handshake,bellyache,shake,rake,mistake,opaque,shortcake,crake,uptake,heartache,muckrake,fake,keepsake,intake,hake,sweepstake,haik,hotcake,partake,stake,rattlesnake,headache,caique,betake
earthquaked,
earthquaken,
earthquake-proof,
earthquakes,keepsakes,crakes,mistakes,wakes,sweepstakes,aches,jakes,outbreaks,drakes,handshakes,headaches,rattlesnakes,brakes,fakes,breaks,shakes,pancakes,fruitcakes,snowflakes,makes,rakes,flakes,outtakes,backaches,takes,slakes,frakes,bakes,overtakes,hotcakes,undertakes,blakes,cakes,steaks,heartbreaks,cupcakes,sakes,snakes,remakes,raikes,stakes,strakes,hakes,quakes,namesakes,lakes
earthquake's,
earthquaking,
earthquave,
earth-refreshing,
earth-rending,
earthrise,
earths,girths,worths,berths,rebirths,births,firths
earthset,
earthsets,
earthshaker,
earthshaking,filmmaking,steelmaking,decisionmaking,braking,breaking,lawmaking,glassmaking,maikong,dealmaking,matchmaking,moneymaking,breathtaking,policymaking,heartbreaking,papermaking,flaking,faking,profittaking,taking,quaking,bookmaking,painstaking,retaking,dressmaking,rulemaking,lawbreaking,snaking,caking,overtaking,forsaking,making,undertaking,handshaking,groundbreaking,staking,moviemaking,baking,mistaking,shaking,homemaking,slaking,remaking,raking,waking,basketmaking,muckraking,printmaking,peacemaking
earth-shaking,
earthshakingly,
earthshattering,
earthshine,byline,lifeline,brine,aline,iodine,online,stein,twine,divine,hotline,underline,dine,tagline,ballantine,opine,storyline,shine,pine,streamline,deadline,sign,cline,quinine,supine,affine,benign,incline,zine,serpentine,line,decline,eglantine,trine,combine,turpentine,asinine,resign,moonshine,confine,spline,canine,entwine,equine,stine,malign,consign,frontline,endocrine,whine,baseline,skyline,rine,airline,undermine,chine,align,spine,punchline,valentine,fine,borderline,sine,shrine,swine,headline,design,tine,devine,genuine,outshine,lupine,pipeline,bovine,grapevine,refine,intertwine,concubine,vine,define,guideline,dopamine,alpine,outline,saccharine,palatine,nine,feline,thine,assign,enshrine,sideline,crystalline,sunshine,byzantine,fein,wine,porcupine,mine,alkaline
earthshock,
earthslide,
earthsmoke,
earth-sounds,
earth-sprung,
earth-stained,
earthstar,are,millibar,alar,superstar,cinnabar,feldspar,lodestar,cigar,dakar,par,handlebar,spar,commissar,mylar,lar,hectare,bazaar,adar,barr,avatar,memoir,crowbar,boxcar,car,tsar,amar,radar,ar,babar,sitar,akbar,sandbar,azar,bar,myanmar,rebar,scar,saar,motorcar,caviar,renoir,har,mar,star,dinar,gar,bazar,foobar,jaguar,parr,amritsar,r,qatar,dar,voir,char,czar,ajar,aargh,csar,lamar,far,subpar,railcar,nascar,repertoire,zanzibar,lumbar,afar,boyar,streetcar,tar,reservoir,magyar,sidebar,sar,revoir,mawr,jar,carr,guitar,bizarre,marr,thar,navarre,haar,starr,alcazar,seminar,barre,disbar,registrar
earth-strewn,
earthtongue,earth-tongue
earth-vexing,
earthwall,
earthward,
earthwards,
earth-wide,
earthwork,jerk,burk,berk,openwork,masterwork,lurk,perc,sirk,werke,waterwork,clerk,murk,legwork,firework,plasterwork,handiwork,work,casework,latticework,homework,lerch,beadwork,merck,teamwork,schoolwork,guesswork,overwork,quirke,mcgurk,shirk,housework,klerk,berke,artwork,smirk,needlework,patchwork,clockwork,ataturk,kurk,berserk,derk,kirch,metalwork,piecework,framework,groundwork,turk,cirque,werk,bourke,dirk,birk,bjerke,fieldwork,footwork,burke,murch,clerc,merk,network,merc,roadwork,spadework,woodwork,rework,erk,leclerc,paperwork,kirk,brushwork,irk,perk,quirk
earthworks,
earthworm,shortterm,worm,squirm,firm,confirm,germ,sturm,therm,longterm,germe,herm,hurm,infirm,endosperm,affirm,midterm,wurm,therm-,long-term,from,nicoderm,term,berm,cutworm,ferm,reconfirm,thurm,sperm,schirm,bookworm,reaffirm
earthworms,berms,squirms,germs,sperms,affirms,reaffirms,therms,terms,midterms,worms,cutworms,confirms,silkworms,firms,herms
earthworm's,
earth-wrecking,
ear-trumpet,
earvin,irvin
earwax,maxx,smacks,acts,sacs,tampax,saxe,sax,sacks,tracks,overtax,gunnysacks,filofax,pretax,pentax,slacks,pacs,surtax,halifax,vax,plax,sachs,shacks,bax,fairfax,cutbacks,climax,macs,quacks,blacks,contacts,knickknacks,racks,dax,relax,parallax,fax,imax,attacks,hacks,saks,stacks,maces,cracks,lax,flax,metathorax,lomax,pacts,wisecracks,facts,jacks,impacts,setbacks,fosamax,tax,cadillacs,axe,max,equifax,awacs,jaques,trax,maniacs,galax,rax,backs,pax,yax,wax,aftertax,syntax,ax,lilacs,mesothorax,kickbacks,lacks,snacks,plaques,drawbacks,knacks,packs,greenbacks,whacks,borax,praxes,flashbacks,ajax,tacks
ear-wax,
earwaxes,
earwig,
earwigged,
earwiggy,
earwigginess,
earwigging,
earwigs,
earwitness,
ear-witness,
earworm,
earworms,
earwort,
eas,
easd,
ease,reis,bes,balinese,leas,pease,wease,belize,sease,oversees,feces,hyades,emphases,japanese,flees,lees,isosceles,degrees,skis,parentheses,jeez,these,analyses,appease,niese,mores,agrees,maltese,louise,striptease,rameses,pcs,overseas,hypotheses,cantonese,cadiz,unease,damocles,peas,taiwanese,reprise,idiosyncrasies,geez,displease,testes,tees,freeze,bees,expertise,pleiades,munchies,socrates,guarantees,pleas,siamese,wheeze,diocese,tease,antifreeze,keys,chese,frieze,trapeze,seese,headcheese,disease,teas,manganese,indices,hercules,tweeze,aziz,chinese,dees,chemise,realities,fees,creaze,breeze,actuaries,attendees,sees,seize,knees,squeeze,portuguese,seas,please,javanese,maccabees,sinhalese,fleas,trees,journalese,feaze,cheese,burmese,sleaze,sneeze
eased,cheesed,squeezed,diseased,teased,breezed,pleased,sneezed,wheezed,seized,friezed,appeased,displeased
easeful,
easefully,
easefulness,
easel,meazel,teazel,feazell,weezel,feazel,teazle,resile,mesal,yeazel,measle,feasel,teasle,diesel,quezal,sisal,weasel,measel
easeled,
easeless,breezeless
easel-picture,
easels,diesels,weasels,measles
easement,appeasement
easements,
easement's,
ease-off,
easer,squeezer,feezor,freezer,siser,tisar,sneezer,ebeneezer,keezer,ebenezer,friezer,seizer,feeser,beazer,cesar,reser,bleser,pleaser,caesar,teaser,keizer,cheeser,wheezer,feser,weser,seizor,tweezer,leazer
easers,squeezers,caesars,tweezers,seizers,teasers,freezers,sneezers
eases,
ease-up,
easi,
easy,adelizzi,caseze,marchese,wheezy,uneasy,sleazy,weasy,veazie,peasey,breezy,kasese,talese,sweezey,scortese,veasey,mcaleese,fabrizi,sweezy,veazey,sweazy,cheesy,sneezy,queasy,matterease
easier,cheesier,breezier
easies,
easiest,breeziest,cheesiest
easy-fitting,
easy-flowing,
easygoing,outgrowing,moviegoing,unknowing,oceangoing,growing,forgoing,winnowing,bestowing,ongoing,flowing,snowing,stowing,boing,throwing,glowing,churchgoing,overflowing,slowing,elbowing,torpedoing,undergoing,outgoing,foregoing,koing,plateauing,seagoing,blowing,tiptoeing,crowing,glassblowing,farrowing,overthrowing
easy-going,
easygoingly,
easygoingness,
easy-hearted,
easy-humored,
easily,weaselly,sleazily,uneasily,mesally
easylike,
easy-mannered,
easy-minded,
easy-natured,
easiness,breeziness,cheesiness,sissiness,queasiness,wheeziness,uneasiness
easinesses,
easing,
easy-paced,
easy-rising,
easy-running,
easy-spoken,
easley,sheesley,heasley,veasley,beezley,peasley,beasley,measly,vesely,teasley,beazley,wesely,beesley
eassel,
east,leased,keast,dupriest,trendiest,increased,ceased,beast,greased,northeast,creased,weast,priest,vanderleest,mideast,released,policed,feast,unreleased,fleeced,bankeast,southeast,depriest,trieste,vannest,decreased,pieced,deceased,least,toniest,teast,yeast
eastabout,
eastbound,compound,horehound,newfound,round,expound,resound,mound,swound,crowned,stound,southbound,wound,inbound,snowbound,greyhound,browned,runaround,fairground,impound,lb,unbound,ultrasound,foxhound,profound,astound,hidebound,hound,downed,underground,rebound,pound,spellbound,confound,playground,merry-go-round,frowned,foreground,campground,renowned,outbound,aground,abound,redound,propound,homebound,background,around,turnaround,unsound,earthbound,westbound,surround,ground,towned,unwound,bound,found,drowned,battleground,gowned,sound
eastbourne,
east-country,
easted,
east-end,
east-ender,
easter,meester,teaster,rentmeester,feaster,treaster,leister,dniester,priester
easter-day,
easter-giant,
eastering,
easter-ledges,
easterly,northeasterly
easterlies,
easterliness,
easterling,
eastermost,
eastern,northeastern,mideastern,southeastern
easterner,northeasterner
easterners,northeasterners
easternism,
easternize,
easternized,
easternizing,
easternly,
easternmost,
easters,
eastertide,
easting,bee-stung,feasting,priesting
eastings,
east-insular,
eastlake,
eastland,
eastlander,
eastleigh,
eastlin,
eastling,
eastlings,
eastlins,
eastman,
eastmost,
eastness,
east-northeast,
east-northeastward,
east-northeastwardly,
easton,heaston,beaston
eastre,
easts,
eastside,
east-sider,
east-southeast,
east-southeastward,
east-southeastwardly,
eastward,northeastward
eastwardly,
eastwards,
east-windy,
eastwood,firewood,sainthood,inglewood,teakwood,could,elwood,plywood,underwood,victimhood,fleetwood,atwood,driftwood,wedgwood,brentwood,wildwood,pulpwood,neighborhood,silkwood,elmwood,hollywood,heywood,should,littlewood,sherwood,adulthood,statehood,osgood,heartwood,girlhood,babyhood,dagwood,brotherhood,motherhood,wormwood,deadwood,hardwood,hazelwood,hood,good,englewood,softwood,greenwood,edgewood,nationhood,falsehood,womanhood,haywood,would,schuld,stood,wedgewood,boyhood,beechwood,withstood,misunderstood,logwood,manhood,childhood,devilwood,ravenswood,rosewood,isherwood,leatherwood,knighthood,parenthood,corkwood,likelihood,kenwood,rockwood,redwood,cottonwood,allgood,westwood,oakwood,greasewood,dogwood,tanglewood,boxwood,smallwood,wood,fatherhood,goode,blackwood,ironwood,marwood,livelihood,collingwood,understood
eat,bleat,feat,leet,grete,discrete,st,downbeat,heartbeat,fleet,heat,pete,buckwheat,excrete,overheat,repeat,indiscreet,crabmeat,mete,wheat,overeat,feet,mesquite,crete,deadbeat,mincemeat,compete,receipt,peat,replete,drumbeat,unseat,elite,skeet,offbeat,greet,creat,suite,peet,marguerite,spreadsheet,gleet,deet,parakeet,tweet,petite,speet,effete,browbeat,beat,creaght,gamete,poteat,meat,complete,meet,worksheet,sleet,discreet,neat,bittersweet,incomplete,backseat,teet,secrete,piet,conceit,pleat,amit,cleat,athlete,concrete,street,flete,upbeat,mistreat,sweet,retreat,deplete,teat,obsolete,deceit,neet,delete,treat,noncompete,defeat,cheat,seat,beet,sheet
eatability,
eatable,cheatable,repeatable,beatable,treatable,untreatable,unbeatable,heatable
eatableness,
eatables,
eatage,
eat-all,
eatanswill,
eatberry,
eatche,
eaten,cheetan,phaeton,gleaton,seaton,neaten,wheaton,cretin,seeton,yeaton,heaton,wheaten,keyton,meeten,cretan,cleeton,deaton,sweeten,eton,zeatin,beaton,kreatin,seton,unbeaten,teton,beaten,keeton,beeton,keaton,creatin,leaton,eaton,fleeten
eaten-leaf,
eater,greeter,millilitre,ammeter,jeeter,heater,metre,streeter,vietor,seedeater,beater,demetre,anteater,keiter,vanmeter,cheater,bleater,sweeter,sliter,keeter,yeater,demeter,millimetre,peter,kilometer,milliliter,millimeter,centimeter,pieter,streater,fisheater,centimetre,fleeter,teeter,keator,seater,dieter,gravimeter,depleter,meter,teter,liter,repeater,deciliter,beefeater,treater,deater,heeter,metar,molitor,crabeater,kilometre,skeeter,praetor,neater,deeter,meeter,teater,jeter
eatery,metry,petery
eateries,
eater-out,
eaters,kilometres,centimeters,heaters,milliliters,mcpeters,skeeters,teters,mcpheeters,kilometers,beaters,streeters,millimeters,seedeaters,peeters,cheaters,depleters,treaters,ammeters,pieters,centimetres,peters,anteaters,millilitres,repeaters,liters,millimetres,teeters,fisheaters,metres,meters,mcfeeters
eath,
eathly,
eating,
eatings,
eaton,cheetan,phaeton,gleaton,seaton,neaten,wheaton,cretin,seeton,yeaton,eaten,heaton,wheaten,meeten,cretan,cleeton,deaton,sweeten,eton,zeatin,beaton,kreatin,seton,unbeaten,teton,beaten,keeton,beeton,keaton,creatin,leaton,keyton,fleeten
eatonton,
eatontown,
eatonville,
eats,worksheets,zietz,completes,deets,receipts,depletes,teets,baetz,athletes,sleets,deetz,bietz,beets,elites,sheats,beats,zeitz,keitz,weitz,deadbeats,leitz,treats,meats,heats,yeatts,petites,pleats,dietz,wheats,cleats,parakeets,tweets,meets,greets,retreats,dickensheets,deletes,reetz,neats,seats,keatts,graetz,mistreats,competes,deats,deceits,beitz,tietz,bleats,raetz,repeats,streets,defeats,sheetz,teats,peets,pietz,viets,kreitz,deitz,peitz,keats,suites,cheats,gaetz,neitz,metes,overheats,meitz,rietz,sweets,fleets,steitz,lietz,scheets,backseats,heartbeats,feats,obsoletes,paetz,spreadsheets,skeets,scheetz,sheets,peetz
eatton,
eau,undergo,borrow,willow,throw,manifesto,vertigo,foe,portico,doe,photo,portfolio,rococo,mow,toe,roe,torpedo,show,tow,otto,potato,rhino,low,tomato,mo,buffalo,crow,joe,though,plough,slow,blow,tomorrow,beau,forgo,row,calypso,grotto,go,coco,bio,quo,plateau,studio,hydro,indigo,espresso,woe,archipelago,tempo,co,sew,cameo,no,winnow,adagio,escrow,tornado,radio,glow,although,glo,virago,patio,o,whoa,apropos,owe,tableau,gusto,fallow,grow,pro,snow,rainbow,shadow,micro,audio,hello,ho,below,yoe,forego,overthrow,know,torso,dough,lo,veto,so,hoe,aglow,flow,bowe,dado,aficionado,bestow,meadow,ratio
eauclaire,
eau-de-vie,
eaugalle,
eaux,undergo,willow,throw,dispose,juxtapose,manifesto,vertigo,foe,doe,portfolio,transpose,oppose,mow,toe,roe,show,close,tow,otto,potato,low,tomato,crow,joe,though,expose,compose,plough,slow,blow,propose,tomorrow,beau,forgo,row,clothes,rose,prose,pose,go,impose,coco,bio,quo,plateau,nose,studio,hydro,indigo,espresso,woe,archipelago,tempo,co,sew,cameo,no,suppose,adagio,escrow,radio,glow,although,chose,glo,patio,o,apropos,owe,fallow,grow,pro,snow,rainbow,shadow,hose,micro,audio,disclose,hello,ho,below,yoe,forego,overthrow,know,torso,dough,lo,veto,so,hoe,aglow,flow,aficionado,repose,bestow,meadow,ratio
eave,achieve,weave,interweave,yves,greve,geneve,mccleave,aggrieve,aviv,reave,cheve,bereave,leave,shreve,sleeve,receive,thieve,greeve,keeve,meave,aleve,threave,steve,misconceive,kleve,prokofiev,sanjiv,biev,shirtsleeve,reeve,chieve,cleave,relieve,naive,disbelieve,theave,prieve,believe,neave,kieve,shreeve,steeve,gleave,gildersleeve,lieve,tel-aviv,peeve,genevieve,eve,soloviev,laneve,shrieve,stieve,scheve,leve,naeve,sheave,reprieve,deceive,grieve,retrieve,neve,sleave,perceive,vive,preconceive,misperceive,conceive,maharive,interleave,satanjeev,greave,nieve,cleve,rajiv,heave
eaved,
eavedrop,
eavedropper,
eavedropping,
eaver,
eaves,grieves,eves,greaves,steves,gleaves,neaves,thieves,rieves,reaves,cleves,jeeves,sleeves,leaves,interleaves,neves,retrieves,relieves,recitatives,shreves,heaves,receives,hargreaves,steeves,reeves,peeves,cheves,believes,weaves,perceives,reves,misperceives,achieves,sheaves,misconceives,teves,treves,cleaves
eavesdrip,
eavesdrop,lop,swap,backdrop,popp,hopp,mop,aesop,countertop,copp,plop,bookshop,barbershop,laptop,rooftop,prop,bop,treetop,gigaflop,kopp,pop,cop,sharecrop,top,atop,shop,shortstop,dunlop,fop,klopp,nonstop,opp,op,mountaintop,eyedrop,flop,bebop,hoppe,malaprop,pawnshop,turboprop,desktop,crop,wop,knop,bopp,stop,sweatshop,shoppe,tabletop,glop,scaup,non-stop,workshop,whaup,blacktop,agitprop,dopp,slop,taupe,lollipop,bellhop,hilltop,whaap,hop,strop,co-op,drop,chop,backstop,raindrop,sop
eavesdropped,
eavesdropper,
eavesdroppers,
eavesdropper's,
eavesdropping,propping,hopping,toping,slopping,shopping,swapping,plopping,gawping,stropping,bopping,cropping,whapping,chopping,lopping,yawping,flopping,stoping,dropping,popping,wapping,sopping,topping,copping,clopping,whopping,mopping,swopping,stopping
eavesdrops,
eavesing,
eavy-soled,
eb,dinoseb,manweb,streb,tebbe,celeb,phleb,norweb,jeb,bebb,greb,cobweb,hebb,phleb-,deb,zagreb,ebb,webb,web,fiberweb
eba,ceiba,reba,iba,nechyba,akiba,cohiba,katashiba,rebbe,bourguiba,kosiba,sheba,zieba,bathsheba,curitiba,riba,biba,amoeba,alysheba,veba,gleba,toshiba,chiba,saliba,ciba
ebarta,
ebauche,
ebauchoir,
ebb,dinoseb,manweb,streb,tebbe,celeb,phleb,norweb,jeb,bebb,greb,cobweb,eb,hebb,phleb-,deb,zagreb,webb,web,fiberweb
ebba,klebba
ebbarta,
ebbed,cebid
ebberta,
ebbet,
ebbets,
ebby,bebee,gebbie,webby,ebey,blebby,debi,sebby,debbie,sebi,debby,entebbe
ebbie,
ebbing,
ebbman,
ebbs,plebs,tebbs,krebbs,debs,webbs,krebs,cobwebs,blebs,celebs,webs,callebs
ebcasc,
ebcd,
ebcdic,
ebdomade,
ebeye,
eben,leben,eban,ebben,lebon,kleban,mebane,tebben,erxleben
ebenaceae,
ebenaceous,
ebenales,
ebeneous,
ebeneser,
ebenezer,squeezer,feezor,freezer,easer,siser,tisar,sneezer,ebeneezer,keezer,friezer,seizer,feeser,beazer,cesar,reser,bleser,pleaser,caesar,teaser,keizer,cheeser,wheezer,feser,weser,seizor,tweezer,leazer
ebensburg,
eberhard,
eberhart,dart,harte,part,impart,elkhart,clart,charte,apart,chart,descartes,go-cart,walmart,smart,heart,art,bart,goulart,restart,capehart,depart,headstart,reinhardt,kmart,haart,eckhart,urquhart,stuttgart,flowchart,scart,marte,newhart,hobart,hardt,start,counterpart,tarte,lockhart,carte,jumpstart,bonaparte,sweetheart,tart,fart,oxcart,bogart,outsmart,hart,multipart,mouthpart,cart,lionheart,artcc,parte,upstart,mart,skart
eberle,heberle,haeberle
eberly,
ebert,gebert,rebert,sebert,lebert,ebbert,hebert
eberta,
eberthella,
eberto,
ebervale,
ebi,
ebionism,
ebionite,
ebionitic,
ebionitism,
ebionitist,
ebionize,
eblis,
ebn,
ebner,graebner,grebner,hebner,stebner
ebneter,
e-boat,
eboe,
eboh,
eboli,
ebon,
ebonee,
ebony,
ebonies,
ebonige,
ebonise,ebonize
ebonised,
ebonises,
ebonising,
ebonist,
ebonite,
ebonites,
ebonize,ebonise
ebonized,
ebonizes,
ebonizing,
ebons,
eboracum,
eboulement,
ebracteate,
ebracteolate,
ebraick,
ebriate,
ebriated,
ebricty,
ebriety,
ebrillade,
ebriose,
ebriosity,
ebrious,
ebriously,
ebro,undergo,borrow,willow,throw,manifesto,vertigo,foe,portico,doe,photo,portfolio,rococo,mow,toe,roe,torpedo,show,tow,otto,potato,rhino,low,tomato,mo,buffalo,crow,joe,though,plough,slow,blow,tomorrow,beau,forgo,row,calypso,grotto,go,coco,bio,quo,plateau,studio,hydro,indigo,espresso,woe,archipelago,tempo,co,sew,cameo,no,winnow,adagio,escrow,tornado,radio,glow,although,glo,virago,patio,o,whoa,apropos,owe,tableau,gusto,fallow,grow,pro,snow,rainbow,shadow,micro,audio,hello,ho,below,yoe,forego,overthrow,know,torso,dough,lo,veto,so,hoe,aglow,flow,bowe,dado,aficionado,bestow,meadow,ratio
ebs,
ebsen,
ebullate,
ebulliate,
ebullience,
ebulliency,
ebullient,
ebulliently,
ebulliometer,
ebulliometry,
ebullioscope,
ebullioscopy,
ebullioscopic,
ebullition,
ebullitions,
ebullitive,
ebulus,
eburated,
eburin,
eburine,
eburna,
eburnated,
eburnation,
eburnean,hibernian
eburneoid,
eburneous,
eburnian,
eburnification,
ec,
ec-,
eca,
ecad,hadd,dad,brad,shabad,ironclad,strad,schad,grandad,volgograd,nad,sad,unctad,galahad,mirad,vlad,soledad,riyad,madd,keypad,mad,amstrad,shadd,rad,comrade,shad,riyadh,doodad,leningrad,nomad,lad,glad,stalingrad,ladd,gadd,halmstad,kaliningrad,grad,amistad,ciudad,olympiad,ladde,visegrad,hyderabad,tad,trinidad,plaid,pad,ad,cad,mossad,sociedad,sinbad,tchad,gad,fad,dradde,triad,had,undergrad,tadd,thad,forbad,ydrad,caridad,dyad,chad,thinkpad,flad,bad,clad,scad,add
ecafe,
ecalcarate,
ecalcavate,
ecanda,
ecap,
ecardinal,
ecardine,
ecardines,
ecarinate,
ecart,
ecarte,
ecartes,
ecass,
ecaudata,
ecaudate,
ecb,
ecballium,
ecbasis,
ecbatana,
ecbatic,
ecblastesis,
ecblastpsis,
ecbole,
ecbolic,
ecbolics,
ecc,
ecca,
eccaleobion,
ecce,
eccentrate,
eccentric,geocentric,egocentric,anthropocentric,concentric,entrick,centric,afrocentric,ethnocentric
eccentrical,
eccentrically,
eccentricity,electricity,toxicity,analyticity,publicity,multiplicity,authenticity,simplicity,synchronicity,domesticity,duplicity,ethnicity,felicity,specificity,complicity,elasticity,felicite
eccentricities,complicities
eccentrics,centrex
eccentric's,
eccentring,
eccentrometer,
ecch,
ecchymoma,
ecchymose,
ecchymosed,
ecchymoses,
ecchymosis,
ecchymotic,
ecchondroma,
ecchondrosis,
ecchondrotome,
eccyclema,
eccyesis,
eccl,
eccl.,
eccles,echols,heckles,beckles,freckles,eckels,spreckels,shekels,eckles
ecclesi-,
ecclesia,
ecclesiae,
ecclesial,
ecclesiarch,
ecclesiarchy,
ecclesiast,
ecclesiastes,
ecclesiastic,scholastic,desmoplastic,iconoclastic,dynastic,unenthusiastic,sarcastic,elastic,interscholastic,plastic,bombastic,plastique,blastic,fantastik,drastic,gymnastic,fantastic,onomastic,inelastic,spastic,enthusiastic,monastic,lymphoblastic,clastic,stochastic,mastic,anaplastic,thermoplastic,nastic
ecclesiastical,plastical
ecclesiasticalism,
ecclesiastically,
ecclesiasticalness,
ecclesiasticism,
ecclesiasticize,
ecclesiastico-military,
ecclesiastico-secular,
ecclesiastics,
ecclesiasticus,
ecclesiastry,
ecclesioclastic,
ecclesiography,
ecclesiolater,
ecclesiolatry,
ecclesiology,
ecclesiologic,
ecclesiological,
ecclesiologically,
ecclesiologist,
ecclesiophobia,
ecclus,necklace,feckless,reckless,checkless,speckless,fleckless,neckless
ecclus.,
eccm,
eccoprotic,
eccoproticophoric,
eccrine,
eccrinology,
eccrisis,
eccritic,
eccs,
ecd,
ecdemic,
ecdemite,
ecderon,
ecderonic,
ecdyses,
ecdysial,
ecdysiast,
ecdysis,
ecdyson,
ecdysone,
ecdysones,
ecdysons,
ecdo,
ece,
ecesic,
ecesis,
ecesises,
ecevit,cessavit
ecf,
ecg,
ecgonin,
ecgonine,
echafaudage,
echappe,
echappee,
echar,
echard,decherd
echards,
eche,
echea,
echecles,
eched,
echegaray,
echelette,
echelle,
echelon,iran,boron,han,celadon,photon,pylon,aileron,swan,pawn,rapprochement,lawn,epsilon,on,dawn,bon,antiphon,radon,denouement,pantheon,amazon,juan,oberon,axon,khan,amadon,pion,oregon,yawn,phenomenon,sean,pecan,marathon,withdrawn,prawn,moron,avalon,capon,emoticon,hogan,don,wan,con,chiffon,forgone,spawn,flawn,tron,brawn,exon,paragon,liaison,oman,babylon,octagon,non,mastodon,salon,woebegone,carillon,polygon,drawn,meson,neutron,braun,ron,fawn,yon,john,foregone,yuan,micron,parmesan,quan,pentagon,baton,lexicon,gabon,upon,proton,bygone,hon,koran,nylon,agamemnon,crayon,automaton,gone,coupon,argon,aragon,hexagon
echeloned,
echeloning,
echelonment,
echelons,fauns,lawns,goings-ons,bonze,bonnes,omans,pylons,bronze,cons,pecans,pentagons,brons,positrons,lubicons,khans,pons,try-ons,donze,put-ons,jahns,run-ons,pawns,konze,microns,antiphons,batons,amazons,neutrons,fonz,lons,brauns,pompons,tehrans,korns,deuterons,vons,yawns,sohns,johns,schons,afrikaans,come-ons,icons,fons,photons,fawns,helicons,lexicons,hons,lat-lons,vaughns,st-johns,axons,konz,nylons,neons,alphonse,prawns,salons,spawns,crayons,dons,ailerons,conns,frons,dawns,ons,walk-ons,hogans,coupons,mesons,teherans,swans,ions,slip-ons,liaisons,wanze,marathons,saint-saens,protons,bygones
echeloot,
echemus,
echeneid,
echeneidae,
echeneidid,
echeneididae,
echeneidoid,
echeneis,
eches,
echetus,
echevaria,
echeveria,
echeverria,kerria,erria,finanziaria,peria,pfiesteria,renteria,fondiaria,hysteria,feria,bulgaria,beria,area,silveria,inmobiliaria,bay-area,malaria,honoraria,santeria,bavaria
echevin,
echidna,
echidnae,
echidnas,
echidnidae,
echikson,
echimys,
echin-,zechin,cretchen,echon,gretchen,chechen,echin,ketchen,pechin
echinacea,iglesia,pharmacia
echinal,
echinate,
echinated,
eching,
echini,pechiney
echinid,
echinidan,
echinidea,
echiniform,
echinital,
echinite,
echino-,mechano,echino
echinocactus,
echinocaris,
echinocereus,
echinochloa,
echinochrome,
e-chinocystis,
echinococcosis,
echinococcus,
echinoderes,
echinoderidae,
echinoderm,
echinoderma,
echinodermal,
echinodermata,
echinodermatous,
echinodermic,
echinodorus,
echinoid,
echinoidea,
echinoids,
echinology,
echinologist,
echinomys,
echinopanax,
echinops,
echinopsine,
echinorhynchus,
echinorhinidae,
echinorhinus,
echinospermum,
echinosphaerites,
echinosphaeritidae,
echinostoma,
echinostomatidae,
echinostome,
echinostomiasis,
echinozoa,
echinulate,
echinulated,
echinulation,
echinuliform,
echinus,tetchiness
echion,
echis,
echitamine,
echites,
echium,sechium
echiurid,
echiurida,
echiuroid,
echiuroidea,
echiurus,
echnida,
echo,gekko,secco,greco,gecko,krecko,pekoe,eko,seko,seco,coleco,alleco,noreco,breco,buteco,dicecco,cogeco,hecco,pecco,grecko,minpeco,reco,pacheco,enseco,creko,delgreco,canseco,checo,el-greco,greco-,ekco,dececco,mlecko,grecco,deco
echocardiogram,
echoed,
echoey,
echoencephalography,
echoer,
echoers,
echoes,geckoes,geckos,echos
echogram,
echograph,raff,photograph,staph,raf,grindstaff,sielaff,paff,reprograph,taff,biggerstaff,phonograph,unitaf,graeff,behalf,hectograph,lithograph,graefe,gaf,naff,polygraph,pinkstaff,wagstaff,mimeograph,hackstaff,draff,pfaff,carafe,bickerstaff,haff,laugh,graf,graff,scaff,graef,fraph,skaff,metcalf,giraffe,half,autograph,riffraff,pendergraph,gaffe,taffe,staff,spectrograph,intergraph,understaff,epitaph,paragraph,chaff,falstaff,sclaff,choreograph,assaf,longstaff,overstaff,calf,flagstaff,schaff,allograph,yaffe,rhaphe,grandstaff,msafp,braff,laff,telegraph,raphe,shaff,graph,monograph,gaff
echoic,
echoing,
echoingly,
echoism,
echoisms,
echoist,
echoize,
echoized,
echoizing,
echola,
echolalia,
echolalic,
echoless,
echolocate,
echolocation,inspiration,reconciliation,remuneration,inclination,aspiration,articulation,gentrification,abomination,altercation,consternation,reputation,transformation,implementation,communication,anticipation,civilization,citation,creation,adaptation,connotation,implication,approbation,affiliation,designation,situation,administration,conservation,aberration,ramification,medication,information,conversation,trepidation,transportation,configuration,correlation,integration,motivation,education,presentation,constellation,operation,vocation,affirmation,salvation,pronunciation,vacation,preparation,quotation,corporation,appreciation,observation,representation,consideration,abbreviation,segregation,litigation,notation,precipitation,interpretation,remediation,indignation,compensation,association,cooperation,relation,generation,collaboration,meditation,discrimination,population,innovation,station,rehabilitation,sensation,obligation,variation,revelation,dedication,conflagration,translation,location,reservation,collocation,organization,deviation,obfuscation,accommodation,foundation,application,determination,nation,dissertation,radiation,manifestation,alliteration,proliferation,evaluation,expectation,orientation
echols,heckles,beckles,freckles,eckels,eccles,spreckels,shekels,eckles
echometer,
echopractic,
echopraxia,
echos,echoes,geckos,geckoes
echovirus,
echowise,
echt,
echuca,
eciliate,
ecyphellate,
eciton,
ecize,
eck,pech,schreck,speck,tec,mech,cheque,feck,roughneck,yecch,paycheck,quebec,biotech,stech,bleck,geck,ameritech,grecque,turtleneck,keck,breakneck,wreck,hightech,dubcek,bec,deck,apec,chek,check,ringneck,rec,lech,sneck,drecche,neck,steck,freck,meck,vasotec,ek,antec,steinbeck,teck,seck,weck,rech,aztec,tech,teaneck,recheck,opec,bottleneck,lubeck,treck,sec,peck,symantec,streck,fleck,breck,dreck,beck,parsec,quarterdeck,reck,spelk,nec,czech,kotek,redneck,spec,trek,sheck,brubeck,whelk,henpeck,blech,frech,heck,schneck,lek,sematech,discotheque,exec,shek,dec,bedeck,tek,leck
eckardt,dart,harte,part,impart,eckert,elkhart,clart,charte,apart,chart,descartes,go-cart,walmart,smart,heart,art,bart,goulart,restart,capehart,depart,headstart,reinhardt,kmart,haart,eckhart,urquhart,stuttgart,flowchart,scart,marte,hobart,hardt,start,counterpart,tarte,lockhart,carte,jumpstart,bonaparte,sweetheart,tart,fart,oxcart,bogart,outsmart,hart,multipart,mouthpart,cart,lionheart,artcc,parte,upstart,mart,skart
eckart,
eckblad,
eckehart,
eckel,eckl,keckle,shekel,baechle,jekel,jaeckel,scheckel,schmechel,steckel,heckel,jekyll,sheqel,meckel,eccle,secle,heckle,dekle,jaekel,seckel,freckle,speckle
eckelson,
eckerman,beckerman
eckermann,
eckert,heckert,deckert,eckardt,dechert,beckert,heckart
eckerty,
eckhardt,dart,harte,part,impart,elkhart,clart,charte,apart,chart,descartes,go-cart,walmart,smart,heart,art,bart,goulart,restart,capehart,depart,headstart,reinhardt,kmart,haart,eckhart,urquhart,stuttgart,flowchart,scart,marte,newhart,hobart,hardt,start,counterpart,tarte,lockhart,carte,jumpstart,bonaparte,sweetheart,tart,fart,oxcart,bogart,outsmart,hart,multipart,mouthpart,cart,lionheart,artcc,parte,upstart,mart,skart
eckhart,dart,harte,part,impart,elkhart,clart,charte,apart,chart,descartes,go-cart,walmart,smart,heart,art,bart,goulart,restart,capehart,depart,headstart,reinhardt,kmart,haart,urquhart,newhart,stuttgart,flowchart,scart,marte,hobart,hardt,start,counterpart,tarte,lockhart,carte,jumpstart,bonaparte,sweetheart,tart,fart,oxcart,bogart,outsmart,hart,multipart,mouthpart,cart,lionheart,artcc,parte,upstart,mart,skart
eckley,directly,cleckley,steckley,stekly,indirectly,lecli,beckley,yeckley,meckley,blechley
ecklein,
eckman,zechman,heckman,blechman,deckman,beckmann,beckman,lechman,pechman,ekman,steckman,peckman,heckmann,eckmann,seckman,speckman
eckmann,zechman,eckman,heckman,blechman,deckman,beckmann,beckman,lechman,pechman,ekman,steckman,peckman,heckmann,seckman,speckman
ecl,
ecla,
eclair,
eclaircise,
eclaircissement,
eclairissement,
eclairs,
eclampsia,
eclamptic,
eclat,
eclated,
eclating,
eclats,
eclectic,hectic,pectic,apoplectic,dialectic,smectic
eclectical,
eclectically,
eclecticism,
eclecticist,
eclecticize,
eclectics,
eclectism,
eclectist,
eclegm,
eclegma,
eclegme,
eclipsable,
eclipsareon,
eclipsation,
eclipse,championships,mips,leaderships,cripps,fingertips,rips,gunships,sips,battleships,zips,ambassadorships,chairmanships,sponsorships,scholarships,flagships,fellowships,professorships,quips,apocalypse,dictatorships,ellipse,nips,scripts,skips,airstrips,postscripts,lipse,kippes,trips,apprenticeships,hipps,shipps,internships,woodchips,spaceships,gypse,governorships,drips,scripps,chips,microchips,grips,blips,dips,equips,lipps,relationships,outstrips,econships,pips,tips,dripps,crips,tipps,receiverships,phipps,whipps,lightships,hips,warships,proprietorships,lips,judgeships,strips,slips,clips,dealerships,partnerships,whips,chipps,ships,distributorships,fipps,thrips,memberships,snips,directorships,airships,flips
eclipsed,
eclipser,
eclipses,
eclipsing,
eclipsis,
eclipsises,
ecliptic,triptych,cryptic,liptak,apocalyptic
ecliptical,
ecliptically,
ecliptics,
eclogic,
eclogite,
eclogites,
eclogue,
eclogues,
eclosion,
eclosions,
eclss,
ecm,
ecma,
ecmnesia,
ecn,
eco,tricarico,peko,economico,orrico,neeco,pacifico,graeco-,grieco,monico,ricoh,domanico,lico,canonico,graeco,biko,nico,errico,beco,niko,neco,akiko,rico,gromyko,agrico,carrico,tallarico,teco,amico,puerto-rico,talarico,serpico,damico,angelico,delmonico,zeekoe,arico,seaco,decicco,lodico,leeco,falotico,iannamico,derrico,frederico,enrico,ceco,persico,fico,zico,antico,grammatico,marsico,masahiko,chriboniko,katsuhiko,federico,pico-,alberico,talerico,veeco,carico,cherico,kazuhiko,pico,nikko,demicco,chirico,panico
eco-,
ecocidal,
ecocide,
ecocides,
ecoclimate,
ecod,
ecodeme,
ecofreak,
ecoid,
ecol,
ecol.,
ecole,rolle,manhole,bowl,stackpole,dhole,trowl,glycerol,hole,stoll,buttonhole,ole,atoll,pole,bole,cajole,self-control,seminole,monopole,stol,charcoal,knoll,pigeonhole,extol,casserole,espanol,noll,bankroll,strowl,boll,console,troll,dipole,stole,shoal,shole,fishbowl,payroll,tole,enroll,glycol,dole,coal,seoul,patrol,roll,oriole,amphibole,scroll,scole,nicole,foal,flagpole,control,mole,kol,rol,toll,pinhole,sinkhole,interpol,whole,strole,loophole,walpole,role,cubbyhole,ghole,pothole,kohl,sole,chole,thole,skoal,cole,stroll,redpoll,goal,viole,soul,keyhole,poll,parole,foxhole,droll,tadpole,pistole,blowhole
ecoles,
ecology,ornithology,theology,methodology,cardiology,geomorphology,immunology,anesthesiology,chronology,radiology,cosmology,meteorology,endocrinology,physiology,apology,hematology,psychology,mycology,micropaleontology,zoology,urology,dendrochronology,doxology,thanatology,penology,criminology,bacteriology,topology,histology,etymology,virology,graphology,cytology,ethnology,astrology,necrology,archeology,ophthalmology,ontology,archaeology,ethology,opthalmology,gerontology,neurology,sociology,deontology,biology,pharmacology,entomology,ideology,mineralogy,geology,embryology,rheology,technology,scatology,terminology,ology,egyptology,oncology,morphology,toxicology,anthology,serology,pathology,mythology,biotechnology,petrology,anthropology,epistemology,scientology,otology,enterology,paleontology,kinesiology,dermatology,etiology,numerology,cosmetology,genealogy,epidemiology,limnology,hymnology,seismology,pomology,gynecology,rheumatology,microbiology
ecologic,
ecological,biological,mythological,pharmacological,physiological,immunological,epidemiological,deontological,neurological,pathological,scatological,ideological,eschatological,illogical,anthropological,sociological,ontological,pedagogical,biotechnological,geological,archeological,dermatological,theological,etymological,toxicological,chronological,teleological,ornithological,serological,archaeological,radiological,virological,logical,gynecological,technological,seismological,meteorological,phonological,zoological,psychological,topological,morphological,methodological,astrological
ecologically,logically,physiologically,biologically,psychologically,technologically,mineralogically,ideologically,chronologically,epidemiologically,pathologically,theologically
ecologies,
ecologist,oncologist,necrologist,urologist,seismologist,climatologist,sociologist,ophthalmologist,technologist,psychologist,anesthesiologist,gerontologist,pathologist,volcanologist,mineralogist,ideologist,neurologist,musicologist,pharmacologist,paleontologist,biologist,serologist,sovietologist,epidemiologist,cardiologist,archaeologist,oligist,anthropologist,ologist,toxicologist,zoologist,immunologist,apologist,endocrinologist,microbiologist,geologist,meteorologist,physiologist,rheumatologist,gynecologist,entomologist,scientologist,ethnomusicologist,virologist,creatologist,opthalmologist,kremlinologist,dermatologist,criminologist,radiologist
ecologists,virologists,neurologists,sovietologists,gynecologists,cardiologists,kremlinologists,psychologists,toxicologists,pathologists,apologists,anthropologists,dermatologists,microbiologists,criminologists,creatologists,geologists,zoologists,urologists,scientologists,climatologists,biologists,meteorologists,anesthesiologists,radiologists,corologis,archaeologists,epidemiologists,ophthalmologists,paleontologists,pharmacologists,seismologists,necrologists,entomologists,sociologists,technologists,endocrinologists,volcanologists,oncologists,ideologists
ecom,
ecomomist,
econ,iran,boron,han,celadon,photon,pylon,aileron,swan,pawn,rapprochement,lawn,epsilon,on,dawn,bon,antiphon,radon,denouement,pantheon,amazon,juan,oberon,axon,khan,amadon,pion,oregon,yawn,phenomenon,sean,pecan,marathon,withdrawn,prawn,moron,avalon,capon,emoticon,hogan,echelon,don,wan,con,chiffon,forgone,spawn,flawn,tron,brawn,exon,paragon,liaison,oman,babylon,octagon,non,mastodon,salon,woebegone,carillon,polygon,drawn,meson,neutron,braun,ron,fawn,yon,john,foregone,yuan,micron,parmesan,quan,pentagon,baton,lexicon,gabon,upon,proton,bygone,hon,nylon,agamemnon,crayon,automaton,gone,coupon,argon,aragon,hexagon
econ.,
econah,
economese,
econometer,
econometric,obstetric,parametric,detrick,petrick,detrich,petrik,petrak,biometric,tetrick,hetrick,optometric,petrich,barometric,hettrick,geometric,metric,gravimetric,dissymmetric,alphametric,tetric,metrick
econometrica,
econometrical,
econometrically,
econometrician,
econometrics,obstetrics,datametrics,geometrics,alphametrics,metrics
econometrist,
economy,gastronomy,ideonomy,metonomy,astronomy,autonomy
economic,monatomic,comic,romack,bromic,diatomic,noneconomic,macroeconomic,ergonomic,technomic,ohmic,nomic,romick,islamic,bombic,hommock,romic,gastronomic,adamik,socioeconomic,palmic,tragicomic,autonomic,microeconomic,dromic,adamec,subatomic,tomich,atomic,uneconomic,wommack,commack
economical,comical,anatomical,uneconomical,domical,astronomical
economically,ergonomically,astronomically,anatomically,islamically,comically
economicalness,
economics,clintonomics,reaganomics,microeconomics,comics,ergonomics,macroeconomics,polyconomics,rogernomics
economies,
economy's,
economise,
economised,
economiser,
economising,
economism,
economist,agronomist
economists,synonymous,gonimous,onymous,agronomists,autonomous,heironimus,anonymous
economist's,
economite,
economization,
economize,organize,stigmatize,allies,chastise,maximize,catalyze,mize,fries,patronize,tantalize,summarize,metastasize,characterize,despise,rise,advise,visualize,demise,materialize,minimize,proselytize,guise,recognize,aggrandize,mesmerize,empathize,arise,plagiarize,galvanize,franchise,polarize,belies,realize,merchandise,prioritize,lies,sunrise,size,jeopardize,familiarize,disguise,apologize,finalize,eyes,antagonize,enterprise,reprise,likewise,authorize,scrutinize,utilize,devise,baptize,improvise,otherwise,rationalize,synchronize,stabilize,harmonize,sympathize,revitalize,amortize,paralyze,marginalize,mobilize,advertise,revise,emphasize,surmise,criticize,apprise,emprise,epitomize,comprise,hypothesize,guys,customize,crystallize,capitalize,wise,synthesize,socialize,prize,ostracize,memorize,analyze,ties,disenfranchise,supervise,energize,compromise,supplies,surprise,prise,capsize,optimize,subsidize,pulverize,exercise,flies
economized,
economizer,
economizers,
economizes,normalizes,authorizes,mises,stabilizes,idealizes,tantalizes,hypnotizes,surprises,departmentalizes,capitalizes,demilitarizes,lyses,synchronizes,organizes,alphabetizes,rises,maximizes,enterprises,advises,chastises,disguises,characterizes,comprises,paralyzes,monopolizes,energizes,emphasizes,liberalizes,harmonizes,supervises,recognizes,analyzes,polarizes,polymerizes,excises,immunizes,dieses,symbolizes,fertilizes,prioritizes,specializes,humanizes,democratizes,hellenizes,sensationalizes,phizes,demobilizes,improvises,devises,jeopardizes,rhapsodizes,customizes,brutalizes,prises,terrorizes,enfranchises,neutralizes,sizes,revises,franchises,wises,apologizes,dramatizes,prizes,equalizes,itemizes,agonizes,legitimizes,fantasizes,galvanizes,compromises,criticizes,satirizes,advertises,memorizes,despises,marginalizes,pressurizes,downsizes,ironizes,guises,crystallizes,mischaracterizes,depressurizes,idolizes,exercises,arises,summarizes,overemphasizes,surmises,utilizes,formalizes,materializes,categorizes,subsidizes,epitomizes,minimizes,scrutinizes,sympathizes,realizes
economizing,self-aggrandizing,socializing,supervising,scrutinizing,visualizing,synchronizing,apologizing,uprising,mobilizing,arising,revising,dehumanizing,revitalizing,standardizing,ionizing,capitalizing,summarizing,lysing,digitizing,sanitizing,stabilizing,unsurprising,fantasizing,demonizing,chastising,memorizing,authorizing,synthesizing,analyzing,disguising,advertising,appetizing,antagonizing,monopolizing,patronizing,prizing,harmonizing,neutralizing,satirizing,realizing,temporizing,alphabetizing,advising,energizing,rationalizing,theorizing,normalizing,specializing,moralizing,comprising,prioritizing,aggrandizing,rising,recognizing,merchandising,devising,amortizing,finalizing,utilizing,fraternizing,enterprising,democratizing,maximizing,customizing,stigmatizing,wising,immobilizing,tranquilizing,jeopardizing,oxidizing,minimizing,centralizing,characterizing,criticizing,despising,organizing,modernizing,downsizing,womanizing,generalizing,tantalizing,improvising,verbalizing,mesmerizing,publicizing,polarizing,subsidizing,exercising,surprising,emphasizing,destabilizing,editorializing,immunizing,paralyzing,compromising,proselytizing,sizing,unappetizing,galvanizing,demoralizing
ecophene,
ecophysiology,
ecophysiological,
ecophobia,
ecorch,
ecorche,
ecorse,
ecorticate,
ecosystem,subsystem,system,biosystem
ecosystems,subsystems,ultrasystems,cablesystems,biosystems,argosystems,microsystems,systems,techsystems
ecosoc,pechacek
ecospecies,
ecospecific,
ecospecifically,
ecosphere,
ecossaise,
ecostate,
ecotype,
ecotypes,
ecotypic,
ecotipically,
ecotypically,
ecotonal,
ecotone,
ecotones,
ecotopic,
ecoute,
ecowas,
ecpa,
ecphasis,
ecphonema,
ecphonesis,
ecphorable,
ecphore,
ecphory,
ecphoria,
ecphoriae,
ecphorias,
ecphorization,
ecphorize,
ecphova,
ecphractic,
ecphrasis,
ecpt,
ecr,
ecrase,
ecraseur,
ecraseurs,
ecrasite,
ecrevisse,
ecroulement,
ecru,
ecrus,
ecrustaceous,
ecs,
ecsa,
ecsc,
ecstasy,extacy,ecstacy
ecstasies,
ecstasis,
ecstasize,
ecstatic,bureaucratic,pneumatic,traumatic,charismatic,epigrammatic,aristocratic,programmatic,electrostatic,thematic,static,automatic,democratic,pancreatic,schematic,semiautomatic,snattock,informatic,mattick,sensormatic,autocratic,pratic,diplomatic,erratic,technocratic,idiomatic,patak,batak,klezmatic,hyperchromatic,operatic,prostatic,theocratic,mathematic,emblematic,posttraumatic,telematic,shattuck,aquatic,mattock,matic,systematic,phatic,austroasiatic,asthmatic,melodramatic,hanseatic,psychosomatic,dramatic,cinematic,symptomatic,aerobatic,vatic,pragmatic,asiatic,problematic,climatic,idiosyncratic,adriatic,emphatic,hippocratic,asymptomatic,aromatic,phosphatic,pratique,homeostatic,phlegmatic,diagrammatic,enigmatic,axiomatic,hepatic,monochromatic,acrobatic,numismatic,prismatic,socratic,dogmatic,lymphatic,rheumatic,undiplomatic,fanatic,enzymatic,undemocratic
ecstatica,
ecstatical,
ecstatically,diplomatically,systematically,pragmatically,dramatically,emphatically,dogmatically,mathematically,erratically,thematically,automatically,undiplomatically,democratically,fanatically
ecstaticize,
ecstatics,
ecstrophy,
ect,
ect-,
ectad,reflected,perfected,rejected,expected,recollected,disconnected,reconnected,transected,objected,uncollected,resurrected,unsuspected,dejected,injected,collected,inspected,uninfected,unexpected,effected,selected,detected,infected,affected,connected,unaffected,elected,inflected,undetected,disaffected,erected,unprotected,directed,deflected,suspected,interconnected,defected,redirected,unconnected,protected,interjected,respected,corrected,misdirected,uncorrected,unelected,overprotected,neglected,subjected,intersected,reelected,ejected,projected,dissected,disrespected
ectadenia,
ectal,knechtel,colorectal,sectile,brechtel,tectal,rectal,prechtl,projectile,plectile,bechtol
ectally,
ectases,
ectasia,
ectasis,
ectatic,
ectene,
ectental,
ectepicondylar,
ecteron,
ectethmoid,
ectethmoidal,
ecthesis,
ecthetically,
ecthyma,
ecthymata,
ecthymatous,
ecthlipses,
ecthlipsis,
ectype,
ectypes,
ectypography,
ectiris,
ecto-,hecto,efecto,hecto-
ectobatic,
ectoblast,
ectoblastic,
ectobronchium,
ectocardia,
ectocarpaceae,
ectocarpaceous,
ectocarpales,
ectocarpic,
ectocarpous,
ectocarpus,
ectocelic,
ectochondral,
ectocinerea,
ectocinereal,
ectocyst,
ectocoelic,
ectocommensal,
ectocondylar,
ectocondyle,
ectocondyloid,
ectocornea,
ectocranial,
ectocrine,
ectocuneiform,
ectocuniform,
ectodactylism,
ectoderm,
ectodermal,
ectodermic,
ectodermoidal,
ectodermosis,
ectoderms,
ectodynamomorphic,
ectoentad,
ectoenzym,
ectoenzyme,
ectoethmoid,
ectogeneous,
ectogenesis,
ectogenetic,
ectogenic,
ectogenous,
ectoglia,
ectognatha,
ectolecithal,
ectoloph,
ectomere,
ectomeres,
ectomeric,
ectomesoblast,
ectomy,mastectomy,appendectomy,vasectomy,lumpectomy,prostatectomy,hysterectomies,hysterectomy,tonsillectomy
ectomorph,
ectomorphy,
ectomorphic,
ectomorphism,
ectonephridium,
ectoparasite,
ectoparasitic,
ectoparasitica,
,
