galactodensimeter,
galactogenetic,
galactogogue,
galactohemia,
galactoid,
galactolipide,
galactolipin,
galactolysis,
galactolytic,
galactoma,
galactometer,
galactometry,
galactonic,
galactopathy,
galactophagist,
galactophagous,
galactophygous,
galactophlebitis,
galactophlysis,
galactophore,
galactophoritis,
galactophorous,
galactophthysis,
galactopyra,
galactopoiesis,
galactopoietic,
galactorrhea,
galactorrhoea,
galactosamine,
galactosan,
galactoscope,
galactose,lactose
galactosemia,
galactosemic,
galactosidase,
galactoside,
galactosyl,
galactosis,
galactostasis,
galactosuria,
galactotherapy,
galactotrophy,
galacturia,
galagala,
galaginae,
galago,caligo
galagos,gallegos
galah,salah,ocala,fadlallah,challah,lutfalla,dalla,ramallah,lalla,attalla,calah,palla,valhalla,falla,halah,phalloplasty,gala,kalla,skalla,salaah,spalla,hallah,abdalla,pallah,mccalla,galla,calla,balla,yalah,abdallah,duffala,halla,valla
galahad,shad,sociedad,fad,ladd,kaliningrad,hyderabad,mad,thad,schad,soledad,chad,trinidad,comrade,ironclad,lad,mirad,gadd,doodad,strad,riyadh,rad,pad,glad,vlad,madd,caridad,flad,tad,grad,visegrad,leningrad,brad,amistad,shabad,mossad,unctad,ecad,triad,ydrad,stalingrad,tadd,sad,clad,forbad,ciudad,tchad,olympiad,halmstad,shadd,nomad,grandad,riyad,thinkpad,plaid,dyad,had,dad,nad,dradde,add,ad,hadd,undergrad,bad,cad,gad,scad,keypad,volgograd,ladde,amstrad,sinbad
galahads,
galahs,palas,hallas,talos,gallas,vallas,callas,ballas,kallas,calas,talas
galan,galen,baylen,bailon,bailyn,veillon,beilin,walen,kalan,kalen,neylon,malan,caylin,alun,balan,keylon,taillon,calan,malin,venezuelan,bailin,phenolphthalein,whalen
galanas,
galang,palling,corralling,kalong
galanga,
galangal,
galangals,
galangin,
galany,
galant,dolente,tallent,callant,tallant
galante,delmonte,amante,auntie,biamonte,morante,bonfanti,durante,ponty,fioravanti,desanti,ponti,musante,montante,monte,belafonte,diamante,aponte,labonte,traficante,montee,demonte,conti,bracamonte,assante,bellante,flaunty,monti,jaunty,elefante,montie,centofanti,interrante,barsanti,bustamante,bronte,morganti,belmonte,benanty,tonti,monty,avanti,escalante,brigante,wanty,passante,amarante,mercadante,violante,gigante,mazzanti,laplante,pallante,ferrante,morgante
galanthus,
galanti,grantee,janty,fanti,khanty,disanti,ante,colasanti,auntie,chanty,tettamanti,canty,panty,crisanti,santy,pantie,chianti,arcosanti,chantey,anti,ferranti,vigilante,cantey,aunty,briganti,ranty,anti-,shanty,vacanti,ypsilanti,shantey,scanty,santi,antae,plantae,lisanti,shanti,ante-,grisanti,mantey
galantine,
galantuomo,
galapago,
galapagos,
galapee,
galas,
galashiels,
galasyn,
galata,galleta,ballota,alata,balata,kaleta
galatae,
galatea,eritrea,bria,tortilla,stria,nicosia,thea,mia,sofia,dorothea,basophilia,samaria,zia,rhea,killilea,anamaria,kania,korea,ikea,cytherea,diarrhea,tia,lia,dulcinea,yttria,dia,aliyah,pcmcia,berea,chia,gonorrhea,dyspnea,snia,crimea,galeria,abyssinia,corea,shiah,gaea,diarrhoea,cheoplasty,pia,subia,cananea,urrea,asea,pizzeria,onomatopeia,alethea,orea,rosalia,medea,brachia,idea,logophilia,dhia,leah,neoplasty,maria,tanzania,garcia,judea,ia,freia,perea,desmoplasia,belyea,sophia,jia,caesarea,hialeah,hosea,theia,ria,urea,atypia,panacea,keziah,shia,duryea,galleria,althea
galateah,
galateas,
galati,capriati,dhoti,gotti,scotty,snotty,lottie,dotty,literati,biscotti,bugatti,grotty,lahti,vigliotti,naughty,andreotti,clotty,lanzelotti,haughty,marathi,potty,karate,doughtie,hlavaty,spotty,bertinotti,doughty,cotty,pavarotti,diodati,hottie,candiotti,sgambati,crotty,bhatti,squatty,scotti,zloty,donati,delligatti,lotty,jereissati,minotti,knotty,benenati,dottie,mariotti,scottie,galotti,kiribati,salvati,amati,totty,motty,rosati,beninati,bilotti,liberati,giamatti,boughty,ammirati,benotti,maserati,braggiotti
galatia,malacia,solatia
galatian,tralation,halation
galatians,
galatic,
galatine,
galatotrophic,
galatz,palates,shallots,pallets,palettes,ballots,metallatz
galavant,salivant
galavanted,
galavanting,
galavants,
galax,vax,ax,max,maces,cadillacs,lax,mesothorax,blacks,sacks,smacks,metathorax,saxe,contacts,trax,surtax,quacks,equifax,flax,ajax,syntax,greenbacks,pacs,backs,fax,sax,whacks,earwax,wax,lomax,facts,kickbacks,saks,pax,jaques,halifax,filofax,wisecracks,tacks,acts,sacs,imax,tax,awacs,parallax,hacks,slacks,pentax,lilacs,borax,praxes,tracks,yax,bax,gunnysacks,aftertax,relax,climax,stacks,setbacks,macs,pretax,cutbacks,rax,cracks,flashbacks,lacks,overtax,axe,dax,drawbacks,knickknacks,shacks,tampax,knacks,maxx,jacks,pacts,packs,racks,attacks,impacts,maniacs,sachs,snacks,fosamax,plax,plaques,fairfax
galaxes,
galaxy,
galaxian,
galaxias,
galaxies,
galaxiidae,
galaxy's,
galba,alba,dealba
galban,montalban,albyn,malbon,albin
galbanum,
galbanums,
galbe,
galbraith,haith,skaith,greith,graith,raith,wraith,saith,staith,faith,eighth,interfaith
galbraithian,
galbreath,gilbreath,greth,meth-,megadeath,shibboleth,creath,heth,beth,sheth,death,breth,leth,eldreth,speth,sneath,mcbeth,culbreath,macbeth,marybeth,daleth,mcbeath,peth,meth,seth,neth,breath
galbula,
galbulae,
galbulidae,albulidae
galbulinae,
galbulus,
galcaio,
galcha,
galchas,
galchic,
gale,flail,soleil,upscale,dovetail,email,blackmail,shale,wale,faille,frail,kail,entail,hale,vail,gael,female,ail,abigail,retail,greenmail,veil,voicemail,kale,orrell,sale,snail,horsetail,ale,clydesdale,martingale,curtail,travail,bail,sail,coattail,thumbnail,prevail,bale,quale,countervail,wholesale,pail,taille,fail,fairytale,dwale,unveil,avail,exhale,salle,mail,folktale,dail,male,foxtail,telltale,handrail,trail,yale,impale,ponytail,quail,guardrail,monorail,cocktail,calle,cale,dale,stale,airmail,brail,gmail,rail,nail,zale,fantail,pale,surveil,hail,detail,resale,wail,braille,tail,biennale,tale,inhale,gail,grail,jail,scale,derail,hobnail,assail,toenail,whale,vale,swale,airedale
galea,portugalia,dalea,centralia,ofelia,palea,alitalia,calea,westphalia
galeae,dayley,bi-daily,dailey,paleae,galey,caley,baillie,daley,faley,israeli,waley,stalely,taillie,ukulele,grayly,salii,frailly,reiley,gayly,baily,frailey,disraeli,halley,ailey,cayley,bally,haily,hayley,flaily,vallely,bayly,aley,brailey,kaylie,bailey,bailie,galei,whaley,railey,maley,hailey,kaley,paley,maly,palely,fraleigh,baley,scaley,galie,haley,mayle,baylee,gailey,daly,qualey,bailee,daily,scaly,aly,scali,staley,bailly,gaily,fraley,reilley,wally,quaily,greyly,bayley
galeage,
galeao,
galeas,palis,israelis,dailies,baileys
galeass,
galeate,playlet,malate,maleate
galeated,
galeche,
gale-driven,
galee,
galeeny,
galeenies,
galega,malaga
galegine,
galei,dayley,bi-daily,dailey,paleae,galey,caley,baillie,daley,faley,israeli,waley,stalely,taillie,ukulele,grayly,salii,frailly,reiley,gayly,baily,frailey,disraeli,halley,ailey,cayley,bally,haily,hayley,flaily,vallely,bayly,aley,brailey,kaylie,bailey,bailie,whaley,railey,maley,hailey,kaley,paley,maly,palely,galeae,fraleigh,baley,scaley,galie,haley,mayle,baylee,gailey,daly,qualey,bailee,daily,scaly,aly,scali,staley,bailly,gaily,fraley,reilley,wally,quaily,greyly,bayley
galey,dayley,bi-daily,dailey,paleae,caley,baillie,daley,faley,israeli,waley,stalely,taillie,ukulele,grayly,salii,frailly,reiley,gayly,baily,frailey,disraeli,halley,ailey,cayley,bally,haily,hayley,flaily,vallely,bayly,aley,brailey,kaylie,bailey,bailie,galei,whaley,railey,maley,hailey,kaley,paley,maly,palely,galeae,fraleigh,baley,scaley,galie,haley,mayle,baylee,gailey,daly,qualey,bailee,daily,scaly,aly,scali,staley,bailly,gaily,fraley,reilley,wally,quaily,greyly,bayley
galeid,
galeidae,
galeiform,
galempong,
galempung,
galen,galan,baylen,bailon,bailyn,veillon,beilin,walen,kalan,kalen,neylon,malan,caylin,alun,balan,keylon,taillon,calan,malin,venezuelan,bailin,phenolphthalein,whalen
galena,fraena,sabina,herzegovina,serena,adina,celina,catena,dina,spina,gallina,ina,dena,argentina,messina,quina,valentina,katrina,mina,alcina,ballerina,sardina,sheena,angelina,vaccina,semolina,sabrina,cartagena,athena,cortina,purina,georgina,proserpina,catalina,concertina,seraphina,zena,covina,albina,erina,melvina,hyena,faena,siena,sabena,lena,medina,tina,vena,salina,avina,farina,mena,pyrena,rena,rowena,regina,philomena,ianthina,cantina,edina,gina,verbena,pina,irina,rosina,latina,cadena,neenah,hercegovina,alina,xena,magdalena,rina,arena,veena,macarena,davina,lina,florentina,vina,jena,subpoena,marina,bina,cristina,serafina,christina,martina,patina,selena,gardena,krajina,molina,bettina,domina,jeana,reina,nina
galenas,
galenian,
galenic,
galenical,ecumenical,identical,senechal,cenacle,senecal
galenism,
galenist,
galenite,balanite,alunite,fahlunite,allanite
galenites,
galenobismutite,
galenoid,
galenus,
galeod,
galeodes,
galeodidae,
galeoid,
galeopithecus,
galeopsis,
galeorchis,
galeorhinidae,
galeorhinus,
galeproof,
galer,brailler,haler,tailor,shaler,tayler,failor,retailer,paylor,gayler,paler,aylor,caler,staler,railer,jailer,trailer,saylor,gaylor,jailor,kaler,roadrailer,seyler,taylor,sailor,naylor,baler,baylor,taler,seyller,mailer,talar,sailer,teetotaler,eyler,scalar,staebler,nailor,wholesaler,ayler,wailer,scaler,semitrailer,greenmailer,kaylor,caylor,sayler,whaler,maler,frailer,malar,faler,thaler,bailer,nailer,hailer,ailor,inhaler,vailer,traylor,bailor,waler
galera,
galere,tailleur,railleur
galeres,
galericulate,
galerie,
galerite,
galerum,
galerus,
gales,pails,vales,calles,cat-o-nine-tails,sails,bayles,cocktails,thales,brailles,telltales,gayles,assails,bails,trails,scales,flails,quails,veils,wails,emails,bloomingdales,retails,stales,dales,clinkscales,swails,ayles,pales,curtails,ails,alles,shales,whales,airedales,ailes,tails,horsetails,cales,guardrails,qualls,sayles,bailes,bales,sales,ales,chontales,wales,hails,females,derails,wailes,wholesales,coattails,resales,males,versailles,hayles,travails,prevails,fairytales,swailes,quayles,fails,abimaels,handrails,details,swales,entails,mails,jails,rails,frails,fingernails,balles,dovetails,hailes,nails,fales,unveils,tales,monorails,galles,regales,toenails,kayles,valles,vails,rales,hales,snails,impales
galesaur,
galesaurus,
galesburg,
galesville,
galet,
galeton,
galette,paillette,ailette,re-let
galeus,
galewort,
galga,
galgal,
galgulidae,
gali,smally,mollie,callie,golly,brawley,rawly,macauley,squally,imperiale,prolly,pawley,trolley,holley,loblolly,vallie,mexicali,vitali,tallie,blolly,mali,brawly,dali,natale,dolley,brolly,melancholy,somali,colly,polly,cawley,papale,rawley,dawley,wally,holly,dollie,sprawly,diwali,hawley,drawly,canale,kolli,vitaly,duopoly,akali,solly,poly,internationale,ali,pauly,solley,collie,fawley,callee,lolly,poly-,casale,olly,bengali,jolley,smalley,scholy,mccauley,dolly,rolley,murali,molly,ollie,nepali,jolly,kigali,drolly,pauli,lolli,scali,scrawly,cali,macaulay,walley,cardinale,hollie,folly,raleigh,crawly,hallie,volley,aalii,rollie,colley,bali,whally,crawley,squali,bialy
galyac,
galyacs,
galyak,
galyaks,
galianes,
galibi,
galibis,
galicia,letitia
galician,cilician
galictis,
galidia,
galidictis,
galien,
galik,aleck,malloch,hallock,grallic,malik,gallik,lalique,dalek,paluck,taluk,tlaloc,fralick,salick,anencephalic,metallic,paluch,salak,gallick,halleck,malick,mallick,blalack,schallock,mihalic,italic,balak,thallic,salique,halik,phthalic,gallic,mallek,malak,phallic
galilean,ian,stean,eon,tween,cleon,jacobean,wheen,streen,breon,paean,achaean,epicurean,aegean,caribbean,jian,meehan,tennessean,boolean,rijn,mckeon,meighan,fujian,skreen,european,plebeian,sofian,creon,eritrean,sheehan,maccabean,gleen,vian,peon,teahan,mycenaean,homosapien,korean,sheahan,abyssinian,fleen,pheon,feehan,indo-european,crimean,theon,heon,protean,cyclopean,asean
galilee,pony,machete,apogee,foresee,glee,referee,we,quay,thee,me,xi,cree,plea,pea,tee,actuary,wee,snee,g,v,b,bourgeoisie,gee,dee,scree,e,sea,banshee,debris,di,knee,see,oversee,z,pee,yee,ye,de,partee,mi,marquee,tree,hee,decree,calliope,syncope,three,spree,lee,ski,idiosyncrasy,guarantee,lea,jubilee,si,she,potpourri,c,fee,be,d,ree,t,nee,nestle,free,marquis,key,guaranty,payee,agree,precis,turnkey,kabuki,flee,he,ac,tea,repartee,trustee,bee,hyperbole,ne,qi,degree,reality,p,emcee,cc,ghee,pre,lessee,asap,tv,esprit,sunday,hawaii,carefree,flea,indri
galilees,
galilei,
galileo,coolio,moncayo,neo,georgio,deyo,reo,meo,aguayo,teo,maio,takeo,mateo,leo,geo,deyoe,rheo-,seo,keough,matteo,keio,pleio-,ayo,pelayo,hideo,yoshio,tokio,deo,montevideo,clio,lacayo,pleo-,mindanao,lmfao,anzio,keo,cleo,castillo,rio,yeo,judeo,yukio,castio,stdio,theo-,keogh,theo,cacao,trujillo,demayo,bartolomeo,mayo,pleio
galili,
galimatias,
galina,fraena,sabina,herzegovina,serena,adina,celina,catena,dina,spina,gallina,ina,dena,argentina,messina,quina,valentina,katrina,mina,alcina,ballerina,sardina,sheena,angelina,vaccina,semolina,sabrina,cartagena,athena,cortina,purina,georgina,proserpina,catalina,concertina,seraphina,zena,covina,albina,erina,melvina,hyena,faena,siena,sabena,lena,medina,tina,vena,salina,avina,farina,mena,pyrena,rena,rowena,regina,philomena,ianthina,cantina,edina,gina,verbena,pina,irina,rosina,latina,cadena,neenah,hercegovina,alina,xena,magdalena,rina,arena,veena,galena,macarena,davina,lina,florentina,vina,jena,subpoena,marina,bina,cristina,serafina,christina,martina,patina,selena,gardena,krajina,molina,bettina,domina,jeana,reina,nina
galinaceous,
galingale,
galinsoga,
galinthias,
galion,mammalian,australian,talion,episcopalian,pygmalion
galiongee,
galionji,
galiot,aleut
galiots,
galipidine,
galipine,
galipoidin,
galipoidine,
galipoipin,
galipot,gallipot,talipot
galipots,
galitea,
galium,valium,kalium
galivant,
galivanted,
galivanting,
galivants,
galjoen,
gall,fastball,mothball,thrall,trawl,pall,bawl,paul,rainfall,pratfall,landfall,caul,raul,handball,atoll,baseball,wherewithal,snowball,pol,cortisol,cholesterol,fall,haul,blackball,football,shawl,catcall,overall,small,drawl,mol,scrawl,softball,tall,gaul,neanderthal,protocol,coll,crawl,moll,sol,hardball,loll,waterfall,maul,cabal,fireball,install,saul,nightfall,stall,banal,meatball,catchall,cannonball,enthral,volleyball,drywall,windfall,freefall,butterball,all,sprawl,brawl,luminol,aerosol,shortfall,tal,retinol,bol,recall,squall,alcohol,call,ball,overhaul,nepal,appall,wall,stonewall,pitfall,screwball,mall,doll,footfall,spall,dall,oddball,befall,senegal,eyeball,basketball,dahl,forestall,downfall,dol,hall,ethanol,natal
galla,salah,ocala,fadlallah,challah,lutfalla,dalla,ramallah,lalla,attalla,calah,palla,valhalla,falla,halah,phalloplasty,gala,kalla,skalla,salaah,spalla,hallah,abdalla,pallah,mccalla,calla,balla,yalah,abdallah,duffala,galah,halla,valla
gallacetophenone,
gallach,
gallager,astrologer
gallagher,balaguer
gallah,
gallamine,
gallanilide,
gallant,alaunt,valent,talent,salant
gallanted,talented
gallanting,
gallantize,
gallantly,
gallantness,
gallantry,
gallantries,
gallants,talents
gallard,stockyard,lumberyard,jarred,guard,courtyard,sparred,charred,starred,boulevard,bard,carde,hard,chouinard,bongard,safeguard,card,disregard,farmyard,backyard,lard,belgard,renard,discard,bombard,barred,schoolyard,brickyard,churchyard,yard,scarred,wildcard,postcard,blvd,lifeguard,godard,gnarred,gerard,bernard,shard,barnyard,gard,boatyard,bouchard,retard,fugard,garde,menard,bankcard,chard,dockyard,canard,broussard,bodyguard,dillard,ard,blowhard,scard,beauregard,flashcard,shipyard,barnard,diehard,picard,barde,regard,disbarred,scorecard,vcard,parred,lazard,tarred,marred,billard,graveyard,junkyard,vanguard,leotard,nard,knarred,tared,pickard,avant-garde,gaspard,mastercard
gallas,palas,hallas,talos,galahs,vallas,callas,ballas,kallas,calas,talas
gallate,tollett,polit,pollett,smollett,mollet,defollet,chavalit,collet,wallet,swallet,collett,follett,hollett,pollet,mollett,pollitt
gallates,
gallatin,malleton,ballotin
gallature,
gallaudet,
gallaway,resume,delay,jay,yea,cafe,quay,today,hay,stray,bay,j,soiree,k,buffet,prey,valet,weigh,protege,x-ray,ballet,fey,dna,fillet,lay,friday,gainsay,holiday,lingerie,essay,spray,mainstay,lei,usa,astray,cliche,grey,gay,leeway,clay,away,decay,gray,disarray,slay,yay,array,play,asea,relay,fray,tray,heyday,ray,dismay,allay,sobriquet,dossier,railway,cache,betray,vertebrae,gourmet,display,everyday,pray,pay,passe,say,melee,day,way,sachet,underway,bray,hey,repay,re,okay,bouquet,survey,nay,may,entree,splay,fiance,portray,inlay,halfway,stay,gateway,convey,waylay,they,latte,obey,sunday,ok,sway,overlay,anyway
gallberry,gall-berry
gallberries,
gallbladder,sadder,bladder,bader,gadder,brader,ladder,padder,madere,adder,madder,gladder,badder,kadar,padar,radder,stepladder,madar,addar,shadur
gallbladders,
gallbush,
galle,resume,delay,cafe,quay,email,frail,entail,stray,hale,bay,soiree,k,retail,buffet,prey,valet,weigh,veil,sale,ale,fey,dna,fillet,lay,gainsay,holiday,curtail,travail,bail,sail,essay,prevail,gale,bale,spray,cliche,grey,gay,leeway,clay,away,fail,decay,gray,slay,array,avail,play,asea,mail,relay,fray,ray,dismay,allay,trail,sobriquet,dossier,cache,betray,gourmet,display,everyday,quail,pray,pay,say,cocktail,melee,passe,day,way,underway,stale,re,rail,nail,survey,pale,hail,detail,may,wail,entree,tail,tale,fiance,portray,inlay,stay,convey,scale,waylay,they,assail,whale,ok,vale,sway,overlay
galleass,
galleasses,
galled,overhauled,fauld,rosenwald,trawled,piebald,hald,bawled,socalled,grinald,lolled,forestalled,crawled,cauld,installed,stalled,called,scrolled,brawled,scalled,walde,evald,dolled,snowballed,reinstalled,bald,mothballed,sprawled,hauled,uncalled,greenwald,reinwald,braunwald,fernald,buchenwald,enthralled,appalled,so-called,scald,wald,steigerwald,grunwald,edwald,walled,recalled,romuald,schoenwald,auld,spauld,drawled,squalled,thorvald,seewald,balled,mauled,archibald,freiwald,stonewalled,scrawled,palled
gallegan,halligan,calligan,zalygin,ocallaghan,galligan
gallegos,galagos
galley,vitale,devalle,allie,cavalli,dalley,cally,nalley,ranalli,thalli,sally,shali,braley,palae,whalley,mallei,sallee,mcanally,mccalley,pally,mcnalley,phalli,hally,valli,lalli,rally,omalley,sallie,dillydally,delvalle,alley,lalley,halle,malley,halley,dally,raley,gally,scally,shalli,bally,vallely,bralley,challis,mcannally,shaly,talley,mcgalley,salley,straley,lally,vitaly,finale,nally,alie,mally,valley,alli,calley,balli,stahley,graley,mcnally,galli,tally,vallee,cali,calli,verbally
galley-fashion,
galleylike,
galleyman,
galley-man,
gallein,thallene
galleine,
galleins,
galleypot,
galleys,alleys,rallies,callies,tallies,alys,sallies,valleys,tallis
galley's,
galley-slave,
galley-tile,
galley-west,
galleyworm,
gallenz,
galleon,gallian,galyean,stahlian
galleons,allianz
galler,mahler,siebenaler,boller,maller,haller,brawler,dollar,kollar,moller,lollar,sprawler,zahler,lawlor,wahler,trawler,goller,collor,hauler,saller,coller,koller,zoller,mauler,waller,allor,bawler,installer,loller,petrodollar,montrealer,aller,lawler,collar,color,cashdollar,voller,staller,scholar,kahler,squalor,crawler,oller,schaller,squaller,ballor,scrawler,soller,schwaller,bahler,holler,taller,caller,bluecollar,drawler,smaller,faller,hollar,stahler,woller,eurodollar,baller
gallera,
gallery,vallery,salary,mallory,valerie,mallery,callery,calorie,valery
galleria,eritrea,bria,tortilla,stria,nicosia,thea,mia,sofia,dorothea,basophilia,samaria,zia,rhea,killilea,anamaria,kania,korea,ikea,cytherea,diarrhea,tia,lia,dulcinea,yttria,dia,aliyah,pcmcia,berea,chia,gonorrhea,dyspnea,snia,crimea,galeria,abyssinia,corea,shiah,gaea,diarrhoea,cheoplasty,pia,subia,cananea,galatea,urrea,asea,pizzeria,onomatopeia,alethea,orea,rosalia,medea,brachia,idea,logophilia,dhia,leah,neoplasty,maria,tanzania,garcia,judea,ia,freia,perea,desmoplasia,belyea,sophia,jia,caesarea,hialeah,hosea,theia,ria,urea,atypia,panacea,keziah,shia,duryea,althea
gallerian,
galleried,
galleries,calories,galeries,salaries
gallerygoer,
galleriidae,
galleriies,
gallerying,
galleryite,
gallerylike,
gallet,salat,vallot,pallett,callot,palet,kalat,callet,callat,hallet,hallett,palette,mallett,mallet,tallit,dalit,pallet,calotte,fallot,shallot,salaat,ballot,sallet,palate,malet
galleta,galata,ballota,alata,balata,kaleta
galletas,
galleted,
galleting,
gallets,
gallfly,
gall-fly,
gallflies,
gallflower,
galli,vitale,devalle,allie,cavalli,dalley,cally,nalley,ranalli,thalli,sally,shali,braley,palae,whalley,mallei,sallee,mcanally,mccalley,pally,mcnalley,phalli,hally,valli,lalli,rally,omalley,sallie,dillydally,delvalle,alley,lalley,halle,malley,halley,dally,raley,gally,scally,shalli,bally,vallely,bralley,challis,mcannally,shaly,talley,mcgalley,salley,straley,lally,vitaly,finale,nally,alie,mally,valley,alli,calley,balli,stahley,graley,mcnally,tally,vallee,cali,calli,galley,verbally
gally,vitale,devalle,allie,cavalli,dalley,cally,nalley,ranalli,thalli,sally,shali,braley,palae,whalley,mallei,sallee,mcanally,mccalley,pally,mcnalley,phalli,hally,valli,lalli,rally,omalley,sallie,dillydally,delvalle,alley,lalley,halle,malley,halley,dally,raley,scally,shalli,bally,vallely,bralley,challis,mcannally,shaly,talley,mcgalley,salley,straley,lally,vitaly,finale,nally,alie,mally,valley,alli,calley,balli,stahley,graley,mcnally,galli,tally,vallee,cali,calli,galley,verbally
gallia,aeritalia,italia,dahlia,valia
galliambic,
galliambus,
gallian,galyean,galleon,stahlian
galliano,casiano,bonanno,marano,napoletano,capistrano,delano,troiano,cano,giordano,tejano,cyrano,califano,sedano,montesano,cipriano,castellano,anguiano,catalano,hano,siciliano,morano,sano,poblano,konoe,soprano,nagano,amano,cristiano,montano,toscano,urbano,pantano,soldano,capuano,sirignano,hirano,damiano,mangano,mano,lozano,pagano,feliciano,americano,cusano,yano,juliano,pisano,adriano,nakano,varano,lano,giuliano,llano,celentano,arellano,capitano,gaetano,stano,hispano,ruano,marcano,murano,kawano,solano,bazzano,grano,soriano,brentano,caetano,nano-,chicano,germano,marciano,mariano,dano,milano,balzano,alfano,mexicano,vano,lugano,cusimano,albano,spano,serrano,gargano,luciano,chrono,veneziano,nano,fasano,miano,gitano,gano,triano,italiano,castano,ciano,kano,graziano
galliard,halliard,palliard
galliardise,
galliardize,
galliardly,
galliardness,
galliards,
galliass,malleus,thallious,palliasse
galliasses,
gallybagger,
gallybeggar,
gallic,aleck,malloch,hallock,grallic,malik,gallik,lalique,dalek,paluck,taluk,tlaloc,fralick,salick,anencephalic,metallic,paluch,salak,gallick,halleck,malick,mallick,blalack,schallock,mihalic,italic,balak,thallic,galik,salique,halik,phthalic,mallek,malak,phallic
gallican,mallison,alhacen,allison,allyson,callison,alison
gallicanism,
galliccally,
gallice,
gallicisation,
gallicise,
gallicised,
galliciser,
gallicising,
gallicism,
gallicisms,
gallicization,
gallicize,
gallicized,
gallicizer,
gallicizing,
gallico,
gallicola,
gallicolae,
gallicole,
gallicolous,
gallycrow,
galli-curci,
gallied,rallied,tallied,alleyed,sallied,dallied
gallienus,
gallies,
galliett,
galliferous,
gallify,
gallification,
galliform,paliform,aliform,ralliform
galliformes,
galligan,halligan,calligan,zalygin,ocallaghan,gallegan
galligantus,
galligaskin,
galligaskins,
gallygaskins,
gallying,
gallimatia,
gallimaufry,
gallimaufries,
gallina,fraena,sabina,herzegovina,serena,adina,celina,catena,dina,spina,ina,dena,argentina,messina,quina,valentina,katrina,mina,alcina,ballerina,sardina,sheena,angelina,vaccina,semolina,sabrina,cartagena,athena,cortina,purina,georgina,proserpina,catalina,concertina,seraphina,zena,covina,albina,erina,melvina,hyena,faena,siena,sabena,lena,medina,tina,vena,salina,avina,farina,mena,pyrena,rena,rowena,regina,philomena,ianthina,cantina,edina,gina,verbena,pina,irina,rosina,latina,cadena,neenah,hercegovina,alina,xena,magdalena,rina,arena,veena,galena,macarena,davina,lina,florentina,vina,jena,subpoena,marina,bina,cristina,serafina,christina,martina,patina,selena,gardena,krajina,molina,bettina,domina,jeana,reina,nina
gallinaceae,
gallinacean,
gallinacei,
gallinaceous,
gallinae,scaleni,alani
gallinaginous,
gallinago,
gallinas,
gallinazo,
galline,
galliney,
galling,walling,kolling,trawling,falling,snowballing,spawling,salling,squalling,stonewalling,holling,mothballing,calling,malling,smalling,bawling,lolling,overhauling,pawling,drolling,stalling,forestalling,appalling,recalling,balling,brawling,pauling,hauling,spalling,sprawling,halling,scrawling,rawling,scrolling,drawling,mauling,crawling,colling,installing
gallingly,brawlingly,crawlingly,appallingly,drollingly,lollingly,collingly
gallingness,
gallinipper,
gallinula,
gallinule,
gallinulelike,
gallinules,
gallinulinae,
gallinuline,
gallion,medallion,mccallion,italian,battalion,scallion,stallion
galliot,palliate,galleot,balliet,malleate
galliots,
gallipoli,
gallipolis,
gallipot,galipot,talipot
gallipots,
gallirallus,
gallish,
gallisin,
gallitzin,
gallium,thallium,pallium,allium,ballium
galliums,
gallivant,
gallivanted,
gallivanter,
gallivanters,
gallivanting,
gallivants,
gallivat,
gallivorous,
galliwasp,
gallywasp,
gallize,
gall-less,
gall-like,
gallman,zalman,hollmann,dallmann,mahlmann,sahlman,collman,fahlman,wolman,stallman,wollman,ahlman,thalmann,kollman,follman,almon,mahlman,kallman,bollmann,zolman,stahlman,bollman,dolman,vollman,allmon,zollman,holman,hallman,hollman,dahlman,tallman,kolman,allman,smallman,kollmann,tolman,wallman,ballman,dallman
gallnut,
gall-nut,
gallnuts,
gallo-,
gallo-briton,
gallocyanin,
gallocyanine,
galloflavin,
galloflavine,
galloglass,
gallo-grecian,
galloman,
gallomania,
gallomaniac,
gallon,mallon,alan,palin,lallan,vandalen,falin,whalin,scallon,palen,hallin,mallin,chalon,fallin,callan,tallon,galin,balun,callen,talin,ballon,allen,ofallon,luallen,valin,kalin,phalen,dalen,fralin,calin,zahlen,malin,scallan,falynn,allan,fallon,ballin,balin,shallon,malon,mccallon,phthalin,talon
gallonage,
galloner,
gallons,valens,chalons,faluns,allens,halons,alans,lallans,talons,kallins
gallon's,
galloon,cameroon,bethune,suen,loon,monsoon,brune,suine,hewn,attune,laffoon,gruen,jeune,immune,noon,shoon,coon,magoon,koon,impugn,bassoon,yoon,baboon,swoon,midafternoon,muldoon,toon,croon,shoen,spoon,pontoon,mattoon,terhune,lagoon,kroon,typhoon,platoon,goon,boon,clune,cancun,dune,poon,troon,rangoon,harpoon,calhoun,tycoon,noone,moon,cahoon,lampoon,tablespoon,cocoon,buffoon,festoon,witherspoon,calhoon,teaspoon,balloon,saloon,contrabassoon,rune,commune,soon,boone,cartoon,honeymoon,maroon,pantaloon,tune,june,sassoon,moone,strewn,inopportune,prune,cardoon,raccoon,afternoon,picayune,shewn,opportune,kuhn,saskatoon,hoon
gallooned,
galloons,
galloot,
galloots,
gallop,galop,gallup,shallop,salep,jalap,salop,scallop,dallop
gallopade,
galloped,
galloper,caliper,scalloper
galloperdix,
gallopers,calipers
gallophile,
gallophilism,
gallophobe,
gallophobia,
galloping,scalloping
gallops,scallops
galloptious,
gallo-rom,
gallo-roman,
gallo-romance,
gallotannate,
gallo-tannate,
gallotannic,
gallo-tannic,
gallotannin,
gallous,follis,lawless,hollis,molluscs,gunsalus,cornwallis,lalas,wallace,paulus,mollusc,savalas,jawless,molasse,collis,wallis,aweless,clawless,bialas,gonzales,naftalis,salis,lawlis,squalus,scolices,awless,solace,flawless
gallovidian,
gallow,caraballo,pallo,tallo,rallo,vallo,ballo,hallo,gallo,cavallo,tallow,callow,barbagallo,allo-,hallow,sandalo,ranallo,ballow,lallo,balogh,salow,corallo,shallow,mallow,tarallo,palo,mondallo,schalow,sallow,bordallo,balow
galloway,resume,delay,jay,yea,cafe,quay,today,hay,stray,bay,j,soiree,k,buffet,prey,valet,weigh,protege,x-ray,ballet,fey,dna,fillet,lay,friday,gainsay,holiday,lingerie,essay,spray,mainstay,lei,usa,astray,cliche,grey,gay,leeway,clay,away,decay,gray,disarray,slay,yay,array,play,asea,relay,fray,tray,heyday,ray,dismay,allay,sobriquet,dossier,railway,cache,betray,vertebrae,gourmet,display,everyday,pray,pay,passe,say,melee,day,way,sachet,underway,bray,hey,repay,re,okay,bouquet,survey,nay,may,entree,splay,fiance,portray,inlay,halfway,stay,gateway,convey,waylay,they,latte,obey,sunday,ok,sway,overlay,anyway
gallowglass,
gallows,aloes,callose,hallows,sallows,gallos,mallows,shallows
gallows-bird,
gallowses,
gallows-grass,
gallowsmaker,
gallowsness,
gallows-tree,
gallowsward,
galls,befalls,neanderthals,walz,balls,protocols,oddballs,butterballs,squalls,fireballs,meatballs,ingalls,rawls,marshalls,windfalls,appalls,pitfalls,malls,basketballs,mcgols,calls,lolls,forestalls,coveralls,idaho-falls,hauls,crawls,overhauls,falls,footballs,mothballs,spaceballs,pauls,mcfalls,halls,qualls,ralls,drawls,schmalz,shawls,palls,rawles,bawls,softballs,alls,dalles,salls,fastballs,pratfalls,beachballs,balz,stalls,brawls,trackballs,dolls,ryals,recalls,dols,scrawls,catcalls,rainfalls,bahls,reinstalls,waterfalls,handballs,valls,mauls,eyeballs,aerosols,salz,gauls,riyals,sauls,colles,trawls,smalls,casals,overalls,installs,shortfalls,walls,snowballs,sprawls,paules,nalls,baseballs
gallstone,cone,jawbone,flown,sewn,pheromone,gladstone,hone,allophone,sown,mone,unknown,moonstone,francophone,capone,rhone,baritone,chaperone,homophone,xylophone,phone,brownstone,argonne,crone,joan,groan,homegrown,acetone,shown,stone,cornerstone,earphone,sloan,shone,tone,mon,hormone,whetstone,scone,trombone,cyclone,anemone,monotone,clone,saxophone,limestone,drone,megaphone,headstone,collarbone,atone,backbone,known,undertone,cologne,millstone,keystone,bone,cobblestone,rhinestone,loan,alone,capstone,rone,tombstone,overthrown,lone,overblown,disown,grown,headphone,testosterone,blown,overtone,fone,throne,thrown,touchstone,silicone,leone,t-bone,telephone,cicerone,postpone,zone,simone,moan,microphone,gemstone,milestone,prone,roan,own,ozone,lodestone,intone,condone,sharon,bemoan
gall-stone,
gallstones,saxophones,headstones,rhys-jones,roans,silicones,overtones,keystones,gravestones,cheekbones,leones,zones,hipbones,reesjones,cherrystones,goans,homophones,jones,drones,milestones,bemoans,mones,thrones,sones,quinones,telephones,owns,clones,romanones,headphones,trones,intones,earphones,halftones,cobblestones,joens,cornerstones,scones,thoennes,goens,daimones,phones,tones,undertones,hormones,tombstones,unknowns,chaperones,baritones,interacciones,madstones,microphones,cyclones,lones,groans,crones,cones,fones,soens,rhinestones,limestones,bones,condones,pheromones,stones,knowns,moans,gladstones,trombones,megaphones,businessphones,lohnes,allophones,flintstones,gemstones,moonstones,airfones,flagstones,hailstones,crossbones,backbones,loans,koans,postpones,hones
galluot,
gallup,galop,shallop,salep,jalap,salop,gallop,scallop,dallop
galluptious,
gallupville,
gallus,fallis,callus,corvallis,chalice,thallus,palace,callous,calice,valis,calices,balas,rallis,kallus,sallis,thallous,ballasts,pallas,maryalice,phallus,borealis,chalices,prothallus,dallas,kalous,kallis,malice,kalis,galus,digitalis,daedalus,mallis,callace,ilalis,salus,alice,kansallis,vallis,callis,dalis,braless
gallused,
galluses,
gallweed,
gallwort,
galoch,
galofalo,
galois,
galoisian,
galoot,belute
galoots,
galop,gallup,shallop,salep,jalap,salop,gallop,scallop,dallop
galopade,
galopades,
galoped,
galopin,
galoping,
galops,
galore,evermore,your,moore,eyesore,or,dore,troubadour,folklore,onshore,orr,salvador,mentor,drawer,sophomore,ecuador,doar,dinosaur,indoor,therefore,bore,uproar,heretofore,pour,therefor,dior,hardcore,war,nor,singapore,cor,herbivore,snore,drugstore,hoar,adore,corps,swore,floor,implore,tor,guarantor,whore,underscore,carnivore,before,ignore,abhor,soar,for,spore,commodore,boar,sycamore,lore,crore,core,offshore,mor,thor,stevedore,decor,fore,sore,backdoor,anymore,torr,roar,four,boer,pore,deplore,furthermore,oar,wore,yore,door,chore,flor,rapport,encore,ore,outdoor,labrador,ashore,bookstore,more,gore,centaur,score,seashore,store,lor,explore,restore,matador,shore,tore
galores,
galosh,mouthwash,brosch,grosch,kosch,josh,slosh,rosh,mackintosh,baasch,closh,braasch,hogwash,hasz,losch,whitewash,quash,osh,brosz,hosch,shipwash,mosh,goulash,rosch,mccosh,gosch,tosch,bosh,ghosh,frosch,natchitoches,radosh,flosh,wasch,prakash,skosh,posch,wash,vandenbosch,awash,backwash,antosh,posh,kosh,trosch,paasch,milosh,lawshe,macintosh,grosh,dosh,mcintosh,brosh,raasch,tosh,pugwash,santosh,prosch,splosh,coshh,squash,swash,frosh,oshkosh,gosh,losh,swosh,dosch,stellenbosch,brainwash,panache,bosch
galoshe,italish,calash,kalish,balash
galoshed,
galoshes,brainwashes,squashes,sloshes,matias,margoshes,washes,boshes,coshes,quashes,noshes,macintoshes
galoubet,
galp,
galravage,
galravitch,
gals,spalls,pals,pfalz,locales,rationales,decals,morales,canals,thralls,als
galsworthy,airworthy,trustworthy,newsworthy,foxworthy,creditworthy,noteworthy,untrustworthy,kenworthy,noseworthy,goldsworthy,unworthy,worthy,praiseworthy,worthey
galt,galipault,rachelvolt,malt,sault,pinault,greenawalt,faribault,covault,nault,ehrenhalt,pennwalt,basalt,anawalt,mault,kreditanstalt,stirewalt,alt,kuralt,somersault,hanawalt,exalt,asphalt,assault,renault,default,treuhandanstalt,walt,hault,fault,thunderbolt,halt,brault,creditanstalt,ault,pinsoneault,cobalt,salt,vault,kalt,dault,gault,perrault
galton,calton,halton,talton
galtonia,
galtonian,
galtrap,
galuchat,
galumph,
galumphed,
galumphing,
galumphs,
galumptious,
galuppi,
galusha,falasha
galut,
galuth,
galv,
galva,
galvayne,
galvayned,
galvayning,
galvan,babylon,braun,lexicon,baton,marathon,boron,axon,argon,gabon,prawn,proton,photon,oman,don,emoticon,quan,khan,gone,polygon,on,aileron,sean,liaison,phenomenon,fawn,moron,flawn,tron,automaton,mastodon,coupon,celadon,amadon,capon,radon,forgone,agamemnon,avalon,woebegone,pentagon,withdrawn,juan,pawn,meson,salon,micron,pecan,hogan,john,upon,non,neutron,yuan,octagon,con,bygone,ron,oberon,wan,crayon,dawn,drawn,aragon,swan,rapprochement,yawn,nylon,carillon,epsilon,exon,hexagon,bon,denouement,paragon,pylon,pion,hon,brawn,oregon,echelon,lawn,pantheon,iran,yon,amazon,han,parmesan,chiffon,antiphon,foregone,spawn
galvani,
galvanic,jannock,zanuck,janak,stanek,banik,danek,romanik,urbanik,panek,chovanec,brannock,szczepanik,koranic,banach,tannic,manik,manic,telemecanique,transoceanic,germanic,janick,gananoque,atlantic,gigantic,bannock,hannoch,inorganic,transatlantic,organic,panic,janik,banick,oceanic,janicke,mazanec,tanakh,kanak,rappahannock,hovanec,stannic,bannick,brannick,ganic,stefanik,satanic,tympanic,titanic,botanic,messianic,hispanic,franek,yanik,volcanic,yannick,midlantic,magellanic,manak,stefanic,subvolcanic,mechanic,cannock,yanick,nanak,panik,fanuc
galvanical,
galvanically,
galvanisation,
galvanise,calvinize
galvanised,
galvaniser,
galvanising,
galvanism,calvinism
galvanist,
galvanization,
galvanizations,
galvanize,synthesize,summarize,metastasize,hypothesize,empathize,apprise,prise,ostracize,rationalize,marginalize,crystallize,surprise,characterize,analyze,synchronize,paralyze,memorize,aggrandize,utilize,antagonize,harmonize,stabilize,capsize,likewise,lionize,chastise,socialize,polarize,minimize,revitalize,reprise,eyes,familiarize,ties,allies,demise,pulverize,franchise,authorize,subsidize,scrutinize,tantalize,otherwise,belies,advise,prioritize,despise,arise,finalize,epitomize,realize,size,emphasize,apologize,mesmerize,disenfranchise,organize,capitalize,emprise,exercise,enterprise,mobilize,recognize,surmise,optimize,guise,criticize,stigmatize,flies,supplies,improvise,jeopardize,patronize,revise,baptize,disguise,wise,supervise,sympathize,guys,lies,amortize,catalyze,comprise,compromise,fries,customize,devise,materialize,visualize,plagiarize,sunrise,maximize,energize,mize,rise,prize,merchandise,proselytize,advertise
galvanized,personalized,unorganized,normalized,agonized,crystallized,incised,revised,caramelized,authorized,improvised,pasteurized,idealized,motorized,familiarized,excised,itemized,canonized,marginalized,publicized,homogenized,standardized,hypnotized,analyzed,capitalized,energized,paralyzed,globalized,traumatized,unauthorized,capsized,demoralized,subsidized,finalized,antagonized,organized,characterized,advised,mesmerized,patronized,oversized,surmised,stabilized,civilized,generalized,exercised,decentralized,utilized,despised,disenfranchised,metastasized,realized,stigmatized,specialized,formalized,unrecognized,urbanized,synthesized,annualized,prized,harmonized,disguised,sized,surprised,jeopardized,stylized,amortized,localized,computerized,underutilized,chastised,mechanized,undisguised,penalized,categorized,disorganized,pressurized,comprised,baptized,circumcised,emphasized,devised,synchronized,apprised,recognized,ostracized,naturalized,scrutinized,advertised,apologized,desensitized,criticized,outsized,centralized,compromised,fossilized,prised,polarized,balkanized,customized,epitomized
galvanizer,
galvanizers,
galvanizes,idealizes,pressurizes,arises,disguises,prizes,paralyzes,exercises,polymerizes,crystallizes,fantasizes,criticizes,compromises,itemizes,polarizes,dieses,alphabetizes,despises,mises,subsidizes,energizes,stabilizes,revises,excises,analyzes,recognizes,marginalizes,memorizes,ironizes,materializes,formalizes,characterizes,comprises,advertises,guises,satirizes,demobilizes,sizes,demilitarizes,enterprises,symbolizes,neutralizes,immunizes,minimizes,authorizes,dramatizes,surprises,rhapsodizes,capitalizes,idolizes,hellenizes,agonizes,democratizes,overemphasizes,enfranchises,apologizes,rises,jeopardizes,specializes,liberalizes,categorizes,depressurizes,mischaracterizes,utilizes,advises,improvises,lyses,fertilizes,harmonizes,terrorizes,sensationalizes,synchronizes,hypnotizes,humanizes,realizes,organizes,normalizes,downsizes,surmises,emphasizes,summarizes,epitomizes,maximizes,supervises,phizes,customizes,tantalizes,chastises,franchises,brutalizes,economizes,prises,scrutinizes,monopolizes,wises,sympathizes,equalizes,legitimizes,devises,prioritizes,departmentalizes
galvanizing,wising,unappetizing,self-aggrandizing,merchandising,oxidizing,verbalizing,alphabetizing,antagonizing,maximizing,mesmerizing,dehumanizing,organizing,satirizing,immunizing,devising,aggrandizing,harmonizing,womanizing,summarizing,finalizing,advising,fantasizing,revising,specializing,temporizing,visualizing,rationalizing,centralizing,synchronizing,chastising,tantalizing,arising,prioritizing,sanitizing,sizing,improvising,comprising,apologizing,despising,stigmatizing,polarizing,memorizing,mobilizing,demonizing,characterizing,enterprising,socializing,downsizing,editorializing,advertising,proselytizing,monopolizing,uprising,patronizing,realizing,paralyzing,recognizing,stabilizing,destabilizing,disguising,supervising,standardizing,ionizing,demoralizing,surprising,publicizing,jeopardizing,scrutinizing,crystallizing,normalizing,tranquilizing,subsidizing,lysing,energizing,neutralizing,immobilizing,emphasizing,prizing,amortizing,authorizing,unsurprising,appetizing,fraternizing,compromising,revitalizing,criticizing,synthesizing,utilizing,capitalizing,democratizing,generalizing,minimizing,rising,analyzing,modernizing,exercising,digitizing,moralizing,customizing,theorizing
galvano-,galvano
galvanocautery,
galvanocauteries,
galvanocauterization,
galvanocontractility,
galvanofaradization,
galvanoglyph,
galvanoglyphy,
galvanograph,
galvanography,
galvanographic,
galvanolysis,
galvanology,
galvanologist,
galvanomagnet,
galvanomagnetic,
galvanomagnetism,
galvanometer,
galvanometers,
galvanometry,
galvanometric,
galvanometrical,
galvanometrically,
galvanoplasty,
galvanoplastic,
galvanoplastical,
galvanoplastically,
galvanoplastics,
galvanopsychic,
galvanopuncture,
galvanoscope,
galvanoscopy,
galvanoscopic,
galvanosurgery,
galvanotactic,
galvanotaxis,
galvanotherapy,
galvanothermy,
galvanothermometer,
galvanotonic,
galvanotropic,
galvanotropism,
galven,
galveston,
galvin,alvan,malvin,alvin,calvin
galvo,
galvvanoscopy,
galway,holway
galways,
galwegian,
galziekte,
gam,
gam-,
gama,squama,takayama,bramah,murayama,kageyama,katayama,somma,pajama,toyama,groma,melodrama,mamma,nakayama,arzama,mama,broma,trauma,akiyama,guadarrama,nishiyama,glomma,kodama,lama,llama,halama,yokohama,bernama,aldama,dhlakama,kama,tama,osama,cama,kaama,naamah,croma,koyama,aoyama,momma,schama,fujiyama,nakama,gyuhama,kuriyama,salama,sama,valderrama,hama,algamaa,rama,obama,bahama,yokoyama,sugiyama,comma,slama,oyama,chroma,dama,homoplasty,hirayama,fukuyama,cauma,balderrama,yoneyama,maddamma,saitama,kashiyama,fama,drama,maruyama
gamages,
gamahe,
gamay,
gamays,
gamal,fastball,mothball,thrall,trawl,pall,bawl,paul,rainfall,pratfall,landfall,caul,raul,handball,atoll,baseball,wherewithal,snowball,pol,cortisol,cholesterol,fall,haul,blackball,football,shawl,catcall,overall,small,drawl,scrawl,softball,tall,gaul,neanderthal,protocol,coll,crawl,moll,sol,hardball,loll,waterfall,maul,cabal,fireball,install,saul,nightfall,stall,banal,meatball,catchall,cannonball,enthral,volleyball,drywall,windfall,freefall,butterball,all,sprawl,brawl,luminol,aerosol,shortfall,tal,retinol,bol,recall,squall,alcohol,call,ball,overhaul,nepal,appall,wall,stonewall,gall,pitfall,screwball,mall,doll,footfall,spall,dall,oddball,befall,senegal,eyeball,basketball,dahl,forestall,downfall,dol,hall,ethanol,natal
gamali,
gamaliel,
gamari,
gamas,
gamash,
gamashes,
gamasid,
gamasidae,
gamasoidea,
gamb,
gamba,bamba,kamba,dicamba
gambade,
gambades,
gambado,
gambadoes,
gambados,
gambang,
gambart,
gambas,ambos,jambos
gambe,
gambeer,
gambeered,
gambeering,
gambell,
gambelli,
gamber,bamber,clamber,cambre,amber,camber,schamber,kamber
gambes,
gambeson,gambison,ambustion
gambesons,
gambet,ambit,gambit,spambot
gambetta,
gambette,
gambi,
gambia,cambia,senegambia,escambia,zambia
gambiae,
gambian,zambian,ambien
gambians,
gambias,
gambier,
gambiers,
gambir,tambour,sambur,sambar,chambre,ambre
gambirs,
gambist,
gambit,ambit,spambot,gambet
gambits,ambits
gamble,hamble,yambol,gambol,tramble,cambell,campbell,scamble,unscramble,stambul,scramble,bramble,preamble,amble,ramble,shamble,famble,sambal
gambled,scrambled,gambolled,rambled,shambled,ambled,brambled
gambler,rambler,ambler
gamblers,ramblers
gambles,ambles,scrambles,campbells,rambles,shambles,brambles,gambols
gamblesome,
gamblesomeness,
gambling,scambling,shambling,rambling,brambling,scrambling,grambling,ambling
gambodic,
gamboge,camboge
gamboges,
gambogian,
gambogic,
gamboised,
gambol,hamble,yambol,gamble,tramble,cambell,campbell,scamble,unscramble,stambul,scramble,bramble,preamble,amble,ramble,shamble,famble,sambal
gamboled,
gamboler,
gamboling,
gambolled,scrambled,rambled,gambled,shambled,ambled,brambled
gamboller,
gambolling,
gambols,ambles,scrambles,campbells,gambles,rambles,shambles,brambles
gambone,
gambrel,cambrel,gambrill,chambrel,gambrell
gambreled,
gambrell,cambrel,gambrel,gambrill,chambrel
gambrelled,
gambrel-roofed,
gambrels,
gambrill,cambrel,gambrel,chambrel,gambrell
gambrills,
gambrinus,gambrinous
gambroon,
gambs,
gambusia,
gambusias,
gambut,
gamdeboo,
gamdia,
game,boehm,defame,lame,exclaim,became,timeframe,baim,declaim,mainframe,reclaim,boardgame,proclaim,sejm,graeme,acclaim,grame,maim,flame,bame,ashame,aspartame,ballgame,haim,tame,rhame,blame,frame,cname,ysame,same,airframe,brandname,ame,nickname,videogame,bleyme,surname,damme,brame,dame,inflame,came,boehme,aim,flaim,claim,mame,shame,squame,disclaim,name,whame,overcame,aflame,counterclaim,fame,aime,rename
gamebag,
gameball,
gamecock,cock,antioch,bok,matlock,aftershock,bloch,baulk,bock,rock,hollyhock,jaywalk,squawk,shock,calk,hancock,croc,jock,woodcock,stock,padlock,catwalk,sock,interlock,livestock,locke,jacques,laughingstock,gridlock,chalk,gawk,loch,mohawk,feedstock,mach,bloc,balk,crosstalk,havelock,medoc,spock,bokeh,hawk,och,shamrock,nock,block,hock,nighthawk,frock,tock,iraq,salk,dock,sidewalk,manioc,crosswalk,crock,talk,peacock,bedrock,boardwalk,airlock,chock,smock,lock,mock,unlock,wedlock,schlock,sherlock,tomahawk,hemlock,brock,roc,roadblock,goshawk,wok,deadlock,bangkok,hoc,floc,walk,lok,caulk,pock,flock,clock,bach,doc,ad-hoc,poppycock,knock,falk,glock,oarlock,stalk,toque,shylock
game-cock,
gamecocks,toolbox,blocs,walks,gawks,stocks,hawks,boombox,boondocks,lox,balks,flummox,orthodox,pox,unorthodox,detox,sandbox,tarbox,knox,hydrox,lawks,feedstocks,heterodox,fox,soapbox,sox,roadblocks,jocks,flocks,ox,aftershocks,jukebox,stalks,breadbox,foxx,palafox,ochs,socks,tinderbox,talks,hocks,vaux,blocks,shocks,vox,docks,clocks,crocs,cox,phlox,mocks,skybox,locks,peacocks,hollyhocks,sachs,mailbox,outfox,paradox,matchbox,rox,glaux,fawkes,faux,gearbox,goldilocks,icebox,box,cocks,rocks,saltbox,botox,smallpox,frocks,equinox,knocks
gamecraft,
gamed,acclaimed,claimed,unclaimed,famed,exclaimed,unashamed,reclaimed,unnamed,proclaimed,flamed,renamed,declaimed,aimed,maimed,lamed,defamed,framed,disclaimed,inflamed,shamed,named,ashamed,tamed,nicknamed,blamed
game-destroying,
game-fowl,
gameful,blameful,shameful
gamey,lamey,mamey,stamey,eighmey,mohtashemi,amy,lamie,hashemi,jaimie,jamie,mamie,mccamy,cheimi,flamy,samey,lamy,amey,cockamamie,jayme,jami
gamekeeper,heaper,peacekeeper,doorkeeper,neeper,crowkeeper,peeper,sweeper,beeper,leiper,scheper,creeper,shopkeeper,leeper,steeper,keeper,housekeeper,cheaper,groundskeeper,deeper,minesweeper,leaper,bookkeeper,keiper,goalkeeper,beekeeper,schlieper,weeper,storekeeper,scorekeeper,gatekeeper,reaper,kieper,sleeper,teper,pieper,streeper,innkeeper
gamekeepers,sea-purse
gamekeeping,
gamelan,mamelon,gamelin,hamelin
gamelang,
gamelans,
game-law,
gameless,claimless,blameless,fameless,frameless,flameless,nameless,aimless,shameless,tameless
gamely,lamely,tamely,namely
gamelike,
gamelin,mamelon,camlan,hamlin,gamelan,hamelin
gamelion,
gamelote,
gamelotte,
gamene,
gameness,tameness,lameness,sameness
gamenesses,
gamer,namer,cramer,flamer,shamer,disclaimer,bramer,weymer,claimer,beymer,framer,damar,klamer,gramer,paymer,tamar,raymer,reclaimer,tamer,blamer,mcnamer,stamer,pamer,raimer,famer,amer,kamer,lamer,kramer,maimer,ramer,damer,aimer
games,jas,mainframes,adames,boardgames,airframes,blames,disclaims,names,frames,ames,grames,claims,shames,crames,sames,dames,flames,maims,fames,haimes,st-james,acclaims,counterclaims,surnames,ijames,lames,james,hames,aimes,haymes,kames,rhames,cames,aims,tames,exclaims,inflames,proclaims,nicknames
gamesman,lifespan,handyman,fisherman,minuteman,ann,milan,sandman,sudan,pakistan,sedan,clan,anchorman,rattan,tristan,journeyman,loran,gran,bedpan,saucepan,catamaran,an,afghan,liane,nan,kazakhstan,tan,merman,mann,clergyman,pan,flan,plan,lan,bogeyman,quran,ran,taliban,strongman,klan,japan,anne,saran,stan,yan,began,scran,divan,pecan,quean,zan,hitman,dan,jan,sideman,tran,deadpan,van,span,kinsman,helmsman,skean,than,gan,chan,hann,moran,cannes,can,batman,caravan,tarzan,businessman,kan,superman,san,fan,rodin,snowman,ban,ferdinand,walkman,bhutan,caftan,bran,cyan,caveman,scan,madman,cancan,afghanistan,moulin,iran,suntan,man,doorman,shan,middleman
gamesmanship,scholarship,readership,fellowship,dictatorship,pip,stewardship,slip,proprietorship,dip,trip,relationship,snip,distributorship,headship,sponsorship,professorship,kip,censorship,companionship,internship,whip,unzip,ship,homeownership,hip,strip,zip,rip,sip,ownership,scrip,trusteeship,generalship,membership,ip,chip,chairmanship,warship,gyp,citizenship,sportsmanship,equip,workmanship,lightship,starship,nip,spaceship,skip,apprenticeship,gunship,authorship,flagship,flip,showmanship,thrip,bip,directorship,leadership,kinship,roundtrip,bipartisanship,drip,steamship,dealership,grip,courtship,grippe,quip,clip,outstrip,one-upmanship,lip,championship,upmanship,airstrip,crip,microchip,airship,yip,blip,partisanship,fingertip,brinkmanship,consulship,battleship,governorship,tip,conservatorship,craftsmanship,partnership,brinksmanship,receivership
gamesome,
gamesomely,
gamesomeness,
games-player,
gamest,famoused,tamest,lamest
gamester,
gamesters,
gamestress,
gamet-,dammit,sammet,bamut,zammit,hamate,hammitt,sammut,mammut,ramate,gamut,mamet,willamette,hammett,samet,gamet,mammet,ramet,kamet
gametal,
gametange,
gametangia,pangea
gametangium,
gamete,obsolete,mesquite,neat,treat,defeat,backseat,skeet,petite,buckwheat,beet,compete,pete,replete,athlete,effete,overeat,heartbeat,complete,wheat,pleat,beat,meet,delete,crete,suite,mete,gleet,conceit,retreat,offbeat,seat,greet,elite,deplete,deceit,heat,bittersweet,street,deet,crabmeat,overheat,peat,creat,st,excrete,feet,unseat,repeat,tweet,teat,noncompete,cleat,mistreat,drumbeat,neet,peet,parakeet,downbeat,upbeat,incomplete,grete,discreet,piet,speet,leet,discrete,secrete,sleet,deadbeat,marguerite,concrete,poteat,spreadsheet,indiscreet,eat,sheet,flete,sweet,amit,feat,meat,cheat,bleat,mincemeat,browbeat,worksheet,teet,receipt,creaght,fleet
gametes,
gametic,magmatic,dalmatic,grammatic
gametically,emetically
gameto-,gameto
gametocyst,
gametocyte,
gametogenesis,
gametogeny,
gametogenic,
gametogenous,
gametogony,
gametogonium,
gametoid,
gametophagia,
gametophyll,
gametophyte,expedite,write,alright,limelight,quite,incite,bright,hindsight,alight,foresight,extradite,sprite,mite,apatite,backbite,cite,playwright,copyright,dight,fortnight,blight,might,apartheid,white,brite,spotlight,goodnight,smite,downright,hermaphrodite,slight,plebiscite,kite,oversight,highlight,frostbite,graphite,sight,fahrenheit,twilight,spite,ignite,recite,uptight,erudite,outright,contrite,overnight,wright,underwrite,byte,indite,forthright,twite,smight,night,satellite,fight,tripartite,right,insight,tight,parasite,overwrite,fright,plight,invite,bight,nite,meteorite,moonlight,rite,recondite,finite,height,lignite,appetite,upright,flight,bite,neophyte,acolyte,light,site,polite,midnight,indict,trite,excite,despite,luddite,feit,lite,knight,rewrite,delight,wight,sleight,unite,website
gametophytic,
gametophobia,
gametophore,
gametophoric,
gamgee,
gamgia,
gamy,
gamic,
gamier,damier
gamiest,
gamily,
gamin,mammon,alabaman,mammen,ramen,scammon,hammann,gammon,cammon,kamman,ammon,stamin,mccammon,hamman,reexamine,salmon,hammon,sammon,amman,damman,examine,bramin,thamyn,salman,stammen,drammen,dammann,hammen,famine,backgammon,ammann,brahman,hamon,dammen,yamin,amann,tammen
gamine,amine,primine,thymine
gamines,
gaminesque,
gaminess,
gaminesses,
gaming,flaming,shaming,framing,taming,reclaiming,inflaming,exclaiming,acclaiming,renaming,blaming,faming,proclaiming,claiming,laming,maiming,naming,disclaiming
gaming-proof,
gamings,
gaminish,
gamins,
gamma,foodarama,shama,pajama,pleasurama,panorama,alabama,khama,mammoplasty,dhamma,grama,jama,glama,brama,hamah,yamma,brahma,gramma,trama,docudrama,mammaplasty
gammacism,
gammacismus,
gammadia,
gammadion,
gammarid,
gammaridae,
gammarine,
gammaroid,
gammarus,
gammas,camas,cammas,chlamys,brahmas,thammuz,lammas,famas,pajamas,tammuz,namas,samas,amahs
gammation,
gammed,dammed,crammed,jammed,trammed,rammed,scrammed,slammed,shammed,ramed,flammed,scammed,hammed,programmed,hamed,lambed,reprogrammed,lammed,diagrammed,spammed,clammed,monogrammed,damned
gammelost,
gammer,mammer,amour,namur,spammer,yammer,clamour
gammerel,
gammers,
gammerstang,
gammexane,
gammy,chamois,mammy,tammy,sammy,chammy,tami,pammy,grammy,mccamey,lammey,sammie,valmy,brahmi,mi-vami,cammie,ramee,clammy,mckamey,mammae,whammy,lammi,amie,ramey,tammie,hammy,tamiami,shammy,kamei,jammy,cammy,ramie,yanomami,miami,sami,rammy
gammick,
gammier,
gammiest,
gamming,flammang,jamming,hamming,damming,shamming,scamming,slamming,lambing,diagraming,clamming,zamang,dramming,tramming,cramming,spamming,scramming,ramming,lamming,damning,programming,flamming,reprogramming,programing
gammock,
gammon,mammon,alabaman,mammen,ramen,scammon,hammann,cammon,kamman,ammon,stamin,mccammon,hamman,reexamine,salmon,hammon,gamin,sammon,amman,damman,examine,bramin,thamyn,salman,stammen,drammen,dammann,hammen,famine,backgammon,ammann,brahman,hamon,dammen,yamin,amann,tammen
gammoned,
gammoner,
gammoners,
gammon-faced,
gammoning,
gammons,ammons,hammons,famines,salmons,brahmans,alabamans,brahmins,lammons,salmans,examines,kamins,gamons,sammons
gammon-visaged,
gamo-,paramo,mammo,tammo,gamow
gamobium,
gamodeme,
gamodemes,
gamodesmy,
gamodesmic,
gamogamy,
gamogenesis,
gamogenetic,
gamogenetical,
gamogenetically,
gamogeny,
gamogony,
gamolepis,
gamomania,
gamond,
gamone,
gamont,
gamopetalae,
gamopetalous,
gamophagy,
gamophagia,
gamophyllous,
gamori,
gamosepalous,
gamostele,
gamostely,
gamostelic,
gamotropic,
gamotropism,
gamous,ignoramus,famous,mandamus,brademas,shamus,seamus,tamus,leymus,ramus,amos,wamus,paulhamus
gamp,damp,seekamp,clamp,amp,krampe,kramp,kampe,holtkamp,cramp,shamp,ryskamp,champ,fullenkamp,weitkamp,gramp,hampe,tramp,lampe,unclamp,steenkamp,rampe,tamp,encamp,vamp,firedamp,scamp,gaskamp,trampe,lampp,lamp,heitkamp,camp,samp,revamp,ramp,stallkamp,vancamp,decamp,bouwkamp,haverkamp,niekamp,kamp,lowekamp,hamp,stamp,helmkamp,grandchamp,schamp,feldkamp,trenkamp
gamphrel,
gamps,ramps,stamps,gramps,damps,camps,unclamps,clamps,revamps,cramps,vamps,lamps,kamps,tamps,delchamps,champs,scamps
gams,
gamut,dammit,sammet,bamut,zammit,hamate,hammitt,sammut,mammut,ramate,gamet-,mamet,willamette,hammett,samet,gamet,mammet,ramet,kamet
gamuts,
gan,lifespan,handyman,fisherman,minuteman,ann,milan,sandman,sudan,pakistan,sedan,clan,anchorman,rattan,tristan,journeyman,loran,gran,bedpan,saucepan,catamaran,an,afghan,liane,nan,kazakhstan,tan,merman,mann,clergyman,pan,flan,plan,lan,bogeyman,quran,ran,taliban,strongman,klan,japan,anne,saran,stan,yan,began,scran,divan,pecan,quean,zan,hitman,dan,jan,sideman,tran,deadpan,van,span,kinsman,helmsman,skean,than,chan,hann,moran,cannes,can,batman,caravan,tarzan,businessman,kan,superman,san,fan,rodin,snowman,ban,ferdinand,walkman,bhutan,caftan,bran,cyan,caveman,scan,madman,cancan,afghanistan,moulin,iran,suntan,man,doorman,shan,gamesman,middleman
ganado,
ganam,
ganancial,
gananciales,
ganancias,
ganapati,
gance,
ganch,tranche,stanch,planch,branche,flanch,lanch,ranch,blanch,panch,blanche,scranch,cranch,branch,avalanche,lancz
ganched,
ganching,
gand,
ganda,veranda,banda,propaganda,blanda,yanda,skanda,handa,nolanda,faranda,khanda,amanda,granda,marulanda,chanda,manda,spandau,branda,nanda,deanda,kanda,vanda,landa,noranda,fernanda,standa,memoranda,aranda,panda,janda,miranda,dvandva,sanda,maranda,uganda,koranda
gandeeville,
gander,salamander,swartzlander,hander,leander,pander,landor,subcommander,vander,bander,standre,glander,bystander,slander,aleksander,mander,lander,highlander,candour,grander,oleander,scalamandre,stadtlander,brander,rander,sandor,ander,mcalexander,skenandore,candor,evander,sjolander,lysander,gerrymander,alexander,santander,coriander,sander,zander,stander,calamander,meander,blander,mainlander,rosander,aleksandr,nederlander,commander
gandered,
ganderess,
gandergoose,
gandering,
gandermooner,
ganders,standers,landers,mainlanders,zanders,glanders,commanders,alexanders,highlanders,panders,salamanders,slanders,flanders,bystanders,subcommanders,meanders,anders,sanders,handers,manders,branders,gerrymanders
ganderteeth,
gandertmeeth,
gandhara,
gandharan,
gandharva,
gandhi,caramandi,tondi,morandi,gondi,orlandi,mondy,quandy,maundy,glissandi,wandy,zandi,ghandi,wandie,nandi,bondy,condie,bondi,eolande,biondi,lalande,blondie,lamirande,imondi,sherbondy,iolande
gandhian,andean,scandian,pandion,nalbandian,mandaean
gandhiism,
gandhiist,
gandhism,
gandhist,
gandoura,
gandul,
gandum,
gandurah,
gandzha,
gane,
ganef,canniff,hanif,kanaf,braniff,ganof
ganefs,
ganesa,anasa,manisa
ganesha,
ganev,
ganevs,
gang,sang,vang,trang,wang,nang,mang,boomerang,stang,crang,klang,wolfgang,ziyang,li-kang,dang,spang,chang,hang,mangue,hangsang,lange,overhang,rang,whang,bhang,tangue,baoguang,xinjiang,harangue,siang,schlang,verdinsgang,shang,bang,sprang,ang,shenyang,slang,tsiang,ylang-ylang,kuomintang,krang,tang,langue,drang,chuang,xiaogang,durang,gangue,zhang,tsang,lang,nanchang,chiang,cangue,thang,zang,yang,liang,tunkelang,hwang,flang,pang,jang,strang,prang,fang,mustang,huang,clang,kang,pyongyang
ganga,panga,kanga,sanga,tanga
gangamopteris,
gangan,
gangava,
gangbang,gang-bang
gangboard,
gang-board,
gangbuster,filibuster,truster,adjuster,swampbuster,fill-a-buster,bluster,juster,kuster,thruster,huster,dister,ghostbuster,bruster,fillibuster,muster,custer,astir,luster,fluster,lackluster,shuster,trustor,bestir,buster,duster,guster,cluster,blockbuster,lustre,hyster-
gang-cask,
gang-days,
gangdom,
gange,tange,stange,phalange,flange,bange
ganged,fanged,danged,boomeranged,banged,harangued,hanged,tanged,slanged,clanged
ganger,sanger,stanger,wanger,cliffhanger,langer,hanger,clanger,hangar,fanger,tanger,zanger,clangor,schlanger,spranger,banger
gangerel,
gangers,
ganges,phalanges
gangetic,
gangflower,
gang-flower,
ganggang,
ganging,haranguing,slanging,banging,overhanging,clanging,tanging,hanging
gangion,
gangism,
gangland,
ganglander,
ganglands,
gangle-shanked,
gangly,langley
gangli-,
ganglia,anglia
gangliac,
ganglial,
gangliar,
gangliasthenia,
gangliate,
gangliated,
gangliectomy,
ganglier,
gangliest,
gangliform,
gangliglia,
gangliglions,
gangliitis,
gangling,tangling,wrangling,mangling,strangling,dangling,angling
ganglioblast,
gangliocyte,
ganglioform,
ganglioid,
ganglioma,
gangliomas,
gangliomata,
ganglion,
ganglionary,
ganglionate,
ganglionated,
ganglionectomy,
ganglionectomies,
ganglioneural,
ganglioneure,
ganglioneuroma,
ganglioneuron,
ganglionic,hypersonic,miltonic,tronic,microelectronic,ultrasonic,plutonic,varitronic,canonic,teutonic,environic,hydroponic,chronic,pneumonic,connick,embryonic,lasersonic,telectronic,clonic,hanak,ovonic,philharmonic,chronique,fibronic,phonic,lexiphonic,yonic,medtronic,diasonic,monophonic,allophonic,plantronic,platonic,leptonic,telephonic,flextronic,planktonic,tranzonic,masonic,harmonic,neoplatonic,avionic,conic,electronic,ionic,ebonic,tonic,isoelectronic,hedonic,hegemonic,blahnik,laconic,chthonic,kronick,stronach,sonic,ironic,isotonic,catatonic,respironic,supersonic,hyaluronic,propionic,demonic,gnomonic,napoleonic,histrionic,sardonic,audiotronic,nucleonic,pharaonic,synchronic,photronic,symphonic,panasonic,diatonic,mnemonic,tectonic,bubonic,polyphonic,personic,vanik,hypertonic
ganglionitis,
ganglionless,
ganglions,
ganglioplexus,
ganglioside,
gangman,
gangmaster,
gangplank,riverbank,franck,bank,hanke,planck,slank,lank,drank,hank,interbank,planche,thank,crookshank,mank,frank,ranke,cruikshank,plank,flank,franc,jahnke,trank,blank,prank,swank,outflank,shank,blanc,janke,bundesbank,antitank,banque,chank,leblanc,francke,cruickshank,montblanc,dank,banke,brank,skank,franke,tank,shrank,clank,schrank,stank,zank,blanke,citibank,rank,banc,nonbank,sank,schank,burbank,manche,spank,yank,crank
gang-plank,
gangplanks,
gangplow,
gangplows,
gangrel,
gangrenate,
gangrene,
gangrened,
gangrenes,
gangrenescent,
gangrening,
gangrenous,
gangs,slangs,mustangs,clangs,fangs,overhangs,bangs,hangs,tangs,harangues,pangs
gang's,
gangsa,
gangshag,
gangsman,
gangster,sangster
gangsterism,
gangsters,
gangster's,
gangtide,
gangtok,
gangue,sang,vang,trang,wang,nang,mang,boomerang,stang,crang,klang,wolfgang,ziyang,li-kang,dang,spang,chang,hang,mangue,hangsang,overhang,rang,lange,whang,bhang,tangue,baoguang,xinjiang,harangue,siang,schlang,verdinsgang,shang,bang,sprang,ang,shenyang,slang,tsiang,ylang-ylang,kuomintang,krang,tang,langue,drang,chuang,xiaogang,durang,zhang,tsang,lang,nanchang,chiang,gang,cangue,thang,zang,yang,liang,tunkelang,hwang,flang,pang,jang,strang,prang,fang,mustang,huang,clang,kang,pyongyang
ganguela,
gangues,
gangwa,
gangway,
gangwayed,
gangwayman,
gangwaymen,
gangways,
gang-week,
ganiats,
ganyie,
ganymeda,
,
