galactodensimeter,
galactogenetic,
galactogogue,
galactohemia,
galactoid,
galactolipide,
galactolipin,
galactolysis,
galactolytic,
galactoma,
galactometer,
galactometry,
galactonic,
galactopathy,
galactophagist,
galactophagous,
galactophygous,
galactophlebitis,
galactophlysis,
galactophore,
galactophoritis,
galactophorous,
galactophthysis,
galactopyra,
galactopoiesis,
galactopoietic,
galactorrhea,
galactorrhoea,
galactosamine,
galactosan,
galactoscope,
galactose,lactose
galactosemia,
galactosemic,
galactosidase,
galactoside,
galactosyl,
galactosis,
galactostasis,
galactosuria,
galactotherapy,
galactotrophy,
galacturia,
galagala,
galaginae,
galago,caligo
galagos,gallegos
galah,challah,falla,abdalla,ramallah,lutfalla,valhalla,abdallah,halla,attalla,skalla,kalla,hallah,calah,balla,salaah,dalla,spalla,mccalla,fadlallah,pallah,calla,halah,duffala,ocala,phalloplasty,lalla,valla,gala,yalah,galla,salah,palla
galahad,flad,triad,dradde,rad,riyadh,tchad,sociedad,nomad,thad,unctad,halmstad,leningrad,had,doodad,plaid,kaliningrad,madd,strad,tadd,sad,bad,ecad,stalingrad,hyderabad,trinidad,add,fad,grandad,brad,sinbad,hadd,mad,cad,ladde,ladd,amstrad,undergrad,mirad,shad,caridad,gadd,shadd,amistad,dad,mossad,lad,scad,volgograd,gad,schad,glad,olympiad,pad,clad,visegrad,comrade,grad,thinkpad,soledad,ad,vlad,chad,keypad,dyad,ydrad,nad,forbad,shabad,ironclad,ciudad,riyad,tad
galahads,
galahs,palas,calas,hallas,kallas,gallas,vallas,talas,callas,talos,ballas
galan,venezuelan,veillon,bailin,bailyn,kalan,malan,balan,neylon,phenolphthalein,baylen,walen,calan,bailon,whalen,taillon,keylon,galen,kalen,beilin,alun,caylin,malin
galanas,
galang,palling,kalong,corralling
galanga,
galangal,
galangals,
galangin,
galany,
galant,dolente,tallent,tallant,callant
galante,jaunty,wanty,biamonte,belmonte,elefante,fioravanti,pallante,brigante,montee,escalante,bonfanti,ferrante,avanti,desanti,bracamonte,mercadante,gigante,tonti,delmonte,monty,labonte,bellante,interrante,amarante,montante,durante,monte,barsanti,montie,monti,morante,musante,laplante,benanty,flaunty,bustamante,auntie,demonte,violante,conti,mazzanti,ponti,morgante,ponty,centofanti,aponte,amante,passante,traficante,diamante,morganti,bronte,assante,belafonte
galanthus,
galanti,ante-,scanty,chantey,vacanti,shantey,ranty,disanti,ferranti,colasanti,shanty,santi,tettamanti,pantie,fanti,shanti,vigilante,anti-,santy,grantee,khanty,ypsilanti,chanty,plantae,grisanti,aunty,auntie,anti,cantey,ante,crisanti,janty,canty,briganti,lisanti,chianti,panty,antae,mantey,arcosanti
galantine,
galantuomo,
galapago,
galapagos,
galapee,
galas,
galashiels,
galasyn,
galata,kaleta,ballota,galleta,balata,alata
galatae,
galatea,tanzania,atypia,dia,zia,rhea,sofia,cytherea,sophia,rosalia,belyea,subia,idea,gonorrhea,duryea,leah,ikea,thea,galeria,berea,orea,theia,ia,corea,eritrea,dhia,pia,pcmcia,medea,dulcinea,urea,pizzeria,panacea,chia,nicosia,cananea,garcia,kania,perea,freia,alethea,ria,logophilia,asea,hosea,bria,tia,cheoplasty,jia,korea,onomatopeia,diarrhea,mia,crimea,snia,urrea,diarrhoea,desmoplasia,lia,stria,tortilla,judea,dorothea,anamaria,aliyah,abyssinia,shiah,basophilia,samaria,killilea,maria,keziah,neoplasty,hialeah,caesarea,dyspnea,gaea,shia,althea,brachia,yttria,galleria
galateah,
galateas,
galati,lottie,vigliotti,diodati,sgambati,boughty,haughty,dottie,candiotti,pavarotti,karate,zloty,jereissati,doughty,gotti,bugatti,salvati,cotty,spotty,rosati,maserati,dhoti,kiribati,lanzelotti,potty,marathi,bilotti,andreotti,benenati,literati,scottie,amati,benotti,totty,ammirati,motty,mariotti,snotty,clotty,scotty,naughty,doughtie,crotty,lahti,giamatti,hlavaty,donati,lotty,minotti,bertinotti,bhatti,dotty,squatty,knotty,hottie,scotti,beninati,delligatti,galotti,grotty,liberati,braggiotti,capriati,biscotti
galatia,solatia,malacia
galatian,halation,tralation
galatians,
galatic,
galatine,
galatotrophic,
galatz,pallets,palettes,palates,ballots,shallots,metallatz
galavant,salivant
galavanted,
galavanting,
galavants,
galax,tampax,racks,trax,metathorax,saks,cutbacks,filofax,tracks,plaques,contacts,impacts,lomax,knacks,wax,earwax,quacks,plax,climax,surtax,parallax,pentax,kickbacks,flax,gunnysacks,wisecracks,yax,cracks,hacks,flashbacks,packs,lax,stacks,snacks,pax,sachs,fosamax,sacks,lacks,vax,overtax,backs,blacks,fax,axe,drawbacks,knickknacks,equifax,maces,slacks,rax,maxx,mesothorax,shacks,pretax,smacks,awacs,max,attacks,facts,tacks,ax,sacs,halifax,maniacs,setbacks,dax,borax,relax,syntax,saxe,praxes,tax,greenbacks,acts,bax,jacks,macs,pacts,jaques,aftertax,whacks,fairfax,pacs,ajax,lilacs,imax,cadillacs,sax
galaxes,
galaxy,
galaxian,
galaxias,
galaxies,
galaxiidae,
galaxy's,
galba,dealba,alba
galban,albyn,albin,montalban,malbon
galbanum,
galbanums,
galbe,
galbraith,interfaith,graith,wraith,staith,raith,eighth,faith,saith,haith,greith,skaith
galbraithian,
galbreath,mcbeath,sneath,breth,meth,seth,leth,creath,meth-,beth,culbreath,neth,speth,macbeth,heth,eldreth,gilbreath,peth,shibboleth,sheth,mcbeth,greth,breath,daleth,megadeath,death,marybeth
galbula,
galbulae,
galbulidae,albulidae
galbulinae,
galbulus,
galcaio,
galcha,
galchas,
galchic,
gale,tail,dale,countervail,unveil,dail,nail,ail,rail,coattail,whale,abigail,clydesdale,sale,fail,trail,braille,quale,bail,ponytail,ale,blackmail,vale,travail,faille,soleil,thumbnail,snail,hobnail,bale,salle,brail,stale,monorail,avail,swale,zale,mail,horsetail,voicemail,cocktail,orrell,greenmail,taille,pale,wale,derail,guardrail,martingale,dwale,gmail,surveil,calle,airmail,toenail,veil,vail,pail,handrail,tale,foxtail,gail,male,airedale,resale,prevail,telltale,kail,sail,wail,frail,scale,email,inhale,quail,kale,fantail,gael,upscale,yale,grail,biennale,impale,entail,wholesale,folktale,hale,dovetail,shale,hail,female,retail,assail,curtail,cale,fairytale,exhale,flail,jail,detail
galea,palea,dalea,ofelia,alitalia,centralia,calea,portugalia,westphalia
galeae,aly,wally,kaley,daly,staley,baley,bayly,reiley,dailey,stalely,gailey,cayley,disraeli,bailie,frailey,bailly,quaily,haily,baillie,kaylie,fraley,daley,scaly,paleae,railey,hayley,bailey,frailly,whaley,baily,galey,hailey,baylee,brailey,galei,maly,flaily,grayly,ukulele,bally,gayly,israeli,paley,palely,aley,daily,bayley,taillie,bi-daily,qualey,dayley,galie,faley,fraleigh,ailey,maley,halley,caley,reilley,salii,scali,vallely,waley,mayle,gaily,greyly,bailee,scaley,haley
galeage,
galeao,
galeas,israelis,dailies,baileys,palis
galeass,
galeate,maleate,playlet,malate
galeated,
galeche,
gale-driven,
galee,
galeeny,
galeenies,
galega,malaga
galegine,
galei,aly,wally,kaley,daly,staley,baley,bayly,reiley,dailey,stalely,gailey,cayley,disraeli,bailie,frailey,bailly,quaily,haily,baillie,kaylie,fraley,daley,scaly,paleae,railey,hayley,bailey,frailly,whaley,baily,galey,hailey,baylee,brailey,maly,flaily,grayly,ukulele,bally,gayly,israeli,paley,palely,aley,daily,bayley,galeae,taillie,qualey,bi-daily,dayley,galie,faley,fraleigh,ailey,maley,halley,caley,reilley,salii,scali,vallely,waley,mayle,gaily,greyly,bailee,scaley,haley
galey,aly,wally,kaley,daly,staley,baley,bayly,reiley,dailey,stalely,gailey,cayley,disraeli,bailie,frailey,bailly,quaily,haily,baillie,kaylie,fraley,daley,scaly,paleae,railey,hayley,bailey,frailly,whaley,baily,baylee,hailey,brailey,galei,maly,flaily,grayly,ukulele,bally,gayly,israeli,paley,palely,aley,daily,bayley,galeae,taillie,qualey,bi-daily,dayley,galie,faley,fraleigh,ailey,maley,halley,caley,reilley,salii,scali,vallely,waley,mayle,gaily,greyly,bailee,scaley,haley
galeid,
galeidae,
galeiform,
galempong,
galempung,
galen,venezuelan,veillon,bailin,bailyn,kalan,malan,balan,neylon,galan,phenolphthalein,baylen,walen,calan,bailon,whalen,taillon,keylon,kalen,beilin,alun,caylin,malin
galena,verbena,hyena,selena,irina,rosina,marina,siena,serena,domina,arena,alcina,melvina,christina,lina,messina,angelina,serafina,vina,gardena,pyrena,alina,purina,albina,dina,argentina,davina,georgina,vaccina,cantina,hercegovina,macarena,molina,farina,jeana,cadena,semolina,katrina,faena,zena,nina,cortina,gina,erina,athena,ianthina,latina,sheena,patina,proserpina,cristina,fraena,magdalena,vena,herzegovina,sabrina,martina,krajina,quina,pina,sardina,catalina,seraphina,reina,catena,ina,xena,regina,sabina,jena,rowena,concertina,florentina,edina,gallina,avina,salina,bettina,neenah,spina,mina,subpoena,ballerina,dena,tina,lena,sabena,veena,covina,medina,bina,valentina,adina,philomena,rena,mena,celina,rina,cartagena
galenas,
galenian,
galenic,
galenical,ecumenical,senechal,identical,cenacle,senecal
galenism,
galenist,
galenite,allanite,fahlunite,alunite,balanite
galenites,
galenobismutite,
galenoid,
galenus,
galeod,
galeodes,
galeodidae,
galeoid,
galeopithecus,
galeopsis,
galeorchis,
galeorhinidae,
galeorhinus,
galeproof,
galer,haler,kaler,seyller,brailler,seyler,baler,mailer,naylor,paler,caylor,talar,jailer,staebler,railer,wholesaler,nailer,frailer,taler,teetotaler,retailer,roadrailer,aylor,saylor,kaylor,whaler,ailor,paylor,ayler,inhaler,trailer,waler,sailor,bailor,semitrailer,caler,tayler,vailer,scalar,greenmailer,sayler,malar,thaler,scaler,wailer,traylor,faler,shaler,tailor,taylor,maler,sailer,gaylor,failor,staler,baylor,bailer,gayler,nailor,eyler,jailor,hailer
galera,
galere,railleur,tailleur
galeres,
galericulate,
galerie,
galerite,
galerum,
galerus,
gales,curtails,thales,chontales,regales,females,wholesales,prevails,tales,airedales,cat-o-nine-tails,horsetails,nails,retails,travails,brailles,bailes,vales,wailes,vails,wales,cales,sails,kayles,ayles,swales,entails,ailes,scales,stales,bails,galles,ales,hails,swailes,alles,fingernails,gayles,rales,resales,hailes,sales,bloomingdales,fairytales,details,unveils,versailles,pales,fails,handrails,hayles,coattails,telltales,emails,clinkscales,swails,dales,ails,assails,fales,quayles,bales,pails,mails,bayles,veils,whales,shales,quails,calles,flails,males,abimaels,toenails,tails,snails,derails,rails,frails,valles,jails,sayles,guardrails,cocktails,balles,trails,dovetails,wails,qualls,hales,impales,monorails
galesaur,
galesaurus,
galesburg,
galesville,
galet,
galeton,
galette,ailette,paillette,re-let
galeus,
galewort,
galga,
galgal,
galgulidae,
gali,fawley,walley,macaulay,ollie,akali,hollie,hawley,cawley,dollie,drawly,smalley,rollie,rolley,ali,callee,folly,whally,colly,polly,kolli,molly,natale,imperiale,papale,dawley,smally,lolly,pauli,crawly,duopoly,bali,brawley,solley,vitaly,olly,jolly,rawly,solly,holley,crawley,golly,trolley,jolley,loblolly,murali,bialy,mexicali,internationale,mollie,hallie,callie,bengali,brolly,prolly,vallie,pauly,dali,casale,diwali,raleigh,dolly,vitali,squali,lolli,scali,cali,nepali,mali,wally,holly,blolly,macauley,melancholy,sprawly,collie,brawly,mccauley,drolly,scrawly,rawley,colley,canale,volley,scholy,cardinale,poly,aalii,pawley,squally,dolley,somali,tallie,kigali,poly-
galyac,
galyacs,
galyak,
galyaks,
galianes,
galibi,
galibis,
galicia,letitia
galician,cilician
galictis,
galidia,
galidictis,
galien,
galik,salique,hallock,gallik,salick,blalack,grallic,phallic,malloch,lalique,paluch,dalek,mallek,phthalic,thallic,schallock,gallic,mallick,halleck,italic,paluck,halik,malick,gallick,aleck,malik,fralick,balak,taluk,malak,mihalic,tlaloc,salak,metallic,anencephalic
galilean,european,peon,feehan,tennessean,streen,heon,achaean,mckeon,maccabean,sheehan,jacobean,asean,pheon,skreen,meehan,tween,eon,aegean,creon,wheen,plebeian,crimean,mycenaean,breon,cleon,vian,cyclopean,theon,fleen,sofian,gleen,eritrean,meighan,sheahan,paean,epicurean,caribbean,korean,abyssinian,protean,boolean,stean,fujian,rijn,homosapien,indo-european,teahan,ian,jian
galilee,agree,oversee,p,ye,ree,gee,precis,free,t,potpourri,flea,de,scree,pony,kabuki,e,trustee,xi,reality,tree,ghee,he,z,me,qi,marquee,turnkey,bourgeoisie,actuary,indri,foresee,guarantee,nestle,she,idiosyncrasy,payee,key,d,decree,syncope,pre,be,partee,asap,cc,ne,lea,guaranty,carefree,thee,wee,banshee,quay,tv,lee,g,pea,dee,tee,apogee,glee,hee,plea,b,emcee,si,sea,machete,tea,v,see,mi,lessee,knee,c,debris,di,sunday,calliope,ski,degree,spree,referee,yee,pee,hyperbole,jubilee,we,three,cree,fee,repartee,flee,hawaii,bee,nee,ac,esprit,snee,marquis
galilees,
galilei,
galileo,leo,judeo,matteo,pleio-,cacao,demayo,teo,anzio,mayo,neo,keough,lacayo,pleo-,castio,lmfao,mindanao,georgio,hideo,geo,keogh,yoshio,rio,takeo,deyo,ayo,maio,bartolomeo,aguayo,tokio,deyoe,keo,coolio,stdio,yukio,trujillo,theo,montevideo,seo,keio,pelayo,theo-,pleio,mateo,meo,yeo,deo,rheo-,moncayo,clio,castillo,cleo,reo
galili,
galimatias,
galina,verbena,hyena,selena,irina,rosina,marina,siena,serena,domina,arena,alcina,melvina,christina,lina,messina,angelina,serafina,vina,gardena,pyrena,alina,purina,albina,dina,argentina,davina,georgina,vaccina,cantina,hercegovina,macarena,molina,farina,jeana,cadena,semolina,katrina,faena,zena,nina,cortina,gina,erina,athena,ianthina,latina,sheena,patina,proserpina,cristina,fraena,magdalena,vena,herzegovina,sabrina,martina,krajina,quina,pina,sardina,galena,catalina,seraphina,reina,catena,ina,xena,regina,sabina,jena,rowena,concertina,florentina,edina,gallina,avina,salina,bettina,neenah,spina,mina,subpoena,ballerina,dena,tina,lena,sabena,veena,covina,medina,bina,valentina,adina,philomena,rena,mena,celina,rina,cartagena
galinaceous,
galingale,
galinsoga,
galinthias,
galion,episcopalian,pygmalion,mammalian,australian,talion
galiongee,
galionji,
galiot,aleut
galiots,
galipidine,
galipine,
galipoidin,
galipoidine,
galipoipin,
galipot,talipot,gallipot
galipots,
galitea,
galium,valium,kalium
galivant,
galivanted,
galivanting,
galivants,
galjoen,
gall,oddball,moll,gaul,softball,enthral,ethanol,eyeball,hall,catcall,cannonball,shawl,overall,overhaul,caul,doll,senegal,banal,fastball,pall,mall,install,waterfall,pratfall,natal,ball,nightfall,raul,wall,drawl,football,nepal,forestall,baseball,crawl,tall,dahl,paul,snowball,protocol,cholesterol,retinol,fireball,windfall,downfall,haul,squall,catchall,rainfall,footfall,aerosol,all,volleyball,stall,alcohol,sol,tal,coll,bol,screwball,loll,scrawl,mol,dall,befall,pitfall,luminol,sprawl,saul,drywall,butterball,recall,handball,bawl,stonewall,wherewithal,landfall,thrall,mothball,blackball,dol,appall,hardball,shortfall,basketball,pol,fall,neanderthal,call,maul,spall,cabal,small,freefall,cortisol,atoll,meatball,trawl,brawl
galla,challah,galah,falla,abdalla,ramallah,lutfalla,valhalla,abdallah,halla,attalla,skalla,kalla,hallah,calah,balla,salaah,dalla,spalla,mccalla,fadlallah,pallah,calla,halah,duffala,ocala,phalloplasty,lalla,valla,gala,yalah,salah,palla
gallacetophenone,
gallach,
gallager,astrologer
gallagher,balaguer
gallah,
gallamine,
gallanilide,
gallant,valent,talent,salant,alaunt
gallanted,talented
gallanting,
gallantize,
gallantly,
gallantness,
gallantry,
gallantries,
gallants,talents
gallard,bard,dillard,boulevard,flashcard,marred,chard,schoolyard,diehard,disbarred,gaspard,junkyard,blvd,belgard,scorecard,picard,chouinard,churchyard,graveyard,stockyard,carde,gard,safeguard,disregard,sparred,dockyard,knarred,lard,avant-garde,vcard,brickyard,scarred,bombard,ard,wildcard,gnarred,yard,garde,vanguard,jarred,guard,card,nard,mastercard,regard,billard,parred,starred,lazard,lifeguard,shard,renard,blowhard,backyard,menard,barde,discard,canard,broussard,boatyard,pickard,bankcard,scard,barnyard,retard,barred,bernard,postcard,gerard,barnard,bodyguard,bouchard,charred,farmyard,beauregard,shipyard,tared,lumberyard,hard,godard,leotard,fugard,courtyard,bongard,tarred
gallas,galahs,palas,calas,hallas,kallas,vallas,talas,callas,talos,ballas
gallate,smollett,pollet,tollett,wallet,swallet,polit,follett,pollett,mollet,pollitt,chavalit,defollet,hollett,mollett,collet,collett
gallates,
gallatin,malleton,ballotin
gallature,
gallaudet,
gallaway,fillet,vertebrae,convey,astray,repay,may,hay,stray,betray,pray,mainstay,jay,ballet,soiree,usa,gay,hey,say,essay,lei,heyday,allay,ok,obey,latte,k,portray,underway,gainsay,valet,protege,weigh,gateway,entree,fiance,asea,yay,buffet,cache,delay,dna,sway,anyway,they,display,overlay,way,spray,ray,gray,quay,gourmet,sachet,pay,halfway,today,leeway,j,bay,inlay,everyday,bray,survey,cliche,railway,day,splay,waylay,prey,okay,sobriquet,resume,friday,disarray,dismay,fey,decay,lay,passe,fray,sunday,relay,cafe,away,melee,stay,x-ray,grey,play,dossier,re,clay,tray,yea,array,lingerie,holiday,bouquet,slay,nay
gallberry,gall-berry
gallberries,
gallbladder,brader,sadder,madar,kadar,madder,ladder,adder,bader,shadur,madere,padar,stepladder,badder,bladder,gadder,radder,addar,gladder,padder
gallbladders,
gallbush,
galle,tail,fillet,convey,rail,may,stray,betray,whale,pray,sale,fail,trail,bail,ale,soiree,gay,vale,say,essay,travail,allay,bale,ok,k,stale,underway,gainsay,portray,valet,avail,weigh,entree,mail,fiance,asea,buffet,cache,cocktail,pale,delay,dna,sway,they,display,overlay,way,spray,ray,gray,quay,gourmet,veil,pay,leeway,tale,bay,gale,inlay,everyday,prevail,survey,cliche,day,waylay,prey,sobriquet,resume,sail,wail,frail,dismay,scale,fey,email,decay,lay,passe,fray,relay,quail,cafe,away,melee,stay,grey,play,dossier,re,clay,entail,array,holiday,hale,hail,retail,slay,assail,curtail,nail,detail
galleass,
galleasses,
galled,cauld,auld,rosenwald,steigerwald,greenwald,thorvald,freiwald,edwald,schoenwald,walled,uncalled,fernald,bald,squalled,grunwald,walde,braunwald,enthralled,mothballed,snowballed,forestalled,drawled,dolled,piebald,balled,stonewalled,romuald,socalled,buchenwald,brawled,palled,spauld,reinstalled,called,appalled,scrolled,sprawled,hauled,hald,evald,stalled,scald,trawled,scrawled,mauled,archibald,bawled,crawled,scalled,overhauled,installed,fauld,recalled,so-called,lolled,reinwald,seewald,wald,grinald
gallegan,ocallaghan,halligan,calligan,galligan,zalygin
gallegos,galagos
galley,nalley,malley,sallee,allie,cavalli,valli,mcnally,alley,vallee,galli,dalley,calley,graley,talley,shaly,whalley,verbally,vitaly,thalli,phalli,braley,mally,challis,rally,pally,hally,tally,gally,bally,raley,mallei,shali,mcanally,sally,salley,mcannally,lalley,dally,dillydally,mccalley,halle,mcgalley,straley,stahley,omalley,vitale,delvalle,bralley,devalle,halley,scally,alli,lalli,lally,balli,cally,sallie,shalli,vallely,calli,finale,cali,palae,mcnalley,nally,valley,alie,ranalli
galley-fashion,
galleylike,
galleyman,
galley-man,
gallein,thallene
galleine,
galleins,
galleypot,
galleys,tallies,rallies,tallis,callies,sallies,valleys,alleys,alys
galley's,
galley-slave,
galley-tile,
galley-west,
galleyworm,
gallenz,
galleon,gallian,galyean,stahlian
galleons,allianz
galler,color,haller,aller,taller,mauler,saller,scrawler,smaller,caller,allor,kahler,hollar,drawler,ballor,staller,goller,brawler,hauler,schaller,faller,lollar,holler,lawler,woller,cashdollar,squalor,moller,zoller,wahler,montrealer,dollar,installer,loller,trawler,schwaller,eurodollar,petrodollar,bluecollar,stahler,soller,boller,collar,voller,crawler,scholar,bawler,waller,maller,kollar,koller,baller,bahler,zahler,collor,coller,squaller,siebenaler,sprawler,oller,mahler,lawlor
gallera,
gallery,valery,callery,salary,mallory,valerie,vallery,mallery,calorie
galleria,tanzania,atypia,dia,zia,rhea,sofia,cytherea,sophia,rosalia,belyea,subia,idea,gonorrhea,duryea,leah,ikea,thea,galeria,berea,orea,theia,ia,corea,eritrea,dhia,pia,pcmcia,medea,dulcinea,urea,pizzeria,panacea,chia,nicosia,cananea,galatea,garcia,kania,perea,freia,alethea,ria,logophilia,asea,hosea,bria,tia,cheoplasty,jia,korea,onomatopeia,diarrhea,mia,crimea,snia,urrea,diarrhoea,desmoplasia,lia,stria,tortilla,judea,dorothea,anamaria,aliyah,abyssinia,shiah,basophilia,samaria,killilea,maria,keziah,neoplasty,hialeah,caesarea,dyspnea,gaea,shia,althea,brachia,yttria
gallerian,
galleried,
galleries,salaries,calories,galeries
gallerygoer,
galleriidae,
galleriies,
gallerying,
galleryite,
gallerylike,
gallet,pallett,hallet,mallett,palate,palet,salat,sallet,palette,calotte,callet,kalat,callot,salaat,shallot,hallett,ballot,vallot,fallot,mallet,tallit,callat,malet,pallet,dalit
galleta,kaleta,galata,ballota,balata,alata
galletas,
galleted,
galleting,
gallets,
gallfly,
gall-fly,
gallflies,
gallflower,
galli,nalley,galley,malley,sallee,allie,cavalli,valli,mcnally,alley,vallee,dalley,calley,graley,talley,shaly,whalley,verbally,vitaly,thalli,phalli,braley,mally,challis,rally,pally,hally,tally,gally,bally,raley,mallei,shali,mcanally,sally,salley,mcannally,lalley,dally,dillydally,mccalley,halle,mcgalley,straley,stahley,omalley,vitale,delvalle,bralley,devalle,halley,scally,alli,lalli,lally,balli,cally,sallie,shalli,vallely,calli,finale,cali,palae,mcnalley,nally,valley,alie,ranalli
gally,nalley,galley,malley,sallee,allie,cavalli,valli,mcnally,alley,vallee,galli,dalley,calley,graley,talley,shaly,whalley,verbally,vitaly,thalli,phalli,braley,mally,challis,rally,pally,hally,tally,shali,bally,raley,mallei,mcanally,sally,salley,mcannally,lalley,dally,dillydally,mccalley,halle,mcgalley,straley,stahley,omalley,vitale,delvalle,bralley,devalle,halley,scally,alli,lalli,lally,balli,cally,sallie,shalli,vallely,calli,finale,cali,palae,mcnalley,nally,valley,alie,ranalli
gallia,dahlia,italia,aeritalia,valia
galliambic,
galliambus,
gallian,galyean,galleon,stahlian
galliano,giordano,chrono,nano,mano,gaetano,pagano,sedano,catalano,bonanno,delano,siciliano,castano,spano,fasano,castellano,hano,casiano,chicano,caetano,murano,kawano,stano,gargano,tejano,grano,urbano,giuliano,poblano,milano,germano,varano,adriano,soldano,cusimano,veneziano,gano,califano,serrano,solano,hispano,miano,italiano,cristiano,ruano,soprano,montesano,celentano,marano,amano,llano,damiano,brentano,konoe,cyrano,mangano,pantano,dano,toscano,vano,gitano,americano,luciano,balzano,lozano,yano,juliano,mexicano,kano,cano,lano,nagano,morano,nakano,mariano,montano,marciano,ciano,sano,napoletano,soriano,pisano,bazzano,graziano,nano-,feliciano,alfano,triano,capistrano,sirignano,arellano,hirano,anguiano,troiano,capitano,albano,cusano,cipriano,capuano,marcano,lugano
galliard,halliard,palliard
galliardise,
galliardize,
galliardly,
galliardness,
galliards,
galliass,thallious,malleus,palliasse
galliasses,
gallybagger,
gallybeggar,
gallic,salique,hallock,gallik,salick,galik,blalack,grallic,phallic,malloch,lalique,paluch,dalek,mallek,phthalic,thallic,schallock,mallick,halleck,italic,paluck,halik,malick,gallick,aleck,malik,fralick,balak,taluk,malak,mihalic,tlaloc,salak,metallic,anencephalic
gallican,alison,allison,callison,allyson,mallison,alhacen
gallicanism,
galliccally,
gallice,
gallicisation,
gallicise,
gallicised,
galliciser,
gallicising,
gallicism,
gallicisms,
gallicization,
gallicize,
gallicized,
gallicizer,
gallicizing,
gallico,
gallicola,
gallicolae,
gallicole,
gallicolous,
gallycrow,
galli-curci,
gallied,sallied,dallied,alleyed,rallied,tallied
gallienus,
gallies,
galliett,
galliferous,
gallify,
gallification,
galliform,paliform,aliform,ralliform
galliformes,
galligan,ocallaghan,halligan,gallegan,calligan,zalygin
galligantus,
galligaskin,
galligaskins,
gallygaskins,
gallying,
gallimatia,
gallimaufry,
gallimaufries,
gallina,verbena,hyena,selena,irina,rosina,marina,siena,serena,domina,arena,alcina,melvina,christina,lina,messina,angelina,serafina,vina,gardena,pyrena,alina,purina,albina,dina,argentina,davina,georgina,vaccina,cantina,hercegovina,macarena,molina,farina,jeana,cadena,semolina,katrina,faena,zena,nina,cortina,gina,erina,athena,ianthina,latina,sheena,patina,proserpina,cristina,fraena,magdalena,vena,herzegovina,sabrina,martina,krajina,quina,pina,sardina,galena,catalina,seraphina,reina,catena,ina,xena,regina,sabina,jena,rowena,concertina,florentina,edina,avina,salina,bettina,neenah,spina,mina,subpoena,ballerina,dena,tina,lena,sabena,veena,covina,medina,bina,valentina,adina,philomena,rena,mena,celina,rina,cartagena
gallinaceae,
gallinacean,
gallinacei,
gallinaceous,
gallinae,scaleni,alani
gallinaginous,
gallinago,
gallinas,
gallinazo,
galline,
galliney,
galling,stalling,malling,spalling,colling,walling,scrawling,installing,sprawling,calling,recalling,crawling,lolling,spawling,drolling,appalling,brawling,kolling,bawling,mothballing,holling,balling,mauling,drawling,pawling,forestalling,trawling,rawling,hauling,pauling,scrolling,halling,overhauling,squalling,salling,stonewalling,smalling,snowballing,falling
gallingly,drollingly,appallingly,lollingly,crawlingly,brawlingly,collingly
gallingness,
gallinipper,
gallinula,
gallinule,
gallinulelike,
gallinules,
gallinulinae,
gallinuline,
gallion,italian,mccallion,medallion,stallion,battalion,scallion
galliot,balliet,malleate,palliate,galleot
galliots,
gallipoli,
gallipolis,
gallipot,talipot,galipot
gallipots,
gallirallus,
gallish,
gallisin,
gallitzin,
gallium,ballium,thallium,pallium,allium
galliums,
gallivant,
gallivanted,
gallivanter,
gallivanters,
gallivanting,
gallivants,
gallivat,
gallivorous,
galliwasp,
gallywasp,
gallize,
gall-less,
gall-like,
gallman,allman,ahlman,dahlman,kolman,stallman,vollman,holman,kollman,follman,mahlmann,zolman,hollman,smallman,hallman,kallman,dallman,tolman,zollman,bollman,fahlman,mahlman,collman,sahlman,almon,kollmann,bollmann,hollmann,dallmann,ballman,thalmann,wolman,wallman,stahlman,tallman,dolman,zalman,allmon,wollman
gallnut,
gall-nut,
gallnuts,
gallo-,
gallo-briton,
gallocyanin,
gallocyanine,
galloflavin,
galloflavine,
galloglass,
gallo-grecian,
galloman,
gallomania,
gallomaniac,
gallon,allen,talin,balun,mallon,dalen,zahlen,scallon,whalin,vandalen,ballon,phalen,talon,allan,alan,ofallon,ballin,callen,fralin,malon,tallon,scallan,falynn,luallen,galin,falin,phthalin,palen,fallin,callan,mallin,mccallon,chalon,calin,valin,palin,kalin,lallan,shallon,balin,fallon,hallin,malin
gallonage,
galloner,
gallons,kallins,lallans,valens,alans,faluns,halons,chalons,talons,allens
gallon's,
galloon,boon,suine,muldoon,cameroon,lagoon,rune,pantaloon,rangoon,opportune,bassoon,honeymoon,terhune,maroon,koon,gruen,cahoon,saskatoon,cancun,spoon,contrabassoon,noone,attune,jeune,shoon,magoon,immune,croon,tune,witherspoon,commune,kuhn,noon,soon,cardoon,dune,cartoon,shewn,tablespoon,calhoon,monsoon,shoen,picayune,strewn,calhoun,baboon,poon,impugn,laffoon,kroon,teaspoon,raccoon,june,balloon,brune,goon,yoon,cocoon,prune,hoon,moone,mattoon,pontoon,tycoon,bethune,troon,buffoon,saloon,boone,hewn,lampoon,sassoon,inopportune,toon,typhoon,coon,festoon,swoon,platoon,harpoon,clune,midafternoon,suen,loon,moon,afternoon
gallooned,
galloons,
galloot,
galloots,
gallop,dallop,shallop,scallop,salop,galop,gallup,salep,jalap
gallopade,
galloped,
galloper,caliper,scalloper
galloperdix,
gallopers,calipers
gallophile,
gallophilism,
gallophobe,
gallophobia,
galloping,scalloping
gallops,scallops
galloptious,
gallo-rom,
gallo-roman,
gallo-romance,
gallotannate,
gallo-tannate,
gallotannic,
gallo-tannic,
gallotannin,
gallous,follis,hollis,jawless,bialas,naftalis,paulus,clawless,flawless,lawless,molluscs,savalas,wallis,mollusc,molasse,cornwallis,gonzales,scolices,solace,aweless,squalus,gunsalus,collis,lalas,salis,wallace,lawlis,awless
gallovidian,
gallow,barbagallo,tallow,vallo,gallo,ranallo,tallo,rallo,schalow,mondallo,palo,ballo,ballow,pallo,corallo,sallow,sandalo,balow,salow,hallow,hallo,allo-,lallo,caraballo,cavallo,callow,bordallo,mallow,tarallo,balogh,shallow
galloway,fillet,vertebrae,convey,astray,repay,may,hay,stray,betray,pray,mainstay,jay,ballet,soiree,usa,gay,hey,say,essay,lei,heyday,allay,ok,obey,latte,k,portray,underway,gainsay,valet,protege,weigh,gateway,entree,fiance,asea,yay,buffet,cache,delay,dna,sway,anyway,they,display,overlay,way,spray,ray,gray,quay,gourmet,sachet,pay,halfway,today,leeway,j,bay,inlay,everyday,bray,survey,cliche,railway,day,splay,waylay,prey,okay,sobriquet,resume,friday,disarray,dismay,fey,decay,lay,passe,fray,sunday,relay,cafe,away,melee,stay,x-ray,grey,play,dossier,re,clay,tray,yea,array,lingerie,holiday,bouquet,slay,nay
gallowglass,
gallows,mallows,gallos,shallows,callose,hallows,sallows,aloes
gallows-bird,
gallowses,
gallows-grass,
gallowsmaker,
gallowsness,
gallows-tree,
gallowsward,
galls,ryals,bahls,spaceballs,beachballs,softballs,overhauls,mauls,dols,halls,idaho-falls,sauls,installs,waterfalls,marshalls,pitfalls,mcgols,gauls,crawls,schmalz,hauls,eyeballs,baseballs,dalles,casals,shawls,footballs,ralls,pauls,lolls,recalls,meatballs,neanderthals,balls,balz,falls,salz,colles,rawls,scrawls,walls,catcalls,rawles,stalls,fireballs,walz,sprawls,aerosols,reinstalls,drawls,windfalls,squalls,forestalls,trawls,alls,mcfalls,handballs,brawls,shortfalls,malls,riyals,smalls,bawls,oddballs,coveralls,pratfalls,dolls,rainfalls,snowballs,fastballs,appalls,befalls,trackballs,valls,protocols,overalls,butterballs,salls,palls,ingalls,basketballs,mothballs,qualls,nalls,calls,paules
gallstone,whetstone,moonstone,rhinestone,cicerone,silicone,capstone,unknown,jawbone,tone,known,crone,hormone,scone,loan,keystone,flown,sloan,bemoan,grown,overthrown,cornerstone,shone,cyclone,phone,postpone,telephone,prone,chaperone,testosterone,blown,lodestone,backbone,t-bone,cologne,atone,shown,overblown,drone,sewn,mone,disown,cone,undertone,tombstone,collarbone,anemone,lone,overtone,rhone,joan,megaphone,homegrown,millstone,touchstone,condone,throne,trombone,sown,groan,fone,pheromone,mon,argonne,rone,milestone,sharon,roan,thrown,francophone,stone,headstone,intone,xylophone,simone,monotone,ozone,earphone,hone,capone,own,bone,acetone,gladstone,allophone,microphone,moan,baritone,headphone,zone,clone,limestone,saxophone,brownstone,cobblestone,alone,gemstone,homophone,leone
gall-stone,
gallstones,halftones,crones,groans,intones,airfones,bones,thrones,joens,homophones,thoennes,megaphones,undertones,phones,scones,earphones,hipbones,cobblestones,moans,limestones,koans,keystones,gravestones,unknowns,bemoans,tombstones,saxophones,allophones,mones,pheromones,trombones,hormones,baritones,cones,postpones,drones,owns,madstones,overtones,backbones,flintstones,knowns,loans,cornerstones,gladstones,gemstones,goans,rhinestones,daimones,moonstones,stones,telephones,trones,milestones,crossbones,reesjones,romanones,chaperones,soens,goens,tones,lohnes,cheekbones,headstones,cyclones,zones,hailstones,businessphones,lones,hones,sones,condones,leones,headphones,clones,silicones,jones,microphones,cherrystones,quinones,flagstones,interacciones,rhys-jones,roans,fones
galluot,
gallup,dallop,shallop,scallop,gallop,salop,galop,salep,jalap
galluptious,
gallupville,
gallus,ballasts,thallus,mallis,chalice,kallus,chalices,callis,calices,dallas,callace,kalis,digitalis,malice,daedalus,dalis,pallas,borealis,alice,palace,balas,sallis,callous,phallus,rallis,fallis,vallis,kallis,maryalice,kansallis,thallous,galus,kalous,valis,ilalis,callus,braless,calice,corvallis,salus,prothallus
gallused,
galluses,
gallweed,
gallwort,
galoch,
galofalo,
galois,
galoisian,
galoot,belute
galoots,
galop,dallop,shallop,scallop,gallop,salop,gallup,salep,jalap
galopade,
galopades,
galoped,
galopin,
galoping,
galops,
galore,abhor,wore,dior,thor,mor,restore,core,doar,swore,carnivore,onshore,crore,bore,labrador,more,shore,ignore,eyesore,ecuador,commodore,gore,or,torr,moore,ore,bookstore,troubadour,furthermore,indoor,drawer,offshore,singapore,cor,hoar,implore,mentor,for,flor,folklore,floor,therefore,whore,adore,therefor,lore,decor,sycamore,war,lor,encore,guarantor,stevedore,before,spore,herbivore,oar,tore,dinosaur,snore,backdoor,your,dore,matador,fore,seashore,store,heretofore,sore,sophomore,boer,salvador,outdoor,evermore,uproar,orr,score,underscore,corps,ashore,deplore,pore,yore,hardcore,nor,pour,roar,rapport,door,anymore,chore,soar,four,tor,drugstore,explore,boar,centaur
galores,
galosh,gosh,kosh,hosch,slosh,rosch,swash,splosh,prosch,lawshe,pugwash,backwash,macintosh,frosh,kosch,losch,skosh,swosh,mccosh,gosch,vandenbosch,ghosh,santosh,mosh,bosch,tosch,grosch,radosh,coshh,awash,brosch,closh,panache,mackintosh,baasch,raasch,josh,mouthwash,brainwash,frosch,antosh,wash,posh,milosh,braasch,losh,brosh,osh,shipwash,whitewash,brosz,grosh,dosh,squash,goulash,tosh,stellenbosch,hogwash,paasch,mcintosh,oshkosh,natchitoches,wasch,rosh,bosh,quash,flosh,posch,hasz,trosch,prakash,dosch
galoshe,kalish,calash,italish,balash
galoshed,
galoshes,squashes,boshes,noshes,coshes,sloshes,macintoshes,brainwashes,margoshes,washes,quashes,matias
galoubet,
galp,
galravage,
galravitch,
gals,decals,als,canals,pals,rationales,locales,pfalz,spalls,morales,thralls
galsworthy,worthey,airworthy,kenworthy,untrustworthy,noteworthy,praiseworthy,foxworthy,goldsworthy,noseworthy,creditworthy,unworthy,newsworthy,worthy,trustworthy
galt,renault,galipault,treuhandanstalt,nault,brault,perrault,pinault,fault,vault,basalt,dault,salt,assault,asphalt,kuralt,mault,alt,thunderbolt,hanawalt,kreditanstalt,exalt,rachelvolt,cobalt,faribault,hault,sault,anawalt,somersault,kalt,pennwalt,malt,halt,ault,gault,walt,greenawalt,ehrenhalt,default,creditanstalt,covault,pinsoneault,stirewalt
galton,talton,calton,halton
galtonia,
galtonian,
galtrap,
galuchat,
galumph,
galumphed,
galumphing,
galumphs,
galumptious,
galuppi,
galusha,falasha
galut,
galuth,
galv,
galva,
galvayne,
galvayned,
galvayning,
galvan,neutron,dawn,pecan,quan,ron,epsilon,wan,salon,pantheon,john,coupon,octagon,oberon,automaton,boron,crayon,withdrawn,baton,marathon,prawn,flawn,axon,oman,babylon,paragon,celadon,pawn,bon,lexicon,echelon,antiphon,micron,gone,mastodon,iran,woebegone,non,foregone,meson,exon,khan,photon,drawn,aileron,denouement,gabon,upon,lawn,han,nylon,swan,aragon,yawn,liaison,phenomenon,hon,avalon,argon,rapprochement,bygone,forgone,yon,tron,chiffon,amadon,proton,sean,hexagon,fawn,polygon,pylon,pentagon,yuan,pion,juan,oregon,spawn,moron,hogan,agamemnon,don,capon,radon,on,carillon,con,emoticon,braun,parmesan,amazon,brawn
galvani,
galvanic,hispanic,yanick,jannock,banick,magellanic,yannick,manic,volcanic,nanak,rappahannock,danek,manik,subvolcanic,inorganic,hovanec,fanuc,franek,tanakh,brannock,panek,telemecanique,titanic,bannick,panic,yanik,midlantic,transoceanic,panik,oceanic,transatlantic,hannoch,germanic,banik,stefanic,stanek,cannock,mechanic,botanic,mazanec,stannic,stefanik,zanuck,koranic,janak,bannock,janik,organic,satanic,banach,gananoque,urbanik,brannick,chovanec,manak,janicke,ganic,janick,tannic,romanik,tympanic,kanak,atlantic,gigantic,messianic,szczepanik
galvanical,
galvanically,
galvanisation,
galvanise,calvinize
galvanised,
galvaniser,
galvanising,
galvanism,calvinism
galvanist,
galvanization,
galvanizations,
galvanize,authorize,stigmatize,despise,minimize,analyze,eyes,baptize,organize,finalize,ties,crystallize,capsize,rise,mesmerize,emprise,devise,proselytize,jeopardize,recognize,epitomize,familiarize,maximize,catalyze,merchandise,reprise,synthesize,ostracize,hypothesize,guys,chastise,synchronize,lies,plagiarize,exercise,antagonize,optimize,allies,advertise,apologize,amortize,demise,polarize,rationalize,surmise,advise,marginalize,materialize,patronize,emphasize,realize,subsidize,flies,mobilize,comprise,metastasize,size,supervise,likewise,surprise,disguise,summarize,mize,lionize,harmonize,customize,criticize,revitalize,visualize,belies,sympathize,supplies,pulverize,utilize,empathize,sunrise,otherwise,fries,tantalize,socialize,prioritize,capitalize,prize,guise,stabilize,wise,disenfranchise,apprise,aggrandize,characterize,energize,memorize,enterprise,scrutinize,arise,compromise,revise,franchise,improvise,paralyze,prise
galvanized,advertised,disguised,energized,realized,disenfranchised,revised,authorized,advised,customized,unorganized,exercised,personalized,subsidized,synthesized,crystallized,capsized,prised,prized,caramelized,demoralized,devised,synchronized,specialized,patronized,metastasized,outsized,stylized,balkanized,improvised,agonized,epitomized,despised,circumcised,ostracized,incised,centralized,disorganized,undisguised,idealized,decentralized,utilized,pressurized,capitalized,amortized,standardized,comprised,familiarized,normalized,formalized,paralyzed,mesmerized,oversized,publicized,organized,harmonized,stigmatized,excised,analyzed,unrecognized,apologized,penalized,fossilized,civilized,canonized,characterized,jeopardized,motorized,mechanized,itemized,criticized,categorized,finalized,homogenized,surmised,antagonized,annualized,underutilized,pasteurized,scrutinized,polarized,unauthorized,computerized,emphasized,hypnotized,baptized,naturalized,desensitized,stabilized,marginalized,generalized,localized,globalized,sized,recognized,chastised,apprised,urbanized,surprised,traumatized,compromised
galvanizer,
galvanizers,
galvanizes,energizes,emphasizes,enfranchises,prizes,customizes,excises,crystallizes,marginalizes,mischaracterizes,hypnotizes,supervises,hellenizes,utilizes,jeopardizes,wises,legitimizes,enterprises,arises,lyses,characterizes,franchises,equalizes,recognizes,apologizes,formalizes,synchronizes,alphabetizes,humanizes,advises,dieses,realizes,itemizes,scrutinizes,surmises,categorizes,harmonizes,sympathizes,depressurizes,monopolizes,comprises,downsizes,sizes,economizes,advertises,paralyzes,devises,exercises,minimizes,sensationalizes,prioritizes,capitalizes,criticizes,specializes,normalizes,satirizes,rises,idolizes,polarizes,improvises,chastises,guises,symbolizes,terrorizes,tantalizes,democratizes,immunizes,surprises,materializes,departmentalizes,liberalizes,maximizes,revises,summarizes,prises,rhapsodizes,dramatizes,disguises,memorizes,demilitarizes,fantasizes,neutralizes,stabilizes,phizes,analyzes,compromises,fertilizes,brutalizes,overemphasizes,organizes,pressurizes,authorizes,epitomizes,despises,demobilizes,mises,ironizes,agonizes,idealizes,subsidizes,polymerizes
galvanizing,crystallizing,publicizing,energizing,merchandising,recognizing,temporizing,amortizing,synthesizing,patronizing,mobilizing,stabilizing,despising,analyzing,improvising,monopolizing,revitalizing,theorizing,downsizing,scrutinizing,satirizing,demonizing,editorializing,utilizing,customizing,demoralizing,lysing,subsidizing,centralizing,aggrandizing,paralyzing,ionizing,democratizing,prizing,modernizing,polarizing,verbalizing,summarizing,self-aggrandizing,immobilizing,standardizing,comprising,digitizing,revising,dehumanizing,mesmerizing,harmonizing,alphabetizing,oxidizing,sizing,surprising,finalizing,realizing,minimizing,specializing,organizing,maximizing,proselytizing,unsurprising,arising,sanitizing,fantasizing,enterprising,visualizing,emphasizing,uprising,devising,appetizing,tranquilizing,womanizing,prioritizing,advertising,antagonizing,disguising,normalizing,memorizing,tantalizing,wising,generalizing,jeopardizing,neutralizing,immunizing,unappetizing,exercising,supervising,compromising,rationalizing,characterizing,authorizing,destabilizing,advising,capitalizing,chastising,fraternizing,rising,socializing,criticizing,apologizing,moralizing,synchronizing,stigmatizing
galvano-,galvano
galvanocautery,
galvanocauteries,
galvanocauterization,
galvanocontractility,
galvanofaradization,
galvanoglyph,
galvanoglyphy,
galvanograph,
galvanography,
galvanographic,
galvanolysis,
galvanology,
galvanologist,
galvanomagnet,
galvanomagnetic,
galvanomagnetism,
galvanometer,
galvanometers,
galvanometry,
galvanometric,
galvanometrical,
galvanometrically,
galvanoplasty,
galvanoplastic,
galvanoplastical,
galvanoplastically,
galvanoplastics,
galvanopsychic,
galvanopuncture,
galvanoscope,
galvanoscopy,
galvanoscopic,
galvanosurgery,
galvanotactic,
galvanotaxis,
galvanotherapy,
galvanothermy,
galvanothermometer,
galvanotonic,
galvanotropic,
galvanotropism,
galven,
galveston,
galvin,alvin,calvin,alvan,malvin
galvo,
galvvanoscopy,
galway,holway
galways,
galwegian,
galziekte,
gam,
gam-,
gama,naamah,lama,salama,bramah,broma,valderrama,arzama,cama,akiyama,cauma,groma,chroma,obama,drama,fukuyama,melodrama,nishiyama,trauma,hama,yokohama,homoplasty,pajama,kama,kodama,balderrama,yoneyama,kuriyama,dhlakama,maddamma,croma,fujiyama,somma,kageyama,fama,bernama,bahama,oyama,nakayama,guadarrama,schama,hirayama,kaama,comma,yokoyama,takayama,murayama,slama,katayama,kashiyama,nakama,toyama,sama,osama,sugiyama,aoyama,gyuhama,squama,halama,aldama,tama,maruyama,dama,rama,koyama,glomma,llama,mama,momma,algamaa,mamma,saitama
gamages,
gamahe,
gamay,
gamays,
gamal,oddball,moll,gaul,softball,enthral,ethanol,eyeball,hall,catcall,cannonball,shawl,overall,overhaul,caul,doll,senegal,banal,fastball,pall,mall,install,waterfall,pratfall,natal,ball,nightfall,raul,wall,drawl,football,nepal,forestall,baseball,crawl,tall,dahl,gall,paul,snowball,protocol,cholesterol,retinol,fireball,windfall,downfall,haul,squall,catchall,rainfall,footfall,aerosol,all,volleyball,stall,alcohol,sol,tal,coll,bol,screwball,loll,scrawl,dall,befall,pitfall,luminol,sprawl,saul,drywall,butterball,recall,handball,bawl,stonewall,wherewithal,landfall,thrall,mothball,blackball,dol,appall,hardball,shortfall,basketball,pol,fall,neanderthal,call,maul,spall,cabal,small,freefall,cortisol,atoll,meatball,trawl,brawl
gamali,
gamaliel,
gamari,
gamas,
gamash,
gamashes,
gamasid,
gamasidae,
gamasoidea,
gamb,
gamba,bamba,kamba,dicamba
gambade,
gambades,
gambado,
gambadoes,
gambados,
gambang,
gambart,
gambas,ambos,jambos
gambe,
gambeer,
gambeered,
gambeering,
gambell,
gambelli,
gamber,kamber,schamber,camber,bamber,clamber,amber,cambre
gambes,
gambeson,gambison,ambustion
gambesons,
gambet,gambit,ambit,spambot
gambetta,
gambette,
gambi,
gambia,senegambia,cambia,escambia,zambia
gambiae,
gambian,ambien,zambian
gambians,
gambias,
gambier,
gambiers,
gambir,ambre,sambar,sambur,chambre,tambour
gambirs,
gambist,
gambit,gambet,ambit,spambot
gambits,ambits
gamble,gambol,preamble,bramble,sambal,cambell,amble,yambol,ramble,unscramble,campbell,famble,hamble,shamble,tramble,scamble,scramble,stambul
gambled,ambled,scrambled,gambolled,brambled,shambled,rambled
gambler,ambler,rambler
gamblers,ramblers
gambles,gambols,scrambles,campbells,shambles,rambles,ambles,brambles
gamblesome,
gamblesomeness,
gambling,grambling,scrambling,ambling,scambling,brambling,rambling,shambling
gambodic,
gamboge,camboge
gamboges,
gambogian,
gambogic,
gamboised,
gambol,preamble,bramble,sambal,cambell,amble,yambol,ramble,unscramble,campbell,famble,hamble,shamble,tramble,scamble,gamble,scramble,stambul
gamboled,
gamboler,
gamboling,
gambolled,ambled,scrambled,brambled,shambled,rambled,gambled
gamboller,
gambolling,
gambols,scrambles,campbells,shambles,gambles,rambles,ambles,brambles
gambone,
gambrel,chambrel,cambrel,gambrell,gambrill
gambreled,
gambrell,chambrel,gambrel,cambrel,gambrill
gambrelled,
gambrel-roofed,
gambrels,
gambrill,chambrel,gambrel,cambrel,gambrell
gambrills,
gambrinus,gambrinous
gambroon,
gambs,
gambusia,
gambusias,
gambut,
gamdeboo,
gamdia,
game,became,flaim,came,proclaim,graeme,claim,baim,aime,inflame,sejm,boardgame,ame,overcame,aflame,whame,airframe,brandname,counterclaim,lame,damme,flame,ysame,dame,blame,aspartame,ballgame,surname,exclaim,mame,shame,reclaim,bleyme,grame,same,timeframe,brame,cname,squame,maim,fame,tame,frame,disclaim,declaim,boehme,boehm,aim,ashame,name,videogame,rename,rhame,haim,defame,mainframe,nickname,bame,acclaim
gamebag,
gameball,
gamecock,livestock,shylock,hoc,mohawk,crosswalk,flock,stalk,catwalk,roadblock,bangkok,pock,tock,bach,airlock,glock,croc,matlock,woodcock,bedrock,boardwalk,gridlock,iraq,crosstalk,hawk,unlock,peacock,oarlock,padlock,doc,mach,rock,baulk,block,interlock,hancock,knock,chalk,ad-hoc,roc,aftershock,hollyhock,havelock,wok,shamrock,bock,brock,bok,nock,schlock,bloch,jaywalk,frock,loch,locke,salk,goshawk,jock,nighthawk,shock,hock,hemlock,antioch,caulk,spock,lock,gawk,dock,balk,wedlock,toque,och,poppycock,laughingstock,cock,clock,crock,sherlock,manioc,sock,bokeh,sidewalk,feedstock,squawk,bloc,tomahawk,deadlock,calk,medoc,chock,lok,jacques,mock,smock,floc,falk,talk,stock,walk
game-cock,
gamecocks,saltbox,palafox,roadblocks,blocks,balks,ochs,rocks,vox,paradox,phlox,clocks,feedstocks,sox,orthodox,pox,cocks,cox,frocks,flummox,gawks,locks,matchbox,tinderbox,docks,vaux,fox,gearbox,equinox,botox,boombox,breadbox,socks,faux,soapbox,crocs,mocks,outfox,sandbox,fawkes,skybox,boondocks,hydrox,knocks,goldilocks,sachs,lox,lawks,box,jocks,talks,detox,blocs,foxx,tarbox,toolbox,stalks,walks,stocks,heterodox,rox,hocks,peacocks,jukebox,smallpox,unorthodox,shocks,hollyhocks,glaux,mailbox,aftershocks,knox,flocks,hawks,icebox,ox
gamecraft,
gamed,reclaimed,blamed,flamed,ashamed,shamed,unashamed,unclaimed,maimed,lamed,tamed,unnamed,named,inflamed,nicknamed,defamed,claimed,framed,declaimed,renamed,famed,proclaimed,aimed,acclaimed,exclaimed,disclaimed
game-destroying,
game-fowl,
gameful,blameful,shameful
gamey,jamie,jaimie,cockamamie,eighmey,stamey,amey,amy,cheimi,mccamy,samey,jami,mamie,lamey,jayme,mamey,flamy,lamie,hashemi,mohtashemi,lamy
gamekeeper,doorkeeper,housekeeper,kieper,scheper,cheaper,keiper,deeper,bookkeeper,creeper,sleeper,beekeeper,crowkeeper,minesweeper,leeper,storekeeper,neeper,leaper,innkeeper,reaper,leiper,heaper,goalkeeper,weeper,peeper,sweeper,gatekeeper,peacekeeper,schlieper,beeper,teper,groundskeeper,scorekeeper,shopkeeper,streeper,pieper,steeper,keeper
gamekeepers,sea-purse
gamekeeping,
gamelan,hamelin,mamelon,gamelin
gamelang,
gamelans,
game-law,
gameless,blameless,aimless,flameless,fameless,shameless,claimless,frameless,tameless,nameless
gamely,lamely,tamely,namely
gamelike,
gamelin,hamelin,gamelan,hamlin,mamelon,camlan
gamelion,
gamelote,
gamelotte,
gamene,
gameness,tameness,sameness,lameness
gamenesses,
gamer,framer,kamer,gramer,tamer,tamar,bramer,claimer,raymer,klamer,raimer,ramer,maimer,famer,shamer,beymer,damer,pamer,kramer,aimer,paymer,blamer,namer,weymer,lamer,amer,mcnamer,flamer,reclaimer,damar,stamer,disclaimer,cramer
games,shames,blames,rhames,counterclaims,proclaims,airframes,disclaims,ames,maims,kames,haymes,aimes,names,hames,tames,nicknames,claims,boardgames,crames,surnames,haimes,dames,frames,acclaims,cames,st-james,lames,inflames,fames,grames,adames,sames,james,exclaims,jas,mainframes,aims,ijames,flames
gamesman,caravan,caftan,pecan,lifespan,walkman,middleman,kinsman,clergyman,merman,began,afghan,divan,gran,rodin,saran,suntan,stan,bogeyman,can,caveman,fisherman,bedpan,tran,quran,journeyman,yan,hann,skean,moran,quean,batman,milan,tristan,sudan,ran,businessman,pan,scran,helmsman,clan,madman,plan,iran,fan,taliban,minuteman,kazakhstan,ann,mann,catamaran,san,dan,liane,an,cancan,doorman,jan,afghanistan,span,flan,zan,bhutan,strongman,van,hitman,tan,scan,man,than,gan,anchorman,rattan,sideman,cannes,japan,superman,anne,tarzan,klan,lan,handyman,pakistan,snowman,saucepan,cyan,nan,deadpan,sandman,chan,ferdinand,sedan,kan,loran,bran,ban,moulin,shan
gamesmanship,flip,hip,sportsmanship,companionship,snip,homeownership,ownership,trusteeship,dictatorship,craftsmanship,chairmanship,grippe,generalship,yip,rip,workmanship,upmanship,directorship,strip,brinkmanship,roundtrip,microchip,relationship,stewardship,flagship,scrip,distributorship,headship,quip,conservatorship,unzip,thrip,governorship,fingertip,bipartisanship,chip,membership,professorship,outstrip,internship,ip,readership,nip,championship,scholarship,partisanship,drip,dealership,grip,steamship,brinksmanship,censorship,one-upmanship,gyp,lightship,kip,spaceship,lip,airship,clip,kinship,authorship,slip,ship,bip,tip,partnership,trip,battleship,consulship,blip,sip,leadership,courtship,proprietorship,receivership,crip,dip,airstrip,fellowship,zip,apprenticeship,sponsorship,starship,warship,equip,pip,whip,gunship,citizenship,skip,showmanship
gamesome,
gamesomely,
gamesomeness,
games-player,
gamest,famoused,lamest,tamest
gamester,
gamesters,
gamestress,
gamet-,kamet,willamette,gamet,hammett,hamate,mamet,mammut,bamut,dammit,samet,zammit,gamut,sammet,hammitt,sammut,ramet,mammet,ramate
gametal,
gametange,
gametangia,pangea
gametangium,
gamete,conceit,incomplete,creat,marguerite,parakeet,neat,deadbeat,neet,bleat,cheat,discrete,replete,pleat,elite,repeat,pete,obsolete,mete,discreet,secrete,drumbeat,defeat,skeet,petite,beat,tweet,gleet,treat,meat,teet,deplete,worksheet,unseat,sheet,delete,crabmeat,offbeat,st,deet,creaght,speet,cleat,complete,excrete,overheat,sleet,compete,concrete,retreat,deceit,seat,buckwheat,meet,sweet,crete,spreadsheet,heat,fleet,noncompete,flete,effete,athlete,mesquite,grete,browbeat,indiscreet,mistreat,greet,receipt,backseat,teat,mincemeat,heartbeat,suite,street,peat,bittersweet,eat,overeat,feat,wheat,beet,upbeat,amit,downbeat,peet,feet,piet,leet,poteat
gametes,
gametic,magmatic,grammatic,dalmatic
gametically,emetically
gameto-,gameto
gametocyst,
gametocyte,
gametogenesis,
gametogeny,
gametogenic,
gametogenous,
gametogony,
gametogonium,
gametoid,
gametophagia,
gametophyll,
gametophyte,alright,knight,excite,parasite,overwrite,recondite,nite,height,mite,foresight,write,byte,oversight,incite,rite,apartheid,recite,delight,copyright,hindsight,feit,fahrenheit,site,erudite,fright,despite,expedite,outright,luddite,unite,light,website,hermaphrodite,sleight,smight,trite,goodnight,twilight,slight,wright,contrite,backbite,insight,lite,blight,rewrite,dight,playwright,might,acolyte,apatite,moonlight,brite,smite,invite,wight,neophyte,limelight,sight,right,bight,graphite,plight,lignite,alight,meteorite,polite,midnight,spite,ignite,flight,tight,cite,highlight,forthright,finite,frostbite,twite,plebiscite,upright,sprite,tripartite,night,kite,fight,overnight,fortnight,uptight,extradite,underwrite,white,spotlight,downright,appetite,indict,indite,quite,bright,bite,satellite
gametophytic,
gametophobia,
gametophore,
gametophoric,
gamgee,
gamgia,
gamy,
gamic,
gamier,damier
gamiest,
gamily,
gamin,drammen,thamyn,mammen,sammon,gammon,damman,tammen,alabaman,examine,hamman,amann,dammen,backgammon,ammann,brahman,mammon,ammon,bramin,famine,yamin,hammann,stammen,cammon,reexamine,stamin,scammon,ramen,salman,mccammon,hammen,dammann,salmon,hammon,amman,kamman,hamon
gamine,primine,amine,thymine
gamines,
gaminesque,
gaminess,
gaminesses,
gaming,faming,claiming,laming,inflaming,renaming,shaming,naming,framing,acclaiming,disclaiming,flaming,exclaiming,maiming,taming,reclaiming,proclaiming,blaming
gaming-proof,
gamings,
gaminish,
gamins,
gamma,brama,mammaplasty,dhamma,foodarama,docudrama,pajama,khama,glama,hamah,jama,trama,grama,pleasurama,mammoplasty,brahma,yamma,panorama,shama,gramma,alabama
gammacism,
gammacismus,
gammadia,
gammadion,
gammarid,
gammaridae,
gammarine,
gammaroid,
gammarus,
gammas,thammuz,pajamas,lammas,samas,amahs,namas,camas,brahmas,famas,cammas,tammuz,chlamys
gammation,
gammed,hamed,scrammed,monogrammed,damned,slammed,spammed,clammed,hammed,lambed,diagrammed,jammed,lammed,rammed,ramed,trammed,shammed,dammed,flammed,scammed,reprogrammed,crammed,programmed
gammelost,
gammer,clamour,yammer,amour,spammer,mammer,namur
gammerel,
gammers,
gammerstang,
gammexane,
gammy,clammy,tami,mammy,brahmi,cammie,lammey,sammie,shammy,rammy,tamiami,jammy,tammie,tammy,hammy,mammae,ramee,whammy,yanomami,grammy,lammi,mckamey,chammy,kamei,chamois,amie,ramie,valmy,cammy,ramey,mi-vami,miami,pammy,sami,mccamey,sammy
gammick,
gammier,
gammiest,
gamming,diagraming,ramming,scamming,tramming,lambing,damning,slamming,scramming,cramming,damming,jamming,hamming,clamming,spamming,shamming,flammang,programming,reprogramming,zamang,dramming,lamming,programing,flamming
gammock,
gammon,drammen,thamyn,mammen,sammon,damman,tammen,alabaman,gamin,examine,hamman,amann,dammen,backgammon,ammann,brahman,mammon,ammon,bramin,famine,yamin,hammann,stammen,cammon,reexamine,stamin,scammon,ramen,salman,mccammon,hammen,dammann,salmon,hammon,amman,kamman,hamon
gammoned,
gammoner,
gammoners,
gammon-faced,
gammoning,
gammons,alabamans,famines,salmans,sammons,gamons,salmons,hammons,ammons,kamins,brahmins,brahmans,examines,lammons
gammon-visaged,
gamo-,mammo,tammo,paramo,gamow
gamobium,
gamodeme,
gamodemes,
gamodesmy,
gamodesmic,
gamogamy,
gamogenesis,
gamogenetic,
gamogenetical,
gamogenetically,
gamogeny,
gamogony,
gamolepis,
gamomania,
gamond,
gamone,
gamont,
gamopetalae,
gamopetalous,
gamophagy,
gamophagia,
gamophyllous,
gamori,
gamosepalous,
gamostele,
gamostely,
gamostelic,
gamotropic,
gamotropism,
gamous,tamus,seamus,amos,ramus,brademas,ignoramus,mandamus,shamus,famous,paulhamus,leymus,wamus
gamp,kamp,fullenkamp,rampe,gaskamp,gramp,haverkamp,hamp,shamp,lampp,scamp,krampe,unclamp,tramp,encamp,kampe,heitkamp,seekamp,samp,trenkamp,tamp,schamp,champ,stallkamp,stamp,damp,feldkamp,grandchamp,steenkamp,helmkamp,lamp,revamp,decamp,clamp,trampe,camp,kramp,weitkamp,bouwkamp,firedamp,holtkamp,niekamp,vamp,ryskamp,vancamp,amp,lampe,lowekamp,cramp,ramp,hampe
gamphrel,
gamps,camps,clamps,scamps,champs,ramps,revamps,lamps,tamps,cramps,gramps,damps,kamps,stamps,delchamps,unclamps,vamps
gams,
gamut,kamet,willamette,gamet,hammett,hamate,mamet,mammut,ramet,bamut,samet,gamet-,zammit,sammet,hammitt,sammut,dammit,mammet,ramate
gamuts,
gan,caravan,caftan,pecan,lifespan,walkman,middleman,kinsman,clergyman,merman,began,afghan,divan,gran,rodin,saran,suntan,stan,bogeyman,can,caveman,fisherman,bedpan,tran,quran,journeyman,yan,hann,skean,moran,quean,batman,milan,tristan,sudan,ran,businessman,pan,scran,helmsman,clan,madman,plan,iran,fan,taliban,minuteman,kazakhstan,ann,mann,catamaran,san,dan,liane,an,cancan,doorman,jan,afghanistan,span,flan,zan,bhutan,strongman,van,hitman,tan,scan,man,than,anchorman,rattan,sideman,cannes,gamesman,japan,superman,anne,tarzan,klan,lan,handyman,pakistan,snowman,saucepan,cyan,nan,deadpan,sandman,chan,ferdinand,sedan,kan,loran,bran,ban,moulin,shan
ganado,
ganam,
ganancial,
gananciales,
ganancias,
ganapati,
gance,
ganch,blanche,blanch,panch,branche,branch,stanch,planch,avalanche,tranche,cranch,lancz,ranch,flanch,lanch,scranch
ganched,
ganching,
gand,
ganda,blanda,sanda,yanda,banda,granda,kanda,landa,memoranda,janda,amanda,dvandva,skanda,noranda,faranda,nanda,branda,marulanda,vanda,maranda,nolanda,koranda,fernanda,chanda,aranda,standa,veranda,manda,khanda,panda,propaganda,miranda,spandau,handa,uganda,deanda
gandeeville,
gander,alexander,stadtlander,coriander,vander,mander,evander,pander,sander,landor,scalamandre,hander,blander,oleander,santander,candour,calamander,zander,bystander,mainlander,gerrymander,swartzlander,lander,grander,brander,commander,leander,sandor,slander,highlander,stander,candor,lysander,salamander,rander,ander,nederlander,standre,rosander,skenandore,aleksandr,sjolander,meander,glander,subcommander,bander,aleksander,mcalexander
gandered,
ganderess,
gandergoose,
gandering,
gandermooner,
ganders,flanders,landers,highlanders,slanders,branders,subcommanders,mainlanders,alexanders,bystanders,glanders,anders,manders,salamanders,commanders,gerrymanders,standers,sanders,zanders,handers,panders,meanders
ganderteeth,
gandertmeeth,
gandhara,
gandharan,
gandharva,
gandhi,quandy,morandi,sherbondy,tondi,ghandi,bondy,iolande,glissandi,zandi,lalande,nandi,biondi,eolande,condie,gondi,maundy,blondie,lamirande,wandie,orlandi,mondy,wandy,imondi,bondi,caramandi
gandhian,mandaean,scandian,andean,nalbandian,pandion
gandhiism,
gandhiist,
gandhism,
gandhist,
gandoura,
gandul,
gandum,
gandurah,
gandzha,
gane,
ganef,braniff,kanaf,hanif,ganof,canniff
ganefs,
ganesa,manisa,anasa
ganesha,
ganev,
ganevs,
gang,nang,gangue,lang,liang,zhang,trang,yang,tsiang,slang,bhang,chiang,fang,rang,whang,overhang,lange,thang,kang,mangue,tsang,krang,klang,tangue,xiaogang,drang,sprang,xinjiang,ang,prang,huang,sang,vang,pang,zang,tunkelang,wolfgang,spang,ziyang,harangue,boomerang,hangsang,dang,tang,bang,clang,jang,stang,crang,durang,mustang,ylang-ylang,verdinsgang,shang,li-kang,nanchang,kuomintang,flang,wang,strang,shenyang,schlang,baoguang,chang,pyongyang,cangue,mang,chuang,hwang,hang,siang,langue
ganga,kanga,sanga,tanga,panga
gangamopteris,
gangan,
gangava,
gangbang,gang-bang
gangboard,
gang-board,
gangbuster,swampbuster,luster,thruster,bestir,duster,trustor,kuster,fluster,lustre,fill-a-buster,bruster,lackluster,guster,fillibuster,bluster,adjuster,filibuster,astir,blockbuster,ghostbuster,juster,custer,hyster-,dister,truster,shuster,huster,buster,muster,cluster
gang-cask,
gang-days,
gangdom,
gange,bange,phalange,flange,tange,stange
ganged,clanged,boomeranged,fanged,tanged,danged,harangued,slanged,hanged,banged
ganger,zanger,spranger,fanger,cliffhanger,schlanger,tanger,sanger,stanger,hanger,clanger,clangor,wanger,banger,hangar,langer
gangerel,
gangers,
ganges,phalanges
gangetic,
gangflower,
gang-flower,
ganggang,
ganging,slanging,hanging,banging,haranguing,overhanging,clanging,tanging
gangion,
gangism,
gangland,
ganglander,
ganglands,
gangle-shanked,
gangly,langley
gangli-,
ganglia,anglia
gangliac,
ganglial,
gangliar,
gangliasthenia,
gangliate,
gangliated,
gangliectomy,
ganglier,
gangliest,
gangliform,
gangliglia,
gangliglions,
gangliitis,
gangling,dangling,tangling,strangling,wrangling,angling,mangling
ganglioblast,
gangliocyte,
ganglioform,
ganglioid,
ganglioma,
gangliomas,
gangliomata,
ganglion,
ganglionary,
ganglionate,
ganglionated,
ganglionectomy,
ganglionectomies,
ganglioneural,
ganglioneure,
ganglioneuroma,
ganglioneuron,
ganglionic,pneumonic,chronic,propionic,stronach,supersonic,panasonic,flextronic,chronique,hypersonic,demonic,teutonic,gnomonic,catatonic,monophonic,ironic,blahnik,nucleonic,ultrasonic,sonic,varitronic,isoelectronic,kronick,platonic,hedonic,miltonic,plutonic,vanik,environic,clonic,bubonic,allophonic,microelectronic,symphonic,polyphonic,sardonic,histrionic,napoleonic,yonic,hanak,connick,embryonic,personic,isotonic,masonic,ovonic,electronic,fibronic,plantronic,hyaluronic,philharmonic,ebonic,planktonic,medtronic,ionic,hydroponic,diasonic,mnemonic,phonic,tranzonic,lasersonic,lexiphonic,respironic,telephonic,synchronic,chthonic,photronic,laconic,avionic,tonic,hypertonic,telectronic,diatonic,hegemonic,tectonic,conic,pharaonic,leptonic,audiotronic,tronic,canonic,harmonic,neoplatonic
ganglionitis,
ganglionless,
ganglions,
ganglioplexus,
ganglioside,
gangman,
gangmaster,
gangplank,blanc,banc,dank,planche,zank,trank,jahnke,skank,cruikshank,bundesbank,yank,nonbank,janke,frank,stank,swank,drank,cruickshank,franck,hanke,antitank,schrank,manche,franc,brank,outflank,montblanc,lank,bank,hank,prank,banke,shrank,tank,mank,clank,thank,spank,banque,ranke,blanke,rank,chank,crank,sank,planck,slank,citibank,leblanc,francke,franke,interbank,flank,schank,blank,shank,crookshank,burbank,riverbank,plank
gang-plank,
gangplanks,
gangplow,
gangplows,
gangrel,
gangrels,
gangrenate,
gangrene,
gangrened,
gangrenes,
gangrenescent,
gangrening,
gangrenous,
gangs,pangs,tangs,mustangs,hangs,clangs,bangs,slangs,harangues,fangs,overhangs
gang's,
gangsa,
gangshag,
gangsman,
gangster,sangster
gangsterism,
gangsters,
gangster's,
gangtide,
gangtok,
gangue,nang,liang,lang,zhang,trang,tsiang,yang,slang,bhang,chiang,fang,rang,whang,overhang,lange,thang,kang,mangue,tsang,krang,klang,tangue,xiaogang,drang,sprang,xinjiang,ang,prang,huang,sang,vang,pang,zang,tunkelang,wolfgang,spang,ziyang,harangue,boomerang,hangsang,dang,tang,bang,clang,jang,stang,crang,durang,mustang,ylang-ylang,verdinsgang,shang,li-kang,nanchang,kuomintang,flang,wang,strang,shenyang,schlang,baoguang,chang,pyongyang,cangue,mang,gang,chuang,hwang,hang,siang,langue
ganguela,
gangues,
gangwa,
gangway,
gangwayed,
gangwayman,
gangwaymen,
gangways,
gang-week,
ganiats,
ganyie,
ganymeda,
,
