ganymede,misdeed,need,airspeed,degreed,stampede,pitied,milkweed,bleed,siegfried,nosebleed,pokeweed,teed,glede,freed,reid,kneed,appleseed,ragweed,decreed,exceed,duckweed,gilead,sneed,fried,accede,lead,fireweed,meade,precede,proofread,weed,oilseed,guaranteed,leed,rashid,heed,bede,knead,aniseed,supersede,dede,swede,aristide,treed,dreed,secede,skeed,plead,brede,reread,glead,centipede,linseed,reed,bead,misread,ede,inbreed,tweed,screed,reseed,snead,skied,proceed,recede,overfeed,keyed,read,breed,cede,steed,creed,gleed,deed,beede,flaxseed,feed,impede,agreed,rapeseed,concede,seed,seaweed,speed,prophesied,peed,hamid,eade,greed,intercede,mislead,smead,nead,mead,indeed,saeed,succeed
ganymedes,
ganister,finisterre
ganisters,
ganja,zupanja,hanja
ganjah,
ganjahs,
ganjas,
ganley,danley,hanley,stanley,manley,cranley,chanley,manly,ranley,shanley,danly,stanly,hanly
ganner,
gannes,
gannet,djanet,thanet,granite,planet,tanate,annat,granat,granit,manat,pomegranate,gannett,banet,annot,manatt,banat,tannate,janet
gannetry,
gannets,granites,kanitz,planets
gannett,djanet,thanet,granite,planet,gannet,tanate,annat,granat,granit,manat,pomegranate,banet,annot,manatt,banat,tannate,janet
ganny,
gannie,
gannister,
gannon,hannan,annen,mannon,fannon,hannon,bohannan,tannen,montanan,cannon,bannan,tanen,mannan,chanin,shannon,branon,canon,mannen,clanin,buchanan,annon,bannon,lannan,kincannon,hannen,kannon,buchanon,concannon,cunanan,annan,buchannan,fannin,atlantan,channon,yannone,lannon,brannan,tannin,flannen,obannon,dannen,branin,cannan,brannon,lannen,brannen
gannonga,
ganoblast,
ganocephala,
ganocephalan,
ganocephalous,nanocephalous
ganodont,
ganodonta,
ganodus,
ganof,kanaf,ganef,braniff,canniff,hanif
ganofs,
ganoid,
ganoidal,crinoidal,sphenoidal,conoidal,glenoidal
ganoidean,
ganoidei,ctenoidei
ganoidian,crinoidean,ctenoidean
ganoids,
ganoin,glonoin,ganoine
ganoine,glonoin,ganoin
ganomalite,
ganophyllite,
ganoses,
ganosis,
ganowanian,
gans,minivans,intertrans,manz,rosecrans,shans,mans,plans,glans,clans,hannes,jans,pans,ganz,rans,cannes,stans,pecans,rosenkrans,scans,janz,manns,bans,benz,hands,sanz,krans,afghanistans,sannes,flans,tans,fans,sans,caravans,crans,japans,lanz,danz,talibans,meehans,franz,sedans,franze,kanz,trans-,vannes,cans,caftans,klans,kranz,trans,ranz,branz,banns,mannes,afghans,glanz,caltrans,hans,bedpans,vans,lifespans,spans,grans,frans,magnes
gansa,kansa,sansa,hansa,lansa,ansa,pansa,jansa
gansey,hanzi,tansy,pansy,chimpanzee,manzi,lanzi,danzy,tansey,tanzi
gansel,
ganser,mansur,enhancer,anticancer,dancer,lancer,advancer,financer,prancer,danser,cancer,freelancer,chancer,raindancer,manser,answer,mansour,lanser,necromancer,pancer
gansevoort,
gansy,
gant,enchant,aunt,sant,supplant,plante,scant,zante,kant,slant,gantt,norplant,eggplant,cant,brant,dant,quant,fante,levant,plant,transplant,tant,rant,implant,ant,recant,zant,brandt,trant,fant,yant,incant,chant,confidante,decant,stant,tante,replant,rembrandt,lant,grant,pant
ganta,
gantang,
gantangs,
gantelope,
gantlet,gauntlet
gantleted,
gantleting,
gantlets,
gantline,
gantlines,
gantlope,
gantlopes,
ganton,
gantry,santry,chantry,lantry,pantry
gantries,pantries,chantries
gantryman,
gantrisin,
gantsl,
gantt,enchant,aunt,sant,supplant,plante,scant,zante,kant,slant,norplant,eggplant,cant,brant,dant,quant,fante,levant,gant,plant,transplant,tant,rant,implant,ant,recant,zant,brandt,trant,fant,yant,incant,chant,confidante,decant,stant,tante,replant,rembrandt,lant,grant,pant
ganza,stanza,bonanza,leanza,lufthansa,alianza,panza,vitanza,extravaganza,danza,anza,finanza,lanza,braganza
ganzie,
gao,
gaol,
gaolage,
gaolbird,
gaoled,
gaoler,
gaolering,
gaolerness,
gaolers,
gaoling,
gaoloring,
gaols,caules,betrayals,ahles,cauls,brails,portrayals
gaon,
gaonate,
gaonic,
gaons,
gap,stopgap,dimetapp,nap,frappe,wiretap,sap,mousetrap,app,burlap,entrap,snapp,shap,unwrap,flap,madcap,shrap,strap,handicap,flytrap,dapp,zapp,capp,kapp,cap,jap,mapp,scrap,map,yap,wrap,rap,knapp,napp,clap,clapp,tap,overlap,schappe,sapp,giap,yapp,recap,kidnap,lapp,trap,mishap,lap,crap,trappe,slapp,rapp,hubcap,ascap,snap,chap,catnap,zap,hap,kneecap,skycap,frap,trapp,pap,stapp,nappe,bootstrap,papp,frapp,tapp,asap,nsdap,backslap,slap
gapa,
gape,crape,chape,audiotape,trape,shape,rape,shipshape,frape,swape,drape,agape,reshape,graip,landscape,ape,xeriscape,eggshape,lape,clape,scape,knape,scrape,videotape,inchcape,slape,grape,taipeh,pape,crepe,netscape,snape,tape,cape,escape
gaped,taped,landscaped,reshaped,draped,caped,shaped,eggshaped,scraped,raped,videotaped,waped,escaped
gape-gaze,
gaper,landscaper,raper,graper,sandpaper,lapre,vapor,shaper,draper,skyscraper,wastepaper,paper,scraper,mcpaper,caper,taper,kapor,flypaper,newspaper,schaper,wallpaper
gaperon,
gapers,
gapes,traipse,landscapes,scrapes,swapes,japes,videotapes,tapes,grapes,napes,mapes,apes,crapes,crepes,capes,trapes,audiotapes,escapes,shapes,drapes,rapes,stapes
gapeseed,
gape-seed,
gapeseeds,
gapeworm,tapeworm
gapeworms,
gapy,
gapin,
gaping,shaping,escaping,scraping,taiping,raping,draping,videotaping,reshaping,taping,landscaping
gapingly,
gapingstock,
gapland,
gapless,
gaplessness,
gapo,
gaposis,
gaposises,
gapped,rapped,zapped,sapped,capped,knapped,handicapped,frapped,craped,flapped,mapped,lapped,burlapped,happed,strapped,crapped,dapped,recapped,overlapped,entrapped,napped,chapped,clapped,snapped,yapped,wrapped,scrapped,wrapt,slapped,unwrapped,tapped,wiretapped,kept,chaped,adapt,rapt,apt,kidnapped,trapped,untapped,kidnaped
gapper,sapor,mapper,yapper,kidnapper,kapur,napper,handicapper,kapper,snapper,clapper,strapper,dapper,crapper,flapper,lapper,wrapper,slapper,klapper,rapper,scrapper,capper,sapper,tapper,knapper,trapper
gapperi,
gappy,cappy,tapie,nappi,chappie,nappy,strappy,hllapi,yappy,trappy,slappey,scrappy,chappy,tsapi,unhappy,crapy,pappi,happy,flappy,pappy,happi,snappy,rappee,zappy,mapi,slaphappy,nsapi,sappy
gappier,nappier,scrappier,frappier,sappier,snappier,happier,crappier
gappiest,sappiest,crappiest,snappiest,scrappiest,happiest
gapping,craping,clapping,slapping,zapping,backslapping,capping,tapping,scrapping,strapping,happing,chapping,frapping,sapping,rapping,trapping,kidnaping,unwrapping,yapping,flapping,mapping,crapping,wiretapping,handicapping,dapping,kidnapping,napping,snapping,overlapping,lapping,recapping,knapping,wrapping
gaps,kneecaps,straps,millsaps,taps,kaps,caps,lapse,knaps,relapse,overlaps,traps,slaps,yaps,chaps,claps,snaps,zaps,schnaps,graps,flaps,craps,saps,wraps,scraps,collapse,wiretaps,kappes,handicaps,kidnaps,fraps,apps,maps,lapps,japs,crapps,capps,elapse,bootstraps,recaps,naps,laps,raps,perhaps,hubcaps,mishaps,schnapps
gap's,
gap-toothed,
gapville,
gar,car,cigar,radar,bazaar,parr,magyar,hectare,sandbar,thar,barre,nascar,lodestar,sidebar,boyar,handlebar,char,superstar,crowbar,marr,jar,adar,commissar,czar,feldspar,streetcar,amritsar,ajar,myanmar,revoir,carr,babar,millibar,mylar,afar,railcar,avatar,bizarre,har,starr,far,jaguar,par,lamar,renoir,disbar,r,spar,seminar,amar,dakar,memoir,dar,lar,star,subpar,tar,registrar,motorcar,mawr,cinnabar,voir,caviar,barr,aargh,lumbar,alar,bazar,csar,reservoir,sitar,qatar,guitar,repertoire,boxcar,rebar,bar,navarre,saar,zanzibar,alcazar,dinar,tsar,scar,mar,haar,sar,are,azar,ar,akbar,foobar
gara,clara,tzara,zarah,ara,mcgarrah,asahara,jarrah,garra,arrau,marah,harrah,arrah,jarrod,schara,dara,zara,tarah,arrha,darrah
garabato,
garad,
garage,mirage,arbitrage,dhiraj,taj,massage,barrage,sabotage,entourage,collage,camouflage,montage,corsage,raj,potage,dressage
garaged,
garageman,
garages,collages,massages,mirages,entourages,barrages
garaging,barraging
garald,
garamas,
garamond,clarimond
garance,
garancin,
garancine,
garand,farand,farrand
garapata,
garapato,
garardsfort,
garate,
garau,
garava,
garavance,
garaway,
garawi,
garb,schlarb,aldicarb,golfarb,rhubarb,harb,goldfarb,srinagarb,barb,carb-,himmelfarb,zarb,farb,barbe,arb,garbe
garbage,
garbages,
garbage's,
garbanzo,
garbanzos,
garbardine,
garbe,schlarb,garb,aldicarb,golfarb,rhubarb,harb,goldfarb,srinagarb,barb,carb-,himmelfarb,zarb,farb,barbe,arb
garbed,barbed
garbel,jarble,garble,arbil,barble,varble,sparble,marbil,arbel,marble
garbell,
garber,yarber,arbor,barbar,harbour,sarber,farber,barber,barbour,barbre,sharber,harber,karber,arbour,harbor,pearl-harbor
garbers,arbors,harbors,barbers
garberville,
garbill,
garbing,
garble,jarble,arbil,barble,varble,sparble,garbel,marbil,arbel,marble
garbleable,
garbled,marbled
garbler,marbler
garblers,
garbles,barbels,marbles
garbless,
garbline,
garbling,
garblings,
garbo,carbo,ybarbo,arbo,barbo,carbo-
garboard,larboard
garboards,
garboil,
garboils,
garbologist,
garbs,carbs,barbs,arbs
garbure,
garce,
garceau,otto,radio,hello,go,roe,aficionado,bowe,aglow,tow,willow,whoa,so,adagio,blow,portfolio,torso,snow,flow,escrow,audio,forego,owe,glow,rococo,below,rhino,hoe,o,undergo,hydro,overthrow,rainbow,bio,fallow,mo,pro,portico,yoe,tornado,indigo,slow,gusto,dado,co,ho,show,winnow,throw,grow,woe,tableau,low,veto,calypso,coco,glo,photo,bestow,patio,espresso,cameo,mow,meadow,apropos,tomorrow,micro,buffalo,though,plough,row,lo,tomato,although,archipelago,sew,grotto,manifesto,plateau,potato,crow,beau,studio,joe,borrow,toe,vertigo,forgo,no,shadow,know,dough,virago,torpedo,quo,tempo,ratio,foe,doe
garcia,urrea,rhea,idea,abyssinia,anamaria,pizzeria,chia,mia,zia,snia,crimea,thea,pia,logophilia,jia,alethea,galleria,corea,lia,duryea,subia,ia,korea,onomatopeia,medea,samaria,diarrhea,tortilla,freia,orea,basophilia,cheoplasty,galeria,judea,perea,bria,diarrhoea,gaea,caesarea,hosea,dorothea,pcmcia,theia,shiah,shia,hialeah,yttria,nicosia,brachia,dyspnea,ikea,kania,leah,dulcinea,cananea,ria,althea,panacea,eritrea,rosalia,tia,maria,killilea,dhia,desmoplasia,keziah,galatea,belyea,dia,gonorrhea,atypia,aliyah,urea,stria,sofia,asea,neoplasty,sophia,tanzania,berea,cytherea
garcia-godoy,
garcia-inchaustegui,
garciasville,
garcinia,
garcon,barkin,arkin,darken,barken,archean,barchan,sarkin,narcan,markan,clarkin,harken,marken,marcon,parkin,larchen,markin,larkin,barkan,harkin
garcons,
gard,menard,courtyard,nard,scard,blowhard,backyard,carde,dillard,barnyard,sparred,farmyard,canard,schoolyard,mastercard,bouchard,ard,brickyard,card,shipyard,avant-garde,chard,lard,charred,pickard,guard,broussard,renard,vanguard,beauregard,scorecard,churchyard,boatyard,regard,belgard,barnard,marred,tared,starred,junkyard,jarred,bongard,lifeguard,lazard,safeguard,shard,stockyard,bombard,chouinard,barred,flashcard,garde,tarred,lumberyard,bernard,discard,bankcard,yard,bodyguard,disbarred,barde,graveyard,fugard,wildcard,gnarred,knarred,postcard,gaspard,parred,hard,disregard,billard,boulevard,picard,diehard,blvd,dockyard,retard,vcard,gerard,scarred,godard,leotard,bard
garda,arda,narda,sarda,skarda,leonarda,varda,carda,lugarda
gardal,
gardant,ardent,retardant,guardant
gardas,
gardbrace,
garde,menard,courtyard,nard,scard,blowhard,backyard,carde,dillard,barnyard,sparred,farmyard,canard,schoolyard,mastercard,bouchard,ard,brickyard,card,shipyard,avant-garde,chard,lard,charred,pickard,guard,broussard,renard,vanguard,beauregard,scorecard,churchyard,boatyard,regard,belgard,barnard,marred,tared,starred,junkyard,jarred,bongard,lifeguard,lazard,safeguard,shard,stockyard,bombard,chouinard,barred,flashcard,tarred,lumberyard,bernard,discard,bankcard,yard,bodyguard,disbarred,barde,graveyard,fugard,wildcard,gnarred,knarred,postcard,gaspard,parred,hard,gard,disregard,billard,boulevard,picard,diehard,blvd,dockyard,retard,vcard,gerard,scarred,godard,leotard,bard
gardebras,
garde-collet,
garde-du-corps,
gardeen,
garde-feu,
garde-feux,
gardel,
gardell,
garde-manger,
garden,hardin,carden,dardan,jardin,teegarden,varden,darden,arden,marden,gelardin,parden,mardon,bardin,winegarden,janardhan,cardin,lustgarten,teegardin,gardon,pardon,barden,guardin,chardin,sardan,ardon,gardin,harden,ardin,rardon,teagarden
gardena,arena,cadena,quina,rosina,herzegovina,hercegovina,edina,gina,christina,mina,purina,jena,siena,vina,sheena,lena,jeana,faena,zena,valentina,serena,rena,reina,davina,cortina,concertina,ina,athena,spina,adina,dena,latina,farina,neenah,galena,vena,fraena,sardina,krajina,tina,verbena,covina,dina,ballerina,philomena,nina,pyrena,sabina,argentina,semolina,alcina,lina,catalina,molina,albina,angelina,katrina,veena,domina,martina,sabrina,celina,selena,georgina,vaccina,melvina,pina,alina,florentina,cristina,serafina,seraphina,marina,bina,magdalena,gallina,messina,subpoena,sabena,salina,rowena,avina,hyena,xena,cartagena,catena,medina,irina,bettina,proserpina,regina,ianthina,rina,macarena,mena,patina,erina,cantina
gardenable,
gardencraft,
gardendale,
gardened,hardened,pardoned
gardener,pardoner,hardener
gardeners,hardeners
gardenership,
gardenesque,
gardenful,
garden-gate,
gardenhood,
garden-house,
gardeny,
gardenia,taenia,sthenia,kenya,kenia,la-nina,nenia,menia,tenia,dobrinja
gardenias,
gardenin,
gardening,hardening,pardoning
gardenize,
gardenless,
gardenly,
gardenlike,
gardenmaker,
gardenmaking,
gardens,pardons,ardennes,hardens
garden-seated,
garden-variety,
gardenville,
gardenwards,
gardenwise,
garde-reins,
garderobe,
gardeviance,
gardevin,
gardevisure,
gardy,
gardia,
gardie,
gardyloo,
gardiner,gardner,bumgardner,bomgardner,lardner,baumgardner
gardinol,
gardnap,
gardner,gardiner,bumgardner,bomgardner,lardner,baumgardner
gardners,
gardnerville,
gardol,
gardon,hardin,carden,dardan,jardin,teegarden,varden,darden,arden,marden,gelardin,parden,mardon,bardin,janardhan,garden,cardin,lustgarten,pardon,barden,guardin,chardin,sardan,ardon,gardin,harden,ardin,rardon,teagarden
gare,swear,dispair,forebear,medicare,hair,lair,millionaire,share,stair,altair,hare,extraordinaire,malware,there,childcare,hardware,fare,stare,earthenware,declare,rare,anywhere,cookware,welfare,aer,ere,mohair,flare,where,everywhere,terre,fanfare,warfare,guerre,bair,aware,threadbare,airfare,blair,pear,dare,thoroughfare,beware,daycare,timeshare,doctrinaire,square,fair,claire,underwear,debonair,faire,affair,air,scare,wear,ware,unfair,solitaire,healthcare,mare,elsewhere,despair,mer,forswear,software,eyre,prayer,their,cher,questionnaire,prepare,spare,nowhere,ensnare,unaware,blare,compare,clair,heir,footwear,tear,pare,flair,lare,snare,pair,chair,repair,glare,bare,impair,nightmare,err,bear,delaware,armchair,care
garefowl,
gare-fowl,
garefowls,
gareh,
garey,garrey,barry,pari-,marae,carri,farrey,denarii,marri,gary,stari,mccarry,farry,intermarry,arey,garry,chari,clarey,carry,mccarey,wharry,meharry,charry,scarry,barrie,karri
garek,
gareri,
gareth,schlereth,berreth
garett,bharat,carrot,caret,jarret,barret,garritt,carot,garrott,claret,arraught,jarratt,marett,carotte,sarrett,garrett,arret,garotte,starrett,barrett,barratt,parrett,sharrett,garrotte,garrot,marat,marut
garetta,
garewaite,
garfield,heald,keeled,neeld,sealed,reeled,pealed,minefield,brookfield,airfield,outfield,neild,bonfield,shield,hatfield,wingfield,brownfield,unsealed,redfield,stanfield,infield,kneeled,winfield,canfield,masefield,oilfield,bluefield,afield,yield,repealed,caulfield,scofield,steeled,feild,revealed,delafield,wakefield,wheeled,richfield,wield,belfield,springfield,rayfield,penfield,bloomfield,cornfield,oldfield,windshield,cranfield,congealed,peeled,mayfield,southfield,appealed,concealed,holyfield,battlefield,highfield,porterfield,chesterfield,greenfield,healed,heeled,fairfield,plainfield,bakersfield,northfield,squealed,summerfield,resealed,goldfield,copperfield,whitefield,mansfield,backfield,hayfield,unconcealed,field
garfinkel,garfunkel
garfish,barfish
garfishes,
garg,mchargue,karg,barg,kharg,meharg
gargalianoi,
gargalize,
gargan,hargan,sargen,bargain,dargan,argun,vonbargen,sargon,jargon,largen
garganey,
garganeys,
gargantua,
gargantuan,
gargaphia,
gargarism,
gargarize,
garges,larges,defarges,karges,overcharges,turbocharges,barges,enlarges,discharges,surcharges,mischarges,charges,countercharges
garget,hargett,chargit
gargety,
gargets,
gargil,gargill,nargile,cargile,nargileh,argil
gargle,argal,argol,argall,jargle,gargol
gargled,
gargler,
garglers,
gargles,
gargling,
gargoyle,topsoil,droyle,hydrofoil,uncoil,coil,roil,foil,coyle,spoil,boil,embroil,moyle,parboil,royle,broil,scroyle,droil,foyle,boyle,subsoil,turmoil,toil,doyle,hoyle,oil,soil,soyle,recoil,airfoil,quoil
gargoyled,
gargoyley,
gargoyles,recoils,boylls,airfoils,boils,oleoyls,coils,oils,soils,broyles,foils,voiles,roils,voyles,broils,spoils,boyles,toils
gargoylish,
gargoylishly,
gargoylism,
gargol,argal,argol,argall,jargle,gargle
garhwali,
gari,imari,gortari,decesare,amakudari,cribari,gharry,ansari,baccari,atari,saari,laurie,safari,jarry,callari,furnari,bottari,lipari,legare,cagliari,massari,starry,calamari,solari,cundari,ari,ferrari,zary,ulibarri,chary,abare,dibari,callegari,lohrey,butare,vicari,kuranari,amari,popolare,lauri,licari,sari,albukhari,canevari,altomare,hari,vari,villari,zangari,sorry,funari,molinari,macari,lamarre,sparry,centauri,harare,frory,baldassari,baldassarre,anbari,knarry,halbutogullari,pary,montanari,colombari,dimare,bihari,gaspari,laari,scolari,lazzari,baldassare,correi,degutare,shari,mascari,mari,bari,dicesare
gary,february,airy,hereditary,strawberry,necessary,contemporary,stationery,prairie,barre,subsidiary,nary,seminary,bury,dictionary,commentary,literary,arbitrary,marry,very,itinerary,customary,secretary,culinary,harry,sanitary,discretionary,unitary,solitary,adversary,luminary,tertiary,extraordinary,raspberry,missionary,stationary,preliminary,proprietary,mary,imaginary,contrary,emissary,ancillary,visionary,ary,unnecessary,merry,epistolary,blueberry,vary,berry,monetary,fiduciary,pecuniary,estuary,tributary,revolutionary,scary,apothecary,reactionary,dairy,beneficiary,capillary,eyrie,cautionary,vocabulary,monastery,mulberry,military,judiciary,primary,veterinary,pulmonary,sedentary,canary,hairy,legendary,obituary,corollary,temporary,arie,cherry,salutary,aerie,secondary,confectionary,gooseberry,mercenary,huckleberry,sanctuary,cemetery,ordinary,tarry,wary,fairy,lapidary,ferry,parry,confectionery,carry,library
garial,
gariba,
garibald,
garibaldi,ugalde,grimaldi,waldie,baldy,rinaldi,sinibaldi,gesualdi,elizalde,schiraldi,capaldi,fittipaldi,aldi,castaldi,baldi,baldie,cataldi,vivaldi
garibaldian,
garibold,
garibull,
gariepy,seepy,sleepy,tripi,sweepy,teepee,weepie,creepie,weepy,steepy,pee-pee,principe,phillippi,sheepy,latulippe,tepee,creepy,heapy,canipe,cheapie
garifalia,
garigue,
garigues,
garik,
garin,herin,terin,sherrin,schwerin,aran,cerin,waren,guerin,seron,caren,charron,ehren,aron,perrin,baren,beran,beron,terran,karen,geron,aaron,ferron,serin,aeron,mehran,faren,pteron,marron,theron,mcfarren,perron,alaron,barron,faron,geran,charon,karan,farron,herron,herren,marin,paren,maclaren,hairen,sharon,karon,heron,teran,haren,maren,lebaron,mclaren,sherin,yaron,barren,kerin,ferrin,farren,baron,veron,betakeren,ferran,herrin,karin
garioa,
garysburg,
garish,marish,cherish,buresh,fairish,bearish,parrish,warish,barish,farish,nightmarish,squarish,perish,harish,gerrish,parish
garishly,
garishness,
garita,
garyville,
garlaand,
garlan,starlin,marlin,karlen,parlin,arlon,arlan,mcfarlan,macfarlane,karlin,marlon,harlin,varlen,marlen,mcfarlin,harlan,carlin,carlan,arlen,carlon,arlin,sparlin,sumarlin,mcfarlane,darlin,carlen
garland,macfarland,carland,mcparland,saarland,charland,harland,farland,mcfarland,darland,marland
garlanda,
garlandage,
garlanded,
garlanding,
garlandless,
garlandlike,
garlandry,
garlands,
garlandwise,
garle,
garlen,
garlic,karlik,sarlac,narlock,harlock,garlock,garlick
garlicky,
garliclike,
garlicmonger,
garlics,
garlicwort,
garlinda,
garling,marling,gnarling,quarreling,carling,sparling,farling,mcfarling,zarling,yarling,darling,starling,snarling,harling
garlion,
garlopa,
garm,
garmaise,
garment,undergarment,debarment,varmint,disbarment,varment,sarment,arment
garmented,
garmenting,
garmentless,
garmentmaker,
garments,varmints,undergarments
garment's,
garmenture,
garmentworker,
garmisch-partenkirchen,
garmr,
garn,marne,skarn,carne,karn,arne,dezarn,varn,mccarn,darn,arn,starn,scarn,harne,arnn,yarn,carn,harn,barn
garnavillo,
garneau,otto,radio,hello,go,roe,aficionado,bowe,aglow,tow,willow,whoa,so,adagio,blow,portfolio,torso,snow,flow,escrow,audio,forego,owe,glow,rococo,below,rhino,hoe,o,undergo,hydro,overthrow,rainbow,bio,fallow,mo,pro,portico,yoe,tornado,indigo,slow,gusto,dado,co,ho,show,winnow,throw,grow,woe,tableau,low,veto,calypso,coco,glo,photo,bestow,patio,espresso,cameo,mow,meadow,apropos,tomorrow,micro,buffalo,though,plough,row,lo,tomato,although,archipelago,sew,grotto,manifesto,plateau,potato,crow,beau,studio,joe,borrow,toe,vertigo,forgo,no,shadow,know,dough,virago,torpedo,quo,tempo,ratio,foe,doe
garnel,
garner,arner,varner,baumgarner,larner,carner,barner,starner,darner,harner,marner,bumgarner,fahrner,karner,farner,foreigner
garnerage,
garnered,
garnering,
garners,foreigners
garnerville,
garnes,arns,darns,tarns,yarns,barnes,parnes,karns,barns,carns,farnes,harns,carnes,starnes,karnes,starns,varnes
garnet,carnate,dejarnett,barnet,incarnate,garnett,carnett,arnot,harnett,yarnut,jarnut,carnot
garnetberry,
garnet-breasted,
garnet-colored,
garneter,
garnetiferous,
garnetlike,
garnet-red,
garnets,
garnett,carnate,dejarnett,barnet,incarnate,carnett,arnot,garnet,harnett,yarnut,jarnut,carnot
garnette,rosette,let,alphabet,quartet,baronet,colette,fret,sublet,get,heavyset,mindset,vette,et,joliet,charrette,beset,internet,pet,whet,headset,cadet,avocet,duet,nett,set,outset,smet,cornet,sextet,stet,anisette,lafayette,marmoset,cigarette,outlet,jet,minuet,vet,minaret,bayonet,reset,beget,tete,octet,antoinette,yet,coronet,barrette,brett,inset,asset,soviet,vedette,gazette,chet,debt,gimlet,dragnet,flageolet,bet,net,suffragette,piet,pipette,offset,tet,roulette,wet,lorgnette,sweat,sunset,regret,clarinet,preset,met,upset,cassette,parapet,quintet,onset,epithet,inlet,abet,tibet,vignette,cabriolet,subset,corvette,forget,typeset,ethernet,baguette,sobriquet,threat,ret,pret,brunette,calumet,silhouette
garnetter,
garnetwork,
garnetz,
garni,mccarney,kulkarni,barney,carney,karney,sarni,marney,czarny,carny,arnie,carnie,mclarney,fahrney,barny,blarney,charney,harney,farney,garney,varni,arney,sarney,varney
garnice,
garniec,
garnierite,
garnish,barnish,tarnish,varnish,harnisch,harnish
garnishable,
garnished,unvarnished,tarnished,varnished
garnishee,
garnisheed,
garnisheeing,
garnisheement,
garnishees,
garnisheing,
garnisher,
garnishes,tarnishes,varnishes
garnishing,varnishing,tarnishing
garnishment,
garnishments,
garnishry,
garnison,
garniture,
garnitures,
garo,bolero,amero,pharoah,aero,fero,valero,borrero,bero,marrero,sphero-,bracero,ferrero,rivero,sparrow,sombrero,guerrero,ptero-,darrow,ribeiro,spero,sero-,madero,barrow,ibero,cordero,companero,vero,romero,varo,pharaoh,caballero,mero,dondero,otero,herro,cantero,taro,acero,barreiro,wheelbarrow,tinajero,botero,cuero,soltero,marrow,sclero,pinero,lucero,embarcadero,minero,montero,garrow,pinheiro,ferro-,quintero,aguero,herrero,sendero,mescalero,merrow,xero-,camero,ptero,serow,ferro,camaro,monteiro,sphero,barbero,passero,cerro,aero-,sclero-,carneiro,meroe,arrow,ranchero,escudero,narrow,gero,gerow,faro
garofalo,pangallo,dzialo,dalo,garafalo,paulo,collo,manalo,pollo,collow,metallo,cefalo,carollo,ciraulo,strollo,calo,gonzalo,depalo,salo,follow,khumalo,mallo,solow,malo,rollo,zollo,margalo,apollo,arevalo,ruffalo,arebalo,musalo,mollo,swallow,vassallo,wallo,figallo,depaulo,carballo,hollow,wallow,lovallo
garold,
garon,octagon,dawn,drawn,juan,lexicon,aileron,pylon,quan,john,tron,axon,han,polygon,yon,amadon,meson,pion,oregon,paragon,spawn,hon,liaison,bon,micron,boron,prawn,exon,yawn,mastodon,pawn,sean,epsilon,nylon,denouement,phenomenon,avalon,antiphon,marathon,pantheon,upon,amazon,pecan,con,withdrawn,forgone,foregone,celadon,bygone,argon,automaton,braun,brawn,crayon,carillon,babylon,yuan,wan,gone,salon,echelon,photon,baton,swan,ron,non,lawn,parmesan,oberon,neutron,iran,on,khan,agamemnon,chiffon,proton,flawn,hogan,coupon,radon,rapprochement,gabon,woebegone,pentagon,emoticon,oman,moron,fawn,capon,hexagon,don,aragon
garonne,mccarron,paran,karyn,mcclaran,gagarin,narron,daren,sharron,darrin,marrin,haran,garron,carin,starin,arron,karren,scarron,harran,barron,farran,staron,claren,carron,sharon,varan,arawn,barren,darin,harren,garran,albarran,arran,harron,baron
garoo,
garookuh,
garote,
garoted,
garoter,
garotes,
garoting,
garotte,bharat,carrot,caret,jarret,barret,garritt,carot,garrott,claret,arraught,garett,jarratt,marett,carotte,sarrett,garrett,arret,starrett,barrett,barratt,parrett,sharrett,garrotte,garrot,marat,marut
garotted,
garotter,
garotters,
garottes,
garotting,
garoua,
garous,kaross,varices,varus,sarris,clarrisse,varisse,laris,pharis,carus,marris,caris,mcdaris,pharris,clarisse,larus,parus,scarus,barris,garis,paris,harriss,arris,glarus,barrus,garris,carris,fitzharris
garpike,
gar-pike,
garpikes,
garrafa,
garran,mccarron,paran,karyn,mcclaran,gagarin,narron,daren,sharron,darrin,marrin,haran,garron,carin,starin,arron,karren,scarron,harran,barron,farran,garonne,staron,claren,carron,sharon,varan,arawn,barren,darin,harren,albarran,arran,harron,baron
garrard,
garrat,
garratt,lerot,demerit,parrott,ferret,carrot,sherrit,verrett,gerrit,karat,jarrett,merrett,sherritt,merit,karet,cerat,terret,parrot,cerat-,sterrett,garrett,inherit,berrett,sterett,wherret,disparate,herat,barrett,gehret,merrit,marrett,verit,teret,kerat,meritt,carat,kerat-,merritt,garret
garrattsville,
garred,menard,courtyard,nard,scard,blowhard,backyard,carde,dillard,barnyard,sparred,farmyard,canard,schoolyard,mastercard,bouchard,ard,brickyard,card,shipyard,avant-garde,chard,lard,charred,pickard,guard,broussard,renard,vanguard,beauregard,scorecard,churchyard,boatyard,regard,belgard,barnard,marred,tared,starred,junkyard,jarred,bongard,lifeguard,lazard,safeguard,shard,stockyard,bombard,chouinard,barred,flashcard,garde,tarred,lumberyard,bernard,discard,bankcard,yard,bodyguard,disbarred,barde,graveyard,fugard,wildcard,gnarred,knarred,postcard,gaspard,parred,hard,gard,disregard,billard,boulevard,picard,diehard,blvd,dockyard,retard,vcard,gerard,scarred,godard,leotard,bard
garrek,
garret,lerot,demerit,parrott,ferret,carrot,sherrit,verrett,gerrit,karat,jarrett,garratt,merrett,sherritt,merit,karet,cerat,terret,parrot,cerat-,sterrett,garrett,inherit,berrett,sterett,wherret,disparate,herat,barrett,gehret,merrit,marrett,verit,teret,kerat,meritt,carat,kerat-,merritt
garreted,
garreteer,
garreth,
garretmaster,
garrets,carrots,parrots,maritz,karatz,merritts,demerits,inherits,gerrits,ferrets,merits,carats,jerritts
garretson,
garrett,lerot,bharat,demerit,parrott,ferret,caret,carrot,verrett,gerrit,karat,jarret,jarrett,barret,garratt,merrett,garritt,merit,carot,garrott,karet,claret,cerat,arraught,terret,garett,jarratt,parrot,cerat-,marett,carotte,sterrett,inherit,berrett,sterett,wherret,arret,disparate,garotte,herat,barrett,starrett,kerat-,gehret,barratt,merrit,marrett,parrett,verit,garrotte,kerat,teret,meritt,carat,garrot,marat,marut,merritt,garret
garrettsville,
garry,february,airy,hereditary,strawberry,necessary,contemporary,stationery,prairie,barre,subsidiary,nary,seminary,bury,dictionary,commentary,literary,arbitrary,marry,very,itinerary,customary,secretary,culinary,harry,sanitary,discretionary,unitary,solitary,adversary,luminary,tertiary,extraordinary,raspberry,missionary,stationary,preliminary,proprietary,mary,imaginary,contrary,emissary,ancillary,visionary,ary,unnecessary,merry,epistolary,blueberry,vary,berry,monetary,fiduciary,pecuniary,estuary,tributary,revolutionary,scary,apothecary,reactionary,dairy,beneficiary,capillary,eyrie,cautionary,vocabulary,monastery,mulberry,military,judiciary,primary,veterinary,pulmonary,sedentary,canary,hairy,legendary,obituary,corollary,temporary,arie,cherry,salutary,aerie,secondary,confectionary,gooseberry,mercenary,huckleberry,sanctuary,cemetery,ordinary,tarry,wary,fairy,lapidary,ferry,parry,confectionery,carry,library
garrya,
garryaceae,
garrick,gericke,homeric,alphanumeric,derrick,atmospheric,merrick,lerach,serac,barrick,ferric,numeric,barbaric,sherrick,herrick,derick,derik,cleric,terek,deryck,ionospheric,gerich,burek,barrack,sherick,varick,daric,ferrick,burich,derek,kerrick,weyrich,esoteric,baric,mesenteric,generic,carrick,skerrick,tumeric,deroche,hysteric,gerrick
garridge,
garrigue,
garrigues,migues,rodriques
garrik,
garring,
garris,kaross,varices,varus,sarris,clarrisse,varisse,laris,pharis,carus,marris,caris,mcdaris,pharris,clarisse,larus,parus,scarus,barris,garis,paris,harriss,arris,glarus,barrus,carris,fitzharris,garous
garrison,carrisyn,characin,larrison,saracen,larison,barracan,sarrasin
garrisoned,
garrisonian,
garrisoning,
garrisonism,
garrisons,
garrisonville,
garrity,austerity,prosperity,severity,gerrity,solidarity,asperity,irregularity,verity,barbarity,polarity,familiarity,geraghty,celerity,varity,insularity,gerety,unfamiliarity,posterity,dexterity,ferrety,unpopularity,temerity,charity,vulgarity,sincerity,peculiarity,hilarity,parity,popularity,rarity,regularity,disparity,similarity,clarity
garrnishable,
garron,mccarron,paran,karyn,mcclaran,gagarin,narron,daren,sharron,darrin,marrin,haran,carin,starin,arron,karren,scarron,harran,barron,farran,garonne,staron,claren,carron,sharon,varan,arawn,barren,darin,harren,garran,albarran,arran,harron,baron
garrons,
garroo,
garrooka,
garrot,bharat,carrot,caret,jarret,barret,garritt,carot,garrott,claret,arraught,garett,jarratt,marett,carotte,sarrett,garrett,arret,garotte,starrett,barrett,barratt,parrett,sharrett,garrotte,marut,marat
garrote,
garroted,
garroter,
garroters,
garrotes,
garroting,
garrott,bharat,carrot,caret,jarret,barret,garritt,carot,claret,arraught,garett,jarratt,marett,carotte,sarrett,garrett,arret,garotte,starrett,barrett,barratt,parrett,sharrett,garrotte,garrot,marat,marut
garrotte,bharat,carrot,caret,jarret,barret,garritt,carot,garrott,claret,arraught,garett,jarratt,marett,carotte,sarrett,garrett,arret,garotte,starrett,barrett,barratt,parrett,sharrett,garrot,marat,marut
garrotted,
garrotter,
garrottes,carrots,clarets,marotz,carets,starets
garrotting,
garrulinae,
garruline,
garrulity,
garrulities,
garrulous,perilous,querulous,carolus
garrulously,
garrulousness,
garrulousnesses,
garrulus,arilus,parulis
garrupa,
gars,dinars,handlebars,guitars,ares,aerostars,superstars,motorcars,feldspars,tokars,seminars,marz,haars,hectares,scars,barres,jaguars,barrs,maars,sitars,spars,stars,vars,boxcars,starrs,bars,cars,memoirs,nars,avatars,magyars,reservoirs,minicars,jars,railcars,mars,sars,kahrs,marrs,czars,registrars,baars,pars,tsars,chars,barz,renoirs,lars,cigars,sidebars,ours,bazaars,radars
garse,
garshuni,
garsil,
garson,marson,farcin,barson,arschin,larsson,richarson,carson,farson,karson,larsen,arson,parson,mccarson,larson,ingimarson
garston,garstin,carsten,karsten,harston,marston
gart,
garten,spartan,barton,partin,kindergarten,mccartan,marten,smarten,parten,carton,harton,mcmartin,hartin,barten,harten,demartin,mccarten,garton,weingarten,rosengarten,marton,martyn,kilmartin,bongarten,hallgarten,mccartin,parton,martin,gilmartin,gartin,tartan,sartin,guilmartin,hearten,darton
garter,barter,carter,karter,vanmarter,parter,nonstarter,starter,mcartor,martyr,darter,marter,harter,tartar,tarter,mccarter,arter,sartor,smarter,hartter,charter
garter-blue,
gartered,bartered,martyred,unchartered,chartered
gartering,chartering,martyring,bartering
garterless,
garters,charters,starters,tartars,carters,nonstarters,dartars,martyrs,darters
garter's,
garth,neuharth,wohlfarth,barth,seyfarth,sparth,darth,breitbarth,hearth,marth,hackbarth,hogarth,arth,applegarth,harth
garthman,
garthrod,
garths,
gartner,hartner,cartner,kindergartner,partner,baumgartner,copartner
garua,
garuda,suda,judah,duda,doodah,truda,labuda,yasuda,barracuda,ruda,masuda,arruda,okuda,siuda,fukuda,huda,barbuda,neruda,gooda,uhde,buddha,shuda,bermuda,cernuda,tsuda,yehuda,matsuda
garum,karam,harim,carom,sarum,carum,haram,maremme,muharram,param,larum,marum,tarim,carrom
garv,
garvance,
garvanzo,
garvey,larvae,jarvie,harvey,arvey,garvie,carvey,jarvey,harvie,corve,jarvi,corvi
garveys,
garvy,
garvie,larvae,jarvie,harvey,arvey,carvey,jarvey,garvey,harvie,corve,jarvi,corvi
garvin,arvin,carven,darvon,carvin,marvin,harvin,parvin,tarvin
garvock,
garwin,marwin,darwin,arwen
garwood,womanhood,blackwood,could,underwood,greenwood,brotherhood,redwood,statehood,brentwood,cottonwood,logwood,heartwood,wildwood,eastwood,adulthood,devilwood,wood,fleetwood,haywood,wormwood,deadwood,isherwood,driftwood,elwood,withstood,neighborhood,pulpwood,girlhood,osgood,firewood,misunderstood,leatherwood,dogwood,littlewood,victimhood,wedgwood,hollywood,manhood,falsehood,smallwood,inglewood,rockwood,ironwood,sherwood,corkwood,hardwood,parenthood,childhood,goode,understood,silkwood,boyhood,collingwood,hood,plywood,fatherhood,should,beechwood,teakwood,babyhood,allgood,kenwood,greasewood,oakwood,dagwood,livelihood,edgewood,nationhood,stood,englewood,marwood,heywood,tanglewood,elmwood,likelihood,schuld,would,hazelwood,motherhood,rosewood,atwood,wedgewood,ravenswood,softwood,westwood,sainthood,good,boxwood,knighthood
garzon,tarzan,carson,sarsen,marzan,arsen
gas,crass,brass,ass,rasse,lasse,middle-class,frass,smartass,hass,basse,glass,underpass,snodgrass,impasse,eyeglass,mass,chasse,underclass,sasse,vass,fass,sass,sunglass,casque,hourglass,grasse,sassafras,outclass,class,lass,spyglass,bras,yass,jackass,masse,das,cass,nass,wrasse,tasse,plas,bass,blass,alas,alsace,landmass,pass,bypass,sas,casse,overpass,glas,morass,last,brasse,repass,bluegrass,kvass,amass,cas,trespass,plexiglass,strass,surpass,ras,gras,plexiglas,fiberglass,tass,eelgrass,harass,trass,contrasts,grass
gas-absorbing,
gasalier,
gasaliers,
gasan,
gasbag,
gas-bag,
gasbags,
gasboat,
gasburg,
gas-burning,
gas-charged,
gascheck,
gas-check,
gascogne,glasson,glassen,assassin,lassen,kassin,mcglasson,yassin,cassin,tassin,classon,kassen,sasson,dracin,fasten,fason,assen,hassen,klassen,chason,nason,cason,kasson,sasin,casson,stassen,pengassan,clason,yasin,lasagne,plasson,bason,masson,passon,bassin,kassan,gassen,hasson,classen,chasin
gascoign,
gascoigne,
gascoigny,
gascoyne,
gascon,rascon,nebraskan,alaskan,gaskin,baskin,laskin,raskyn,raskin,brascan,haskin
gasconade,
gasconaded,
gasconader,
gasconading,
gascony,
gasconism,
gascons,gaskins,alaskans,nebraskans,baskins,haskins
gascromh,
gas-delivering,
gas-driven,
gaseity,aseity
gas-electric,
gaselier,
gaseliers,
gaseosity,
gaseous,masius
gaseously,
gaseousness,
gases,molasses,surpasses,landmasses,asses,glasses,passes,morasses,outclasses,hourglasses,amasses,agassiz,gasses,boardingpasses,overpasses,brasses,harasses,lasses,wrasses,fasces,grasses,bypasses,classes,eyeglasses,tasses,thasos,sunglasses,masses,basses
gas-filled,
gas-fired,
gasfiring,
gas-fitter,
gas-fitting,
gash,mishmash,kash,flash,cache,thrash,plash,dasch,noncash,lasch,lash,backslash,potash,cybercash,tash,mash,slapdash,balderdash,splash,sash,hash,brash,jordache,bash,rehash,trash,gnash,pash,shash,whiplash,backlash,brasch,moustache,slash,smash,stash,rasch,asch,eyelash,clash,cash,mustache,dash,crash,abash,rash,asche,nashe,basch,ash,ashe,nash,hasch
gas-heat,
gas-heated,
gashed,cached,crashed,splashed,mashed,unabashed,lashed,bashed,cashed,sashed,slashed,thrashed,hashed,flashed,gnashed,trashed,plashed,mustached,abashed,smashed,rasht,dashed,fashed,stashed,clashed
gasher,
gashes,thrashes,splashes,cashes,sashes,dashes,crashes,mustaches,eyelashes,stashes,caches,smashes,bashes,rashes,mattias,clashes,ashes,slashes,trashes,mashes,backslashes,lashes,hashes,whiplashes,backlashes,flashes,gnashes
gashest,
gashful,bashful
gash-gabbit,
gashy,
gashing,dashing,splashing,fasching,mashing,cashing,plashing,lashing,crashing,bashing,hashing,trashing,slashing,caching,flashing,gnashing,smashing,thrashing,stashing,rehashing,fashing,clashing
gashly,
gashliness,
gasholder,
gashouse,glasshouse
gashouses,
gash's,
gasify,
gasifiable,
gasification,litigation,population,generation,reservation,evaluation,innovation,inclination,creation,aberration,implementation,preparation,reputation,administration,deviation,corporation,abomination,operation,accommodation,situation,information,determination,representation,translation,consideration,affirmation,obfuscation,gentrification,meditation,articulation,connotation,civilization,dedication,alliteration,conservation,segregation,indignation,motivation,sensation,revelation,remediation,configuration,anticipation,salvation,station,dissertation,citation,proliferation,obligation,aspiration,relation,radiation,variation,designation,conversation,compensation,education,location,consternation,organization,association,orientation,collocation,manifestation,pronunciation,appreciation,constellation,integration,interpretation,communication,precipitation,vocation,quotation,implication,application,nation,vacation,transportation,conflagration,rehabilitation,foundation,transformation,presentation,discrimination,trepidation,affiliation,medication,cooperation,expectation,reconciliation,correlation,adaptation,observation,ramification,remuneration,inspiration,abbreviation,collaboration,altercation,notation,approbation
gasified,
gasifier,classifier
gasifiers,
gasifies,
gasifying,pacifying
gasiform,vasiform,aciform
gaskell,mccaskill,hascall,haskell,kaskel,rascal,maskell
gasket,haskett,baskett,plaskett,casket,basket,wastebasket,breadbasket,mascot
gaskets,caskets,wastebaskets,baskets
gaskill,thrill,tamil,belleville,hill,until,standstill,fill,fille,goodwill,skill,anthill,overkill,prill,swill,dill,mil,bil,til,fil,rille,frill,abril,bill,brill,pill,till,trill,lil,grille,gil,downhill,zil,stil,will,foothill,albertville,schill,ill,deville,handbill,il,bastille,dphil,shill,advil,uphill,treadmill,quill,rill,ville,refill,grill,ghyll,pil,drill,brazil,still,krill,sil,phil,crill,thill,lille,landfill,zill,sill,mille,distill,daffodil,gill,hornbill,seville,shrill,kill,cowgill,nill,overfill,demille,distil,instill,nil,molehill,fulfill,bougainville,wil,chill,jill,windmill,mandeville,spill,twill,sawmill,mill
gaskin,rascon,nebraskan,alaskan,baskin,laskin,raskyn,brascan,raskin,gascon,haskin
gasking,
gaskings,
gaskins,gascons,alaskans,nebraskans,baskins,haskins
gas-laden,
gas-lampy,
gasless,
gaslight,
gas-light,
gaslighted,
gaslighting,
gaslightness,
gaslights,
gaslike,
gaslit,haslett
gaslock,
gasmaker,
gasman,
gasmata,
gasmen,classmen,underclassmen
gasmetophytic,
gasogen,
gasogene,
gasogenes,
gasogenic,
gasohol,pall,oddball,trawl,forestall,dall,waterfall,natal,alcohol,hardball,enthral,pitfall,gaul,dol,senegal,freefall,coll,banal,squall,volleyball,scrawl,moll,eyeball,fireball,appall,landfall,stall,loll,hall,cholesterol,fall,tal,snowball,cortisol,raul,small,mall,caul,pol,screwball,shortfall,ball,nepal,recall,windfall,doll,paul,aerosol,wherewithal,overall,softball,sprawl,maul,neanderthal,footfall,all,downfall,call,saul,tall,gall,catcall,baseball,drawl,wall,overhaul,thrall,pratfall,fastball,retinol,protocol,nightfall,cabal,blackball,bol,spall,catchall,football,haul,ethanol,sol,luminol,befall,meatball,basketball,drywall,brawl,mothball,handball,stonewall,cannonball,rainfall,crawl,bawl,install,atoll,shawl,dahl,butterball
gasohols,
gasolene,
gasolenes,
gasolier,
gasoliery,
gasoliers,
gasoline,sardine,figurine,sistine,scene,marine,treen,internecine,foreseen,convene,glean,mein,reconvene,obscene,leen,jean,contravene,gelatine,lien,peregrine,tourmaline,philistine,guillotine,queen,florentine,magazine,eugene,submarine,vaccine,trampoline,between,umpteen,geraldine,bean,cuisine,saline,spleen,keen,mean,sabine,preteen,gene,selene,amin,augustine,routine,lean,agin,demean,tangerine,libertine,preen,clementine,ravine,nene,undine,green,vien,protein,quarantine,bromine,evergreen,holstein,irene,careen,baleen,byzantine,murine,aberdeen,dean,thirteen,opaline,hygiene,casein,limousine,mien,argentine,serene,sheen,mezzanine,canteen,sunscreen,screen,aquamarine,clean,aniline,caffeine,seen,teen,wolverine,latrine,feine,halloween,unforeseen,labyrinthine,fifteen,intervene,amphetamine,machine,wean,kerosene
gasoline-electric,
gasolineless,
gasoline-propelled,
gasoliner,
gasolines,carotenes,fifteens,cleans,preteens,jeans,menes,demeans,spleens,beans,cuisines,fourteens,opalines,ravines,eritreans,greens,jeanes,miens,screens,viens,brenes,reconvenes,canteens,queans,newsmagazines,deans,weins,peregrines,queens,sardines,bylines,amphetamines,leans,peens,caesareans,weans,eanes,phillipines,keens,betweens,geans,argentines,proteins,smithereens,skeens,routines,eighteens,genes,convenes,penes,libertines,marines,denes,scenes,gleans,tangerines,gabardines,figurines,evergreens,psenes,slovenes,latrines,liens,philippines,means,teens,sunscreens,appleans,nitrosamines,wiens,sixteens,machines,deines,saenz,alkenes,vaccines,sheens,magazines,limousines,mangosteens,soybeans,intervenes,philistines,quarantines,careens,submarines,martines
gasolinic,
gasometer,
gasometry,
gasometric,
gasometrical,
gasometrically,
gas-operated,
gasoscope,
gas-oxygen,
gasp,grasp,agasp,asp,rasp,clasp,handclasp
gaspar,jasper,asper,casper,gasper,rasper,clasper,kaspar,grasper,caspar,glasper,kasper
gaspard,menard,courtyard,nard,scard,blowhard,backyard,carde,dillard,barnyard,sparred,farmyard,canard,schoolyard,mastercard,bouchard,ard,brickyard,card,shipyard,avant-garde,chard,lard,charred,pickard,guard,broussard,renard,vanguard,beauregard,scorecard,churchyard,boatyard,regard,belgard,barnard,marred,tared,starred,junkyard,jarred,bongard,lifeguard,lazard,safeguard,shard,stockyard,bombard,chouinard,barred,flashcard,garde,tarred,lumberyard,bernard,discard,bankcard,yard,bodyguard,disbarred,barde,graveyard,fugard,wildcard,gnarred,knarred,postcard,parred,hard,gard,disregard,billard,boulevard,picard,diehard,blvd,dockyard,retard,vcard,gerard,scarred,godard,leotard,bard
gasparillo,
gasparo,
gaspe,glaspie,glaspy,raspy
gasped,grasped,hasped,clasped,rasped
gaspee,
gasper,jasper,asper,casper,rasper,clasper,kaspar,grasper,caspar,glasper,kasper,gaspar
gaspereau,
gaspereaus,
gaspergou,
gaspergous,
gasperi,
gasperoni,
gaspers,
gaspy,
gaspiness,
gasping,grasping,hasping,clasping,rasping
gaspingly,
gaspinsula,
gas-plant,
gasport,
gas-producing,
gasproof,
gas-propelled,
gasps,hasps,grasps,rasps,clasps
gasquet,
gas-resisting,
gas-retort,
gass,crass,brass,ass,rasse,lasse,middle-class,frass,smartass,hass,basse,glass,underpass,snodgrass,impasse,eyeglass,mass,chasse,underclass,sasse,vass,fass,sass,sunglass,casque,hourglass,grasse,gas,sassafras,class,lass,outclass,spyglass,bras,yass,jackass,masse,das,cass,nass,wrasse,tasse,plas,bass,blass,alas,alsace,landmass,pass,bypass,sas,casse,overpass,glas,morass,last,brasse,repass,bluegrass,kvass,amass,cas,trespass,plexiglass,strass,surpass,ras,gras,plexiglas,fiberglass,tass,eelgrass,harass,trass,contrasts,grass
gas's,
gassaway,
gassed,clast,telecast,superfast,amassed,outclassed,downcast,enthusiast,nast,triplecast,miscast,vast,amcast,grassed,prendergast,surpassed,tillinghast,massed,rebroadcast,flabbergast,simulcast,brast,lymphoblast,ghast,ast,comcast,rast,fast,caste,qualcast,kast,gast,polycast,broadcast,forecast,hast,recast,lightfast,classed,snast,outcast,bast,chloroplast,aghast,bypassed,plast,blast,outlast,contrast,last,cast,precast,glassed,unsurpassed,colorfast,newscast,assed,harassed,asked,everlast,passed,lambaste,mast,holdfast,iconoclast,sassed,chast,sandblast,steadfast,mast-,blast-,podcast,belfast,typecast,overcast,pendergast,past
gassendi,
gassendist,
gasser,crasser,vassar,sasser,strasser,masseur,passer,glasser,harasser,lasser,masser,masur,vasseur,vasser,placer,cassar,brasseur,kassar,nassar,massar,asser,yasser,grasser,nasser
gasserian,
gassers,
gasses,molasses,surpasses,landmasses,asses,glasses,passes,morasses,outclasses,hourglasses,amasses,agassiz,boardingpasses,overpasses,brasses,harasses,lasses,wrasses,fasces,grasses,bypasses,classes,eyeglasses,tasses,thasos,sunglasses,gases,masses,basses
gassy,fasci,blassie,hassey,rasey,massi,passey,malagasy,brassy,thlaspi,glassy,massie,jassy,passy,profligacy,classy,lassi,bassi,cassie,masci,glassey,efficacy,grassi,stassi,uliassi,passee,selassie,kasey,massey,chassis,tassi,grassy,sassi,vasey,cassi,brassie,vassey,massy,plassey,tallahassee,paspy,sassy,assay,lassie
gassier,glassier,gasior,grassier,brassier,classier,sassier
gassiest,glassiest,sassiest,classiest,brassiest,grassiest
gassiness,
gassing,bypassing,passing,hassing,sassing,glassing,maseng,harassing,outclassing,paseng,massing,classing,surpassing,amassing,trespassing,pasang,kassing,grassing
gassings,
gassit,
gassman,gassmann,hasman,sassman,pasman,massman,glassman,hassman,bassman,asman,lassman,rasmin,passman,massmann,classman,strassman,grassman
gassville,
gast,clast,telecast,superfast,amassed,outclassed,downcast,enthusiast,nast,triplecast,miscast,vast,amcast,grassed,prendergast,surpassed,tillinghast,massed,rebroadcast,flabbergast,simulcast,brast,lymphoblast,ghast,ast,comcast,rast,fast,caste,qualcast,kast,polycast,broadcast,forecast,hast,recast,lightfast,classed,snast,outcast,bast,chloroplast,aghast,bypassed,plast,blast,outlast,contrast,last,cast,precast,glassed,unsurpassed,colorfast,newscast,assed,harassed,asked,everlast,passed,lambaste,mast,holdfast,iconoclast,sassed,chast,sandblast,steadfast,gassed,mast-,podcast,belfast,blast-,typecast,overcast,pendergast,past
gastaldite,
gastaldo,
gasted,
gaster,raster,faster,goodpaster,pastor,caster,newscaster,webmaster,mcmaster,laster,quartermaster,alabaster,burgomaster,aster,broadcaster,jaster,kaster,sportscaster,headmaster,forecaster,concertmaster,roadmaster,toastmaster,paster,schoolmaster,castor,lancaster,disaster,podcaster,grandmaster,blaster,plaster,scoutmaster,master,stratocaster,macmaster,buckmaster,vaster,oleaster,taskmaster,astor,ringmaster,postmaster,pilaster
gaster-,
gasteralgia,
gasteria,
gasterocheires,
gasterolichenes,
gasteromycete,
gasteromycetes,
gasteromycetous,
gasterophilus,
gasteropod,
gasteropoda,
gasterosteid,
gasterosteidae,
gasterosteiform,
gasterosteoid,
gasterosteus,
gasterotheca,
gasterothecal,
gasterotricha,
gasterotrichan,
gasterozooid,
gasters,
gas-testing,
gastful,
gasthaus,
gasthauser,
gasthauses,
gastight,gas-tight
gastightness,
gastineau,otto,radio,hello,go,roe,aficionado,bowe,aglow,tow,willow,whoa,so,adagio,blow,portfolio,torso,snow,flow,escrow,audio,forego,owe,glow,rococo,below,rhino,hoe,o,undergo,hydro,overthrow,rainbow,bio,fallow,mo,pro,portico,yoe,tornado,indigo,slow,gusto,dado,co,ho,show,winnow,throw,grow,woe,tableau,low,veto,calypso,coco,glo,photo,bestow,patio,espresso,cameo,mow,meadow,apropos,tomorrow,micro,buffalo,though,plough,row,lo,tomato,although,archipelago,sew,grotto,manifesto,plateau,potato,crow,beau,studio,joe,borrow,toe,vertigo,forgo,no,shadow,know,dough,virago,torpedo,quo,tempo,ratio,foe,doe
gasting,
gastly,
gastness,pastness,ghastness,fastness,steadfastness,lightfastness,vastness
gastnesses,
gaston,caston,haston,masten,kasten,bastien,bastin,shastan,baston,aston,plastin,casten,glassed-in,mastin,maston
gastonia,cydonia,caledonia,slovonia,vernonia,petronia,idonia,sophronia,colonia,gonia,macedonia,vidonia,sidonia,donia,tonia,antonia,adonia,madonia,patagonia,estonia,harmonia,sloanea,philharmonia,ansonia,new-caledonia,diaphonia,amazonia,rondonia,sinfonia,latonia,slavonia,omonia
gastonville,
gastornis,
gastornithidae,
gastr-,gastr
gastradenitis,
gastraea,astraea
gastraead,
gastraeadae,
gastraeal,
gastraeas,
gastraeum,
gastral,
gastralgy,
gastralgia,
gastralgic,
gastraneuria,
gastrasthenia,
gastratrophia,
gastrea,
gastreas,
gastrectasia,
gastrectasis,
gastrectomy,
gastrectomies,
gastrelcosis,
gastric,
gastricism,
gastrilegous,
gastriloquy,
gastriloquial,
gastriloquism,
gastriloquist,
gastriloquous,
gastrimargy,
gastrin,nastran,plastron,astron
gastrins,plastrons
gastritic,
gastritis,arvanitis,detritus,whitis,situs,mazaitis,laryngitis,vitus,meningitis,mastoiditis,arthritis,zemaitis,bronchitis,moraitis,citess,titus,pleuritis,vitis,encephalitis,osteoarthritis,unitas,phlebitis,hepatitis,petraitis,fleitas
gastro-,zastrow,policastro,decastro,verrastro,locastro,nicastro,astro,yastrow,belcastro,mastro,delmastro,astro-,gastro,castro
gastroadenitis,
gastroadynamic,
gastroalbuminorrhea,
gastroanastomosis,
gastroarthritis,
gastroatonia,
gastroatrophia,
gastroblennorrhea,
gastrocatarrhal,
gastrocele,
gastrocentrous,
gastrochaena,
gastrochaenidae,
gastrocystic,
gastrocystis,
gastrocnemial,
gastrocnemian,
gastrocnemii,
gastrocnemius,
gastrocoel,
gastrocoele,
gastrocolic,
gastrocoloptosis,
gastrocolostomy,
gastrocolotomy,
gastrocolpotomy,
gastrodermal,
gastrodermis,
gastrodialysis,
gastrodiaphanoscopy,
gastrodidymus,
gastrodynia,
gastrodisc,
gastrodisk,
gastroduodenal,
gastroduodenitis,
gastroduodenoscopy,
gastroduodenostomy,
gastroduodenostomies,
gastroduodenotomy,
gastroelytrotomy,
gastroenteralgia,
gastroenteric,
gastroenteritic,
gastroenteritis,
gastroenteroanastomosis,
gastroenterocolitis,
gastroenterocolostomy,
gastroenterology,
gastroenterologic,
gastroenterological,
gastroenterologically,
gastroenterologist,
gastroenterologists,
gastroenteroptosis,
gastroenterostomy,
gastroenterostomies,
gastroenterotomy,
gastroepiploic,
gastroesophageal,
gastroesophagostomy,
gastrogastrotomy,
gastrogenic,
gastrogenital,
gastrogenous,
gastrograph,
gastrohelcosis,
gastrohepatic,
gastrohepatitis,
gastrohydrorrhea,
gastrohyperneuria,
gastrohypertonic,
gastrohysterectomy,
gastrohysteropexy,
gastrohysterorrhaphy,
gastrohysterotomy,
gastroid,
gastrointestinal,intestinal,destinal
gastrojejunal,
gastrojejunostomy,
gastrojejunostomies,
gastrolater,
gastrolatrous,
gastrolavage,
gastrolienal,
gastrolysis,
gastrolith,
gastrolytic,
gastrolobium,
gastrologer,
gastrology,
gastrological,
gastrologically,
gastrologist,
gastrologists,
gastromalacia,
gastromancy,astromancy
gastromelus,
gastromenia,
gastromyces,
gastromycosis,
gastromyxorrhea,
gastronephritis,
gastronome,
gastronomer,
gastronomes,
gastronomy,economy,astronomy,ideonomy,autonomy,metonomy
gastronomic,atomic,tomich,hommock,autonomic,bromic,noneconomic,bombic,adamec,monatomic,technomic,islamic,uneconomic,dromic,romack,ohmic,wommack,commack,romic,romick,macroeconomic,microeconomic,ergonomic,adamik,tragicomic,diatomic,palmic,economic,nomic,comic,subatomic,socioeconomic
gastronomical,
gastronomically,
gastronomics,
gastronomies,
gastronomist,
gastronosus,
gastro-omental,
gastropancreatic,
gastropancreatitis,
gastroparalysis,
gastroparesis,
gastroparietal,
gastropathy,
gastropathic,
gastroperiodynia,
gastropexy,
gastrophile,
gastrophilism,
gastrophilist,
gastrophilite,
gastrophilus,
gastrophrenic,
gastrophthisis,
gastropyloric,
gastroplasty,sastra,astra,castra,shastra,lastra
gastroplenic,
gastropleuritis,
gastroplication,
gastropneumatic,
gastropneumonic,
gastropod,
gastropoda,
gastropodan,
gastropodous,
gastropods,
gastropore,
gastroptosia,
gastroptosis,
gastropulmonary,
gastropulmonic,
gastrorrhagia,
gastrorrhaphy,
gastrorrhea,
gastroschisis,
gastroscope,soap,lope,microscope,schoepf,scope,elope,rope,epitope,ophthalmoscope,stope,grope,endoscope,slope,kope,polariscope,partenope,shope,schoepp,softsoap,antroscope,groep,swope,pope,strope,telescope,allotrope,mope,envelope,proctoscope,cantaloupe,dope,laryngoscope,hope,tope,koep,oscilloscope,kaleidoscope,antelope,horoscope,knope,isotope,misanthrope,stethoscope,bronchoscope,sope,interscope,heliotrope,trope,nope,periscope,gyroscope,isentrope,cope,koepp,tightrope
gastroscopy,astroscopy
gastroscopic,
gastroscopies,
gastroscopist,
gastrosoph,
gastrosopher,
gastrosophy,
gastrospasm,
gastrosplenic,
gastrostaxis,
gastrostegal,
gastrostege,
gastrostenosis,
gastrostomy,
gastrostomies,
gastrostomize,
gastrostomus,
gastrosuccorrhea,
gastrotaxis,
gastrotheca,
gastrothecal,
gastrotympanites,
gastrotome,
gastrotomy,
gastrotomic,
gastrotomies,
gastrotrich,
gastrotricha,gastrotrocha
gastrotrichan,
gastrotubotomy,
gastrovascular,cardiovascular,vascular
gastroxynsis,
gastrozooid,
gastrula,
gastrulae,astrally
gastrular,
gastrulas,
gastrulate,debate,communicate,appropriate,demonstrate,coordinate,adequate,subordinate,rate,ameliorate,abdicate,weight,postulate,vacillate,abrogate,incorporate,abate,dedicate,desolate,delegate,commiserate,evaluate,manipulate,facilitate,elucidate,elaborate,freight,fate,estate,celebrate,stipulate,mandate,estimate,assimilate,create,accommodate,trait,denigrate,delineate,consummate,late,wait,graduate,cultivate,slate,innate,propagate,moderate,disseminate,conflate,obviate,profligate,straight,update,separate,anticipate,resonate,collate,gait,date,relate,state,alleviate,emanate,mitigate,spate,advocate,obfuscate,emulate,plate,precipitate,compensate,surrogate,predicate,integrate,intimate,consolidate,gate,corroborate,indicate,rait,deprecate,mate,deliberate,associate,repudiate,designate,great,articulate,inculcate,collaborate,reiterate,arrogate,alternate,exacerbate,procrastinate,extrapolate,dissipate,contemplate,initiate,appreciate
gastrulated,
gastrulating,
gastrulation,litigation,population,generation,reservation,evaluation,innovation,inclination,creation,aberration,implementation,preparation,reputation,administration,deviation,corporation,abomination,operation,accommodation,situation,information,determination,representation,translation,consideration,affirmation,obfuscation,gentrification,meditation,articulation,connotation,civilization,dedication,alliteration,conservation,segregation,indignation,motivation,sensation,revelation,remediation,configuration,anticipation,salvation,station,dissertation,citation,proliferation,obligation,aspiration,relation,radiation,variation,designation,conversation,compensation,education,location,consternation,organization,association,orientation,collocation,manifestation,pronunciation,appreciation,constellation,integration,interpretation,communication,precipitation,vocation,quotation,implication,application,nation,vacation,transportation,conflagration,rehabilitation,foundation,transformation,presentation,discrimination,trepidation,affiliation,medication,cooperation,expectation,reconciliation,correlation,adaptation,observation,ramification,remuneration,inspiration,abbreviation,collaboration,altercation,notation,approbation
gastruran,
gasts,
gasworker,
gasworks,glassworks
gat,schmatte,sprat,sadat,thundercat,gnat,copycat,aristocrat,hat,sat,stat,matte,scat,patte,platte,doormat,inmarsat,kitcat,muskrat,format,tit-for-tat,rat,wildcat,bureaucrat,gujarat,matt,acrobat,thermostat,diplomat,chat,butterfat,wombat,platt,flat,mat,hatte,habitat,glatt,autocrat,blatt,chitchat,vat,ziggurat,democrat,bat,brickbat,elat,gatt,polecat,scrat,batt,patt,scatt,brat,tomcat,spat,bobcat,laundromat,kat,cat,technocrat,tat,placemat,caveat,begat,dat,fat,strat,nonfat,pratt,slat,pat,babysat,latke,at,bratt,pussycat,catt,plutocrat,aerostat,nat,splat,combat,that
gata,
gatch,kach,scratch,natch,vache,tatsch,tkach,overmatch,rach,patch,vlach,slatch,hatch,cratch,ratch,thach,lach,crache,lache,cumberbatch,rache,unattach,grzywacz,tatch,latsch,potlatch,rematch,attach,dispatch,matsch,mismatch,batch,smatch,tache,match,scatch,catch,fache,reattach,mache,thatch,stach,drach,bratsch,thermopatch,latch,trache,flach,klatch,fratch,whitlatch,detach,brach,krach,gach,hach,bache,snatch
gatchwork,
gate,debate,communicate,appropriate,demonstrate,coordinate,adequate,subordinate,rate,ameliorate,abdicate,weight,postulate,vacillate,abrogate,incorporate,abate,dedicate,desolate,delegate,commiserate,evaluate,manipulate,facilitate,elucidate,elaborate,freight,fate,estate,celebrate,stipulate,mandate,estimate,assimilate,create,exonerate,accommodate,trait,denigrate,delineate,consummate,late,wait,graduate,cultivate,slate,innate,propagate,moderate,disseminate,conflate,obviate,profligate,straight,update,separate,anticipate,resonate,collate,gait,date,relate,state,alleviate,emanate,mitigate,spate,advocate,obfuscate,emulate,plate,precipitate,compensate,surrogate,predicate,integrate,intimate,consolidate,corroborate,indicate,rait,deprecate,mate,deliberate,associate,repudiate,designate,great,articulate,inculcate,collaborate,reiterate,arrogate,alternate,exacerbate,procrastinate,extrapolate,dissipate,contemplate,initiate,appreciate
gateado,
gateage,
gateau,otto,radio,hello,go,roe,aficionado,bowe,aglow,tow,willow,whoa,so,adagio,blow,portfolio,torso,snow,flow,escrow,audio,forego,owe,glow,rococo,below,rhino,hoe,o,undergo,hydro,overthrow,rainbow,bio,fallow,mo,pro,portico,yoe,tornado,indigo,slow,gusto,dado,co,ho,show,winnow,throw,grow,woe,tableau,low,veto,calypso,coco,glo,photo,bestow,patio,espresso,cameo,mow,meadow,apropos,tomorrow,micro,buffalo,though,plough,row,lo,tomato,although,archipelago,sew,grotto,manifesto,plateau,potato,crow,beau,studio,joe,borrow,toe,vertigo,forgo,no,shadow,know,dough,virago,torpedo,quo,tempo,ratio,foe,doe
gateaux,bateaux,plateaux
gate-crash,gatecrash
gatecrasher,gate-crasher
gate-crasher,gatecrasher
gatecrashers,
gated,situated,elated,devastated,emaciated,outdated,integrated,understated,annotated,aggregated,deprecated,allocated,obligated,stated,emanated,bifurcated,dated,frustrated,exacerbated,intimated,sated,antiquated,orientated,automated,mandated,irritated,located,agitated,opinionated,dissipated,interrelated,incarcerated,slated,overrated,feted,contaminated,designated,affiliated,substantiated,exaggerated,animated,graduated,isolated,dilapidated,indicated,alienated,prorated,predicated,perforated,saturated,delineated,separated,exasperated,consolidated,inundated,created,appreciated,encapsulated,abated,precipitated,liberated,incapacitated,initiated,promulgated,elevated,stipulated,belated,sophisticated,inebriated,mitigated,intimidated,consecrated,serrated,motivated,anticipated,infatuated,intoxicated,articulated,corrugated,reiterated,unabated,fascinated,truncated,concentrated,unadulterated,attenuated,decapitated,educated,aggravated,unmitigated,exonerated,nauseated,incorporated,cultivated,relegated,bated,eviscerated,excoriated,associated,related,complicated
gatefold,eight-fold
gatefolds,
gatehouse,
gatehouses,
gatekeep,
gatekeeper,creeper,peeper,streeper,housekeeper,schlieper,scorekeeper,beeper,sleeper,heaper,teper,bookkeeper,deeper,weeper,gamekeeper,steeper,pieper,keiper,sweeper,cheaper,minesweeper,innkeeper,shopkeeper,beekeeper,doorkeeper,scheper,storekeeper,kieper,reaper,goalkeeper,peacekeeper,crowkeeper,keeper,leiper,leaper,groundskeeper,leeper,neeper
gate-keeper,
gatekeepers,peepers,keepers,weepers,sweepers,leapers,innkeepers,groundskeepers,scorekeepers,storekeepers,beekeepers,minesweepers,crowkeepers,bookkeepers,sleepers,creepers,shopkeepers,peacekeepers,jeepers,housekeepers,reapers,schepers,beepers
gate-leg,
,
