barefooted,
barege,
bareges,
bare-gnawn,
barehanded,
bare-handed,
barehead,
bareheaded,
bare-headed,
bareheadedness,
bareilly,ordinarily,unnecessarily,secondarily,necessarily,momentarily,wearily,militarily,summarily,merrily,primarily,neroli,voluntarily,preliminarily,customarily,extraordinarily,warily,arbitrarily,temporarily,pterylae,farrelly,sterilely
bareka,
bare-kneed,
bareknuckle,
bareknuckled,
barelegged,
bare-legged,
bareli,
barely,wehrli,fairly,airlie,fairley,fairlie,ferly,unfairly,warely,wehrly,sparely,rarely,squarely
barenboim,coym
barenecked,
bare-necked,
bareness,spareness,fairness,squareness,awareness,rareness,unfairness
barenesses,
barents,grandparents,parents,gerontes
bare-picked,
barer,airer,rarer,snarer,error,darer,seafarer,scherrer,wearer,terrar,mehrer,scarer,sharer,scharer,lehrer,parer,stretcher-bearer,bearer,standard-bearer,carer,starer,fairer,ferrer,squarer,farer,sparer,harar,terror,sherrer,kehrer,pairer,harer,preparer
bare-ribbed,
bares,berres,americares,blares,bears,hairs,multimillionaires,unawares,ensnares,scares,upstairs,stares,squares,daycares,chairs,thoroughfares,impairs,ayres,lairs,fairs,wares,flares,frontieres,affairs,downstairs,tears,wheelchairs,bures,pares,shares,legionnaires,compares,faires,errs,declares,mairs,nightmares,airs,spares,gerres,phares,backstairs,glares,pairs,forebears,fares,pears,jares,prepares,stairs,swears,repairs,hares,mares,housewares,prayers,freres,snares,despairs,billionaires,chaires,sayres,armchairs,fiduciares,airfares,khmers,xers,wears,theres,heirs,cares,somewheres,bankshares,millionaires,dares,questionnaires,gehres,theirs
baresark,
baresarks,
bare-skinned,
bare-skulled,
baresma,
barest,terraced,sparest,ferrest,marist,merest,aquarist,ayerst,rarest,embarrassed,fairest,squarest
baresthesia,
baret,
bare-throated,
bare-toed,
baretta,
bare-walled,
bare-worn,
barf,
barfed,
barff,
barfy,
barfing,harfang,scarfing,snarfing
barfish,garfish
barfly,
barflies,
barfly's,
barfs,scarfs
barful,jarful,farfalle,farfel,carful
barfuss,us,wuss,ghattas,tusseh,nuss,rus,minibus,shas,pruss,goldfus,suss,fuss,buss,hasenfus,adjusts,wass,gus,brus,fuhs,sluss,schoolbus,russ,brusk,discuss,prus,cus,bruss,plus,schuss,sus,struss,superfluous,xus,klus,pus,krus,nonpluss,quice,papenfuss,trus,truss,banderas,mistrusts,bus,russe,guss,thus,muhs,usphs,eurailpass,careplus,vanhuss,gruss,cuss,kus,puss,kuss,tusche,busse,huss,muckenfuss
bargain,sargon,largen,dargan,gargan,hargan,argun,sargen,vonbargen,jargon
bargainable,
bargain-basement,
bargain-counter,
bargained,jargoned,argand
bargainee,
bargainer,bargainor
bargainers,
bargain-hunting,
bargaining,jargoning
bargainor,bargainer
bargains,jargons,hargens
bargainwise,
bargander,
barge,parge,enlarge,large,marje,surcharge,mischarge,targe,discharge,recharge,charge,turbocharge,countercharge,sarge,telecharge,supercharge,farge,marge,sparge,lafarge,overcharge
bargeboard,
barge-board,
barge-couple,
barge-course,
barged,overcharged,recharged,discharged,mischarged,turbocharged,supercharged,charged,enlarged
bargee,georgi,marjie,bhattacharjy,marjy,parji,margie,margy
bargeer,
bargees,
bargeese,
bargehouse,
barge-laden,
bargelike,
bargelli,
bargello,
bargellos,
bargeload,
bargeman,chargeman
bargemaster,
bargemen,
bargepole,
barger,yarger,charger,sparger,larger
barge-rigged,
bargersville,
barges,discharges,enlarges,garges,countercharges,overcharges,larges,karges,turbocharges,defarges,charges,surcharges,mischarges
bargestone,
barge-stone,
bargh,
bargham,
barghest,guitarist,florist,czarist,tsarist
barghests,
barging,enlarging,parging,larging,recharging,discharging,sparging,charging,turbocharging,mischarging,overcharging
bargir,
bargoose,
bar-goose,
barguest,
barguests,
barhal,
barhamsville,
barhop,carhop
barhopped,
barhopping,
barhops,
bari,dimare,sorry,decesare,zangari,sparry,shari,butare,legare,amakudari,bottari,baldassare,popolare,knarry,lipari,imari,cribari,abare,callari,cundari,funari,mascari,atari,licari,degutare,ulibarri,molinari,cagliari,lauri,lamarre,starry,ferrari,pary,villari,anbari,amari,gaspari,baccari,baldassarre,kuranari,mari,lohrey,jarry,chary,sari,albukhari,altomare,halbutogullari,laari,bihari,correi,furnari,baldassari,saari,gortari,zary,harare,vicari,colombari,dibari,massari,canevari,callegari,frory,laurie,hari,montanari,gharry,gari,scolari,safari,ari,solari,vari,lazzari,dicesare,centauri,calamari,macari,ansari
bary,
baria,varia,echavarria,larrea,caria,chavarria
bariatrician,
bariatrics,
baric,barbaric,hysteric,mesenteric,homeric,varick,burich,gerrick,skerrick,deroche,gerich,terek,barrack,alphanumeric,esoteric,ferrick,herrick,garrick,sherrick,deryck,kerrick,atmospheric,ferric,tumeric,numeric,derik,cleric,merrick,derrick,burek,gericke,generic,daric,derick,derek,sherick,serac,barrick,lerach,carrick,weyrich,ionospheric
barycenter,barycentre
barycentre,barycenter
barycentric,
barid,
barie,
barye,
baryecoia,
baryes,
baryglossia,
barih,
barylalia,
barile,karle,aral,harle,parral,narghile,carle,delaurel
barylite,
barilla,perilla,spirilla,zorilla
barillas,
bariloche,
barimah,
barina,
barinas,
baring,repairing,schering,nehring,waring,declaring,mainwaring,wearing,bering,garing,gehring,snaring,red-herring,childbearing,preparing,daring,raring,meringue,haring,sharing,tearing,impairing,wareing,scaring,blaring,pairing,despairing,herring,bearing,zehring,serang,zeringue,unsparing,glaring,mehring,swearing,zaring,overbearing,paring,uncaring,chairing,fehring,caring,fairing,maring,manwaring,sparing,staring,behring,squaring,derring,comparing,flaring
bariolage,
baryon,
baryonic,
baryons,
baryphony,
baryphonia,
baryphonic,
baryram,
baris,safaris,charis,armendariz,saris
barish,garish,fairish,nightmarish,perish,harish,squarish,gerrish,farish,bearish,warish,parrish,buresh,parish,cherish,marish
barysilite,
barysphere,
barit,
barit.,
baryta,marita,arita,waratah
barytas,
barite,ferrite
baryte,thorite,urite,kerite,pleurite,laurite,porite,cerite,norite,nerite,aright,perite,sclerite,chlorite
baritenor,
barites,
barytes,neurites,orites,pyrites,sorites,porites,quirites,chlorites
barythymia,
barytic,parotic,carotic,paretic
barytine,
baryto-,
barytocalcite,
barytocelestine,
barytocelestite,
baryton,
baritonal,
baritone,overthrown,flown,sown,lodestone,own,chaperone,capone,milestone,mon,millstone,scone,roan,crone,simone,leone,joan,megaphone,strown,cicerone,rhinestone,loan,monotone,trombone,argonne,shown,ozone,thrown,rhone,groan,t-bone,drone,brownstone,tombstone,capstone,overblown,touchstone,gladstone,whetstone,mone,sharon,zone,cyclone,fone,atone,jawbone,moonstone,homegrown,moan,silicone,bone,undertone,xylophone,headphone,sloan,cologne,lone,rone,earphone,condone,cobblestone,disown,homophone,overtone,clone,anemone,telephone,bemoan,cornerstone,stone,francophone,blown,alone,acetone,known,prone,allophone,tone,saxophone,keystone,headstone,cone,backbone,grown,hone,limestone,intone,collarbone,sewn,postpone,throne,hormone,shone,microphone,pheromone,testosterone,gemstone,phone,unknown
barytone,
baritones,telephones,flagstones,bemoans,scones,earphones,cheekbones,zones,gallstones,microphones,businessphones,hones,cherrystones,hormones,headphones,chaperones,cornerstones,soens,tombstones,airfones,goans,saxophones,cobblestones,knowns,rhinestones,postpones,groans,lones,koans,headstones,fones,joens,thoennes,reesjones,intones,cyclones,allophones,owns,gravestones,madstones,moonstones,cones,trombones,crones,overtones,bones,stones,undertones,interacciones,phones,silicones,sones,leones,mones,daimones,thrones,crossbones,milestones,drones,gemstones,hipbones,keystones,lohnes,homophones,tones,unknowns,rhys-jones,goens,quinones,romanones,clones,limestones,roans,halftones,condones,hailstones,backbones,megaphones,moans,jones,loans,flintstones,gladstones,pheromones,trones
baritone's,
barytones,
barytons,
barytophyllite,
barytostrontianite,
barytosulphate,
barium,honorarium,merriam,planetarium,herbarium,aquarium
bariums,
bark,dark,bsarch,arc,earmark,saarc,hallmark,skylark,starc,starke,clark,starck,aardvark,ark,bismarck,disembark,bismark,barch,oligarch,demark,chark,sparc,parke,harc,pockmark,birthmark,postmark,clarke,arche,meadowlark,parc,trademark,barque,lark,watermark,park,matriarch,sark,patriarch,ozark,marke,shark,yarke,karch,benchmark,stark,darke,hark,landmark,marque,merc,embark,remark,monarch,ballpark,denmark,goldmark,barke,snark,marc,garch,mark,quark,hashmark,narc,spark
barkan,arkin,larkin,marken,sarkin,markin,barken,archean,harken,barkin,parkin,marcon,markan,harkin,narcan,larchen,darken,barchan,clarkin,garcon
barkantine,
barkary,
bark-bared,
barkbound,
barkcutter,
bark-cutting,
barked,harked,parked,sharked,unmarked,trademarked,arced,marked,postmarked,remarked,narked,unremarked,pockmarked,sparked,embarked,larked,earmarked
barkeep,
barkeeper,
barkeepers,
barkeeps,
barkey,precis,nee,machete,hee,decree,spree,asap,carefree,wee,si,esprit,cc,three,knee,trustee,me,emcee,referee,pre,ski,di,hyperbole,nestle,pee,turnkey,c,tv,quay,bee,guaranty,marquee,syncope,ree,flea,qi,banshee,e,sea,sunday,marquis,potpourri,yee,idiosyncrasy,degree,ghee,foresee,scree,key,g,guarantee,actuary,partee,see,thee,pony,hawaii,fee,flee,indri,jubilee,v,plea,mi,t,ye,tee,calliope,pea,apogee,tree,reality,gee,xi,oversee,lea,dee,he,payee,we,p,de,d,tea,debris,snee,ac,cree,kabuki,glee,free,agree,z,repartee,she,be,lessee,bourgeoisie,b,ne,lee
barken,arkin,larkin,marken,sarkin,markin,archean,barkan,harken,barkin,parkin,marcon,markan,harkin,narcan,larchen,darken,barchan,clarkin,garcon
barkened,
barkening,
barkentine,
barkentines,
barker,marker,sharker,larker,harker,starker,sparker,polymarker,parker,darker
barkery,
barkers,starkers,markers,parkers,polymarkers
barkevikite,
barkevikitic,
bark-formed,
bark-galled,
bark-galling,
bark-grinding,
barkhan,
barky,mullarkey,hierarchy,marchi,oligarchy,malarkey,snarky,narky,marky,parcae,archi-,larkey,trimarchi,demarchi,markie,darcie,sparky,matriarchy,archae,parky,sharkey,larky,lamarche,sarky,patriarchy,darkie,archi,darkey,archey,marcie,harkey,darky
barkier,
barkiest,
barking,carking,sparking,remarking,embarking,parking,sarking,larking,earmarking,sharking,arcing,harking,marking
barkingly,
barkinji,
barkla,
barkle,
barkley,darkly,markley,sparkly,starkly,barkeley
barkleigh,
barkless,harkless
barklyite,
barkometer,
barkpeel,
barkpeeler,
barkpeeling,
barks,embarks,ozarks,larks,watermarks,monarchs,vonarx,parkes,marques,narks,skylarks,starks,tjarks,marks,parks,marcs,ballparks,marcks,arcs,deutschemarks,harks,barkes,birthmarks,sparkes,hartmarx,clarks,trademarks,remarks,sharks,patriarchs,benchmarks,quarks,arx,oligarchs,larches,starkes,sparks,narcs,barques,marx,earmarks,landmarks,hallmarks,darks
barksdale,retail,kale,horsetail,pale,detail,fantail,hobnail,impale,trail,vale,surveil,cale,avail,email,orrell,upscale,airmail,shale,telltale,wale,foxtail,male,derail,fairytale,resale,nail,dovetail,thumbnail,pail,bail,bale,yale,tale,soleil,veil,entail,tail,grail,assail,prevail,jail,voicemail,flail,taille,faille,curtail,travail,hail,guardrail,folktale,toenail,inhale,ponytail,unveil,airedale,mail,snail,swale,kail,braille,wail,rail,abigail,calle,wholesale,sale,sail,martingale,countervail,fail,dale,female,clydesdale,scale,brail,ail,coattail,greenmail,cocktail,gael,biennale,whale,gmail,zale,handrail,gail,gale,monorail,quale,frail,stale,ale,dail,dwale,vail,blackmail,hale,exhale,quail
bark-shredding,
barksome,
barkstone,
bark-tanned,
barlach,
barlafumble,
barlafummil,
barleduc,
bar-le-duc,
barleducs,
barley,harley,parley,snarly,arley,gnarly,decarli,narly,carly,arlie,farly,darley,sarli,mccarley,charlie,charley,carley,marley,carli,varley,farley,marly
barleybird,
barleybrake,
barleybreak,
barley-break,
barley-bree,
barley-broo,
barley-cap,
barley-clipping,
barleycorn,
barley-corn,
barley-fed,
barley-grinding,
barleyhood,
barley-hood,
barley-hulling,
barleymow,
barleys,parleys,marlys,charlies
barleysick,
barley-sugar,
barless,
barletta,cassetta,cerreta,creta,aleta,keta,marietta,leta,cappetta,beretta,areta,damietta,veta,stretta,gazeta,coletta,barretta,profeta,etta,archuleta,auletta,rosetta,coretta,jetta,ceta,agneta,betta,leota,mete,violeta,brunetta,colletta,henrietta,yetta,chiappetta,panetta,chiavetta,netta,marchetta,reta,zetta-,maietta,aretta,ancheta,loleta,nicoletta,accetta,vendetta,julietta,armetta,loretta,metta,lunetta,teta,buzzetta,zetta,simonetta,chetah,operetta,archuletta,palometa,pauletta,carretta,petta,lauretta,fetta,psetta,jacquetta,mistretta,poinsettia,alpharetta,zazueta,margareta,mehta,quetta,violetta
barly,
barling,
barlock,
barlow,winnow,blow,grotto,beau,aglow,dough,tomorrow,slow,ratio,doe,glow,tableau,co,escrow,bio,yoe,otto,show,hoe,ho,buffalo,gusto,potato,apropos,patio,fallow,snow,low,coco,forgo,foe,lo,plough,indigo,aficionado,so,hello,woe,photo,sew,know,grow,veto,rococo,cameo,flow,no,tempo,shadow,portfolio,borrow,audio,willow,row,joe,glo,tornado,below,bowe,rhino,mow,virago,micro,o,roe,dado,owe,calypso,studio,torso,throw,pro,radio,vertigo,bestow,although,plateau,quo,archipelago,whoa,portico,rainbow,forego,toe,manifesto,adagio,undergo,torpedo,espresso,mo,overthrow,hydro,though,tomato,go,meadow,crow,tow
barlows,
barm,
barmaid,
barmaids,
barman,harmon,armon,harman,jarmin,carman,darman,tarman,armen,darmon,starman,carmon,klarman,jarman,carmine,carmen,garman,harmen,parman,marmon,armin,arman,sharman,karmen,larmon,karman,farman,garmon
barmaster,
barmbrack,
barmcloth,
barmecidal,
barmecide,
barmen,
barmfel,
barmy,smarmy,carmi,army,carmy,carmie,armey
barmybrained,
barmie,
barmier,larmier
barmiest,
barming,
barmkin,
barmote,
barms,
barmskin,
barn,carne,starn,varn,darn,harne,arn,skarn,karn,arne,dezarn,harn,garn,mccarn,scarn,arnn,yarn,marne,carn
barna,dharna,varna,sarna
barnaba,
barnabas,
barnabe,
barnaby,
barnabite,
barna-brahman,
barnacle,cornicle,barnicle
barnacle-back,
barnacled,
barnacle-eater,
barnacles,
barnacling,
barnage,
barnaise,
barnard,junkyard,billard,backyard,fugard,vanguard,tarred,bernard,chouinard,starred,tared,boulevard,bodyguard,dockyard,lifeguard,charred,disregard,renard,bankcard,canard,belgard,shard,carde,scard,hard,parred,ard,picard,dillard,scorecard,diehard,lumberyard,marred,bombard,gerard,guard,stockyard,farmyard,barde,lazard,disbarred,safeguard,gnarred,barnyard,boatyard,gard,schoolyard,brickyard,gaspard,sparred,jarred,wildcard,blvd,yard,chard,bard,regard,shipyard,godard,courtyard,scarred,discard,flashcard,avant-garde,pickard,nard,leotard,lard,menard,churchyard,graveyard,bongard,bouchard,beauregard,blowhard,garde,card,broussard,retard,knarred,barred,mastercard,vcard,postcard
barnardo,
barnardsville,
barnaul,karnal,carnell,arnell,marnell,carnal,charnel,arnall,barnell,darnel,yarnall,farnell,darnall,yarnell,carneal,varnell,parnell,arnal,farnall
barnbrack,
barn-brack,
barnburner,
barncard,
barndoor,
barn-door,
barnebas,
barnegat,
barney,varni,karney,marney,mclarney,carnie,blarney,harney,czarny,varney,farney,fahrney,carney,carny,arney,sarni,mccarney,barny,garni,sarney,garney,charney,kulkarni,arnie
barney-clapper,
barneys,carneys,farnese,carnies
barnes,garnes,darns,yarns,tarns,barns,carnes,harns,carns,parnes,starnes,starns,varnes,farnes,karns,arns,karnes
barnesboro,
barneston,
barnesville,
barnet,incarnate,carnett,yarnut,arnot,dejarnett,garnett,carnot,jarnut,garnet,harnett,carnate
barnett,onset,brett,avocet,nett,baronet,brunette,chet,debt,coronet,let,colette,fret,epithet,internet,silhouette,upset,jet,pret,abet,get,beget,headset,vet,parapet,vette,minaret,cigarette,cabriolet,duet,gimlet,met,sobriquet,sublet,preset,vignette,calumet,typeset,offset,charrette,inlet,cadet,regret,pet,piet,ethernet,tet,suffragette,set,wet,minuet,flageolet,quartet,quintet,outset,barrette,mindset,reset,smet,heavyset,inset,tibet,marmoset,sunset,lorgnette,joliet,asset,pipette,tete,threat,gazette,beset,rosette,baguette,et,dragnet,alphabet,clarinet,subset,cassette,outlet,forget,ret,whet,sweat,vedette,corvette,cornet,antoinette,roulette,soviet,octet,net,anisette,sextet,bayonet,lafayette,yet,bet,stet
barneveld,
barneveldt,
barnful,
barnhard,junkyard,billard,backyard,fugard,vanguard,tarred,bernard,chouinard,starred,tared,boulevard,bodyguard,dockyard,lifeguard,charred,disregard,renard,bankcard,canard,belgard,shard,carde,scard,hard,parred,ard,picard,dillard,scorecard,diehard,lumberyard,marred,bombard,gerard,guard,stockyard,farmyard,barde,lazard,disbarred,safeguard,gnarred,barnyard,boatyard,gard,schoolyard,brickyard,gaspard,sparred,jarred,wildcard,blvd,yard,chard,bard,regard,shipyard,godard,courtyard,scarred,discard,flashcard,avant-garde,pickard,nard,leotard,lard,menard,churchyard,graveyard,bongard,bouchard,barnard,beauregard,blowhard,garde,card,broussard,retard,knarred,barred,mastercard,vcard,postcard
barnhardtite,
barnhart,upstart,reinhardt,clart,heart,elkhart,tart,walmart,haart,carte,counterpart,harte,oxcart,restart,kmart,newhart,lionheart,go-cart,dart,headstart,skart,charte,multipart,start,chart,marte,urquhart,bonaparte,part,impart,outsmart,hart,fart,scart,bogart,descartes,lockhart,bart,parte,capehart,goulart,art,flowchart,jumpstart,smart,apart,artcc,eckhart,mart,sweetheart,tarte,cart,hardt,stuttgart,mouthpart,depart,hobart
barny,varni,karney,marney,mclarney,carnie,blarney,harney,czarny,varney,farney,fahrney,carney,carny,arney,sarni,mccarney,barney,garni,sarney,garney,charney,kulkarni,arnie
barnyard,junkyard,billard,backyard,fugard,vanguard,tarred,bernard,chouinard,starred,tared,boulevard,bodyguard,dockyard,lifeguard,charred,disregard,renard,bankcard,canard,belgard,shard,carde,scard,hard,parred,ard,picard,dillard,scorecard,diehard,lumberyard,marred,bombard,gerard,guard,stockyard,farmyard,barde,lazard,disbarred,safeguard,gnarred,brickyard,boatyard,gard,schoolyard,gaspard,sparred,jarred,wildcard,blvd,yard,chard,bard,regard,shipyard,godard,courtyard,scarred,discard,flashcard,avant-garde,pickard,nard,leotard,lard,menard,churchyard,graveyard,bongard,bouchard,barnard,beauregard,blowhard,garde,card,broussard,retard,knarred,barred,mastercard,vcard,postcard
barnyards,
barnyard's,
barnie,
barnier,
barniest,
barnlike,
barnman,
barnmen,
barn-raising,
barns,garnes,darns,barnes,yarns,tarns,carnes,harns,carns,parnes,starnes,starns,varnes,farnes,karns,arns,karnes
barn's,
barns-breaking,
barnsdall,
barnsley,
barnstable,
barnstead,
barnstock,
barnstorm,coliform,norm,landform,dorm,orme,perform,conform,warm,sandstorm,inform,snowstorm,firestorm,forme,lukewarm,underperform,uniform,torme,platform,outperform,disinform,freeform,cuneiform,windstorm,maidenform,deform,rainstorm,transform,thunderstorm,storm,chloroform,brainstorm,reform,misinform,schwarm,swarm,hailstorm,horme,form
barnstormed,
barnstormer,
barnstormers,
barnstorming,forming,conforming,brainstorming,swarming,transforming,performing,heartwarming,misinforming,informing,storming,reforming,nonperforming,norming,warming,underperforming,outperforming
barnstorms,
barnum,farnham,varnum,farnum,farnam
barnumesque,
barnumism,
barnumize,
barnwell,tell,decibel,clientele,materiel,infidel,accel,mell,bel,cartel,groundswell,cel,chanel,propel,cowbell,farewell,retell,isabel,undersell,marcel,compel,stairwell,mademoiselle,smell,aol,swell,carel,befell,sel,el,lapel,l,misspell,nutshell,nell,impel,repel,dispel,spell,dumbbell,carousel,quell,snell,maxwell,jell,cell,morel,well,shell,fell,hotel,yell,outsell,pell,nobel,manuel,barbell,zinfandel,michelle,foretell,ell,tel,knell,eggshell,sell,bethel,fidel,personnel,quel,rangel,motel,pastel,hell,adele,gazelle,gel,carmel,bombshell,caravel,dwell,expel,mel,raphael,parallel,seashell,citadel,oversell,noel,bluebell,doorbell,intel,ravel,dell,bell,excel,belle,del,rebel,resell,elle
baro-,shintaro,corsaro,furfaro,cannizzaro,chiaro,spataro,coccaro,manganaro,farro,cordaro,azzaro,maro,utamaro,naro,marro,todaro,kilimanjaro,sorrow,panaro,baro,gennaro,amaro,degennaro,sbarro,morrow,ferraro,capraro,molinaro,zuccaro,caro,zarro,cafaro,pecoraro,porcaro,varo,pignataro,carbonaro,asaro,campanaro,tammaro,montanaro,cavagnaro,fusaro,spadaro,vaccaro,cesaro,denaro,arcaro,alvaro,bucaro,bizzaro,cavallaro,cannistraro,massaro,alfaro,bavaro,aro,barro,zingaro,bordonaro,paro,cassaro,pizarro,karow,cestaro,lazzaro,barbaro,finocchiaro,catanzaro,pharo,conigliaro,calderaro,cuccaro,carro,claro,lazaro,chaparro,jarrow,garro,scolaro,armaro,marinaro,nazzaro,funaro,notaro,haro,navarro,ungaro,sarro,coffaro,yarrow,pagliaro
barocchio,
barocco,sirocco,scirocco
barocyclonometer,
barocius,
baroclinicity,
baroclinity,
baroco,
baroda,sparada
barodynamic,
barodynamics,
barognosis,baragnosis
barogram,aerogramme,spirogram,aerogram,urogram
barograms,
barograph,orograph,spirograph,aerograph,spherograph,pyrograph,chirograph,chorograph,cerograph
barographic,chirographic,pyrographic,chorographic,cerographic,xerographic
barographs,
baroi,
baroja,
baroko,varico,maraco,varico-
barolet,
barolo,
barology,
barolong,
baromacrometer,
barometer,dynamometer,spectrometer,kilometer,micrometer,accelerometer,odometer,photometer,hydrometer,densitometer,vomiter,anemometer,thermometer,speedometer,goniometer,hygrometer,magnetometer,interferometer,fluorometer,tensiometer
barometers,accelerometers,odometers,thermometers,magnetometers,micrometers
barometer's,
barometry,
barometric,tetrick,detrick,dissymmetric,optometric,detrich,petrak,tetric,metrick,hetrick,petrik,geometric,petrick,parametric,alphametric,gravimetric,biometric,petrich,obstetric,hettrick,econometric,metric
barometrical,
barometrically,parametrically
barometrograph,
barometrography,
barometz,
baromotor,
baron,ehren,charon,karen,farran,cerin,harran,lebaron,garran,scarron,barron,marin,aron,waren,karon,maclaren,haran,garron,faron,carron,sherin,mccarron,perron,barren,teran,aaron,baren,marron,karan,serin,charron,heron,herren,farron,garonne,darin,gagarin,arron,karren,arawn,caren,karin,marrin,hairen,beran,sharon,ferran,aran,herin,pteron,aeron,mcfarren,geran,harren,garin,herron,ferron,karyn,theron,ferrin,herrin,faren,mclaren,daren,maren,sherrin,varan,terran,narron,terin,yaron,geron,darrin,arran,kerin,seron,sharron,paran,veron,haren,paren,perrin,carin,schwerin,albarran,mehran,farren,guerin
baronage,
baronages,
baronduki,baranduki,barunduki
baroness,serinus,serranus
baronesses,
baronet,onset,brett,avocet,nett,brunette,chet,debt,coronet,let,colette,fret,epithet,internet,silhouette,upset,jet,pret,abet,get,beget,headset,vet,parapet,vette,minaret,cigarette,cabriolet,lett,duet,gimlet,met,sobriquet,sublet,preset,vignette,calumet,typeset,offset,charrette,inlet,cadet,regret,pet,piet,ethernet,tet,suffragette,set,wet,minuet,flageolet,quartet,quintet,outset,barrette,mindset,reset,smet,heavyset,inset,tibet,marmoset,sunset,lorgnette,joliet,asset,pipette,tete,threat,gazette,beset,rosette,baguette,et,dragnet,alphabet,clarinet,subset,cassette,outlet,forget,ret,whet,sweat,vedette,corvette,cornet,antoinette,roulette,soviet,octet,net,anisette,sextet,bayonet,lafayette,yet,bet,stet
baronetage,
baronetcy,
baronetcies,
baroneted,
baronethood,
baronetical,
baroneting,
baronetise,baronetize
baronetised,
baronetising,
baronetize,baronetise
baronetized,
baronetizing,
baronets,retz,handsets,kmetz,metts,aerojets,getts,fretz,minarets,whets,ketz,fetz,fettes,gretz,vets,suffragettes,pirouettes,mets,assets,nonjets,quartets,luncheonettes,brevets,cadets,swetz,resets,sets,sunsets,duets,sweats,debts,forgets,greitz,inlets,stetz,mindsets,sassnets,bretts,offsets,kuznets,hetz,cabernets,couchettes,letts,threats,gets,bayonets,kretz,betz,jets,bretz,cigarettes,cassettes,bets,rosettes,vignettes,setts,rockettes,betts,letz,twinjets,regrets,harmetz,metz,petz,pletz,dragnets,silhouettes,headsets,soviets,statuettes,wetz,coronets,goetz,frets,begets,netz,pets,lets,pipettes,roulettes,lorgnettes,tzetze,brunettes,outlets,corvettes,diskettes,epithets,stets,nets,videocassettes,netts,falconets,getz,quetsch,upsets
baronetship,
barong,areng,marang,pharyng,harring,parang,laryng-,pharyng-,laryng
baronga,
barongs,
baroni,mony,caponi,coney,cassoni,oney,balboni,loanee,progne,nakasone,mulroney,moroney,corleone,joni,bologna,desimone,cardone,maglione,melone,parsimony,sassone,toni,phoney,negroni,cassone,telephony,roni,loney,maroni,pepperoni,sony,leoni,antone,patrimony,moroni,cantone,chalcedony,testimony,langone,pallone,acrimony,berlusconi,frowney,sanctimony,palimony,abalone,boni,stony,lowney,castiglione,dhony,bertone,cerone,poney,tony,phony,perrone,droney,morrone,maloney,drony,marrone,tassone,mahoney,croney,campione,marconi,ciccone,falcone,shoshone,alimony,toney,rigatoni,buffone,benoni,montone,matrimony,moloney,bottone,roney,macaroni,baloney,ceremony,mangone,soni,boney,peroni,crony,ione,bony,patrone,salomone,stoney,sapone,calderone
barony,carinae
baronial,peroneal
baronies,
barony's,
baronize,
baronized,
baronizing,
baronne,
baronnes,
baronry,
baronries,
barons,aarons,kerins,barrens,clarins,perrins,mehrens,herons,karens,barens,arens,farrens,terrones,behrens
baron's,
baronship,
barophobia,
baroque,soak,noack,folk,smoke,spoke,choak,broke,backstroke,kolk,hoak,scoke,croke,stoke,poke,koch,keystroke,slowpoke,pembroke,cloak,joke,choke,hoek,provoke,revoke,boak,flowk,cloke,awoke,coke,stoak,croak,moke,sloke,townsfolk,wolk,windhoek,invoke,moak,polk,misspoke,roanoke,gunsmoke,wouk,doak,yolk,holyoke,woolfolk,stroke,smoak,droke,groak,masterstroke,artichoke,yoke,woke,snoke,cocke,doke,oak,evoke,hoke,bloke,roque
baroquely,
baroqueness,
baroques,
baroreceptor,
baroscope,
baroscopic,
baroscopical,
barosinusitis,
barosinusitus,
barosma,
barosmin,
barostat,
baroswitch,
barotactic,
barotaxy,
barotaxis,
barothermogram,
barothermograph,
barothermohygrogram,
barothermohygrograph,
baroto,
barotrauma,
barotraumas,
barotraumata,
barotropy,
barotropic,
barotse,
barotseland,
barouche,farouche
barouches,
barouchet,
barouchette,
barouni,
baroxyton,
barozzi,
barpost,
barquantine,
barque,dark,bsarch,arc,earmark,saarc,hallmark,skylark,starc,starke,clark,starck,aardvark,ark,bismarck,disembark,bismark,barch,oligarch,demark,chark,sparc,parke,harc,pockmark,birthmark,postmark,clarke,arche,meadowlark,parc,trademark,lark,watermark,park,matriarch,sark,patriarch,ozark,marke,shark,yarke,karch,benchmark,stark,darke,hark,landmark,marque,merc,embark,remark,monarch,ballpark,denmark,goldmark,barke,snark,marc,bark,mark,quark,garch,hashmark,narc,spark
barquentine,
barquero,
barques,embarks,ozarks,barks,larks,watermarks,monarchs,vonarx,parkes,marques,narks,skylarks,starks,tjarks,marks,parks,marcs,ballparks,marcks,arcs,deutschemarks,harks,barkes,birthmarks,sparkes,hartmarx,clarks,trademarks,remarks,sharks,patriarchs,benchmarks,quarks,arx,oligarchs,larches,starkes,sparks,narcs,marx,earmarks,landmarks,hallmarks,darks
barquest,
barquette,parquette
barquisimeto,
barr,sitar,cigar,magyar,tar,dar,mylar,foobar,repertoire,cinnabar,ajar,subpar,r,star,saar,dakar,voir,czar,caviar,are,memoir,csar,scar,tsar,hectare,babar,renoir,disbar,navarre,spar,dinar,nascar,alcazar,commissar,gar,marr,handlebar,mawr,char,jar,haar,amritsar,lamar,revoir,azar,boyar,aargh,bazar,streetcar,sar,har,mar,far,avatar,guitar,starr,parr,afar,rebar,bizarre,reservoir,akbar,amar,alar,qatar,seminar,barre,jaguar,ar,adar,bazaar,millibar,bar,car,motorcar,sidebar,superstar,boxcar,lar,myanmar,lodestar,zanzibar,feldspar,carr,radar,registrar,sandbar,railcar,thar,crowbar,par,lumbar
barra,gandara,kawahara,makara,yoshihara,guadalajara,fujiwara,vizcarra,cassara,aarau,takara,kuwahara,kurihara,cucchiara,carra,chiara,vara,guevara,omeara,miyahara,uehara,sankara,komara,timisoara,ogara,fanara,ferrara,uyehara,cantara,segarra,ficarra,carrara,zangara,lazzara,ybarra,harra,parra,dichiara,matsubara,sciara,chara,lara,navarra,tiara,amara,asmara,camara,alcantara,bara,tara,cynara,shara,jara,sciarra,ibarra,caracara,sarra,samsara,omara,azzara,vergara,tamara,fiumara,beshara,kotara,rara,malara,ishihara,delara,brizzolara,mortara,marra,nara,carbonara,farra,mazzara,negara,mara,madara,marmara
barrabkie,
barrable,
barrabora,
barracan,saracen,characin,carrisyn,larison,larrison,garrison,sarrasin
barrace,
barrack,barbaric,hysteric,mesenteric,homeric,pindaric,varick,burich,gerrick,mckarrick,larock,darroch,darrick,skerrick,marich,deroche,parikh,baric,terek,gerich,marik,mccarrick,hyperbaric,sharrock,alphanumeric,parauque,raroc,barich,karok,esoteric,varec,herrick,ferrick,garrick,sherrick,deryck,kerrick,marak,larrick,parrack,atmospheric,ferric,carryk,tumeric,dharuk,numeric,sarich,tarok,derik,cleric,merrick,rarick,derrick,burek,gericke,generic,daric,derick,derek,barrique,karrick,klarich,sherick,serac,barrick,glutaric,lerach,carac,carrick,weyrich,carack,ionospheric
barracked,arrect
barracker,
barracking,
barracks,serex,carex,larix,atmospherics,verex,hysterics,generics,derricks,merricks,araxes,serax,frericks,ferox,araks,clerics,frerichs,kerekes,varix,terex
barrackville,
barraclade,
barracoon,
barracouta,
barracoutas,
barracuda,masuda,yehuda,matsuda,buddha,neruda,ruda,suda,yasuda,doodah,huda,cernuda,shuda,fukuda,arruda,okuda,labuda,tsuda,garuda,gooda,uhde,siuda,barbuda,bermuda,truda,duda,judah
barracudas,
barracudina,
barrad,
barrada,
barragan,merrigan,berrigan,harrigan,kerrigan
barrage,massage,dressage,garage,corsage,taj,arbitrage,potage,camouflage,montage,sabotage,mirage,dhiraj,entourage,raj,collage
barraged,camouflaged,sabotaged,massaged
barrages,massages,collages,garages,mirages,entourages
barrage's,
barraging,garaging
barragon,
barram,
barramunda,
barramundas,
barramundi,
barramundies,
barramundis,
barranca,carrancha
barrancabermeja,
barrancas,
barranco,carranco,gianfranco,evancho,ivanko,delbianco,difranco,capobianco,defranco,polanco,panebianco,sancho,lobianco
barrancos,
barrandite,
barranquilla,
barranquitas,
barras,tharos,varas,arroz,carras,garroz,claros,charas,charras,karras,tarras,warez,paras,arras
barrat,
barrater,barrator
barraters,
barrator,barrater
barrators,
barratry,
barratries,
barratrous,
barratrously,
barrault,
barraza,glaza,adaza,pedraza,gaza,bozza,scocozza,zentralsparkasse,podraza,maza,carozza,peraza,plaza
barre,preliminary,airy,parry,literary,tar,luminary,fiduciary,dairy,library,unitary,repertoire,emissary,salutary,ajar,commentary,star,r,tertiary,raspberry,lapidary,carry,are,memoir,scar,subsidiary,contemporary,secretary,sanctuary,pecuniary,culinary,berry,cemetery,revolutionary,arbitrary,fairy,beneficiary,spar,ordinary,tarry,legendary,mercenary,gar,blueberry,char,jar,canary,monetary,stationary,solitary,mar,sedentary,military,far,avatar,guitar,scary,marry,very,nary,seminary,visionary,temporary,corollary,vary,bizarre,reservoir,apothecary,bury,seminar,extraordinary,cherry,estuary,aerie,confectionery,tributary,discretionary,ancillary,stationery,bazaar,bar,car,itinerary,wary,lodestar,contrary,harry,obituary,primary,necessary,dictionary,unnecessary,proprietary,adversary,radar,registrar,mary,par,merry,vocabulary,prairie
barred,junkyard,billard,backyard,fugard,vanguard,tarred,bernard,chouinard,starred,tared,boulevard,bodyguard,dockyard,lifeguard,charred,disregard,renard,bankcard,canard,belgard,shard,carde,scard,hard,parred,ard,picard,dillard,scorecard,diehard,lumberyard,marred,bombard,gerard,guard,stockyard,farmyard,barde,lazard,disbarred,safeguard,gnarred,barnyard,boatyard,gard,schoolyard,brickyard,gaspard,sparred,jarred,wildcard,blvd,yard,chard,bard,regard,shipyard,godard,courtyard,scarred,discard,flashcard,avant-garde,pickard,nard,leotard,lard,menard,churchyard,graveyard,bongard,bouchard,barnard,beauregard,blowhard,garde,card,broussard,retard,knarred,mastercard,vcard,postcard
barree,
barrel,baril,terrill,sheryl,errol,therrell,meryl,pork-barrel,ferrell,terrell,burell,herrle,mccarrell,charyl,carroll,harrill,carrol,ofarrell,jharal,behrle,ferrall,caryl,ocarroll,sherrill,jerel,wehrle,sterol,bharal,carole,feral,carrel,herrell,carol,merrill,meryll,sharyl,ferrol,apparel,darryl,garrol,erol,peril,karel,terral,harrel,jheryl,deryle,mccarroll,farrel,cheryl,verrel,merrell,scleral,berrill,jaryl,harrell,sherrell,burel,parol,farrell,imperil,ceryl,verrall,parrill,sterile,terrel,darrell,nerol,jerrell,harral,parrel,beryl,ferol,darrel,daryl
barrelage,
barrel-bellied,
barrel-boring,
barrel-branding,
barrel-chested,
barrel-driving,
barreled,fitzgerald,gerrald,imperiled,carolled,jereld,harold,barrelled,harrold,perilled,jerald,herold,caroled,gerald,harreld,herald,jerrold,periled,ariled,hareld
barreleye,
barreleyes,
barreler,
barrelet,
barrelfish,
barrelfishes,
barrelful,
barrelfuls,
barrelhead,
barrel-heading,
barrelhouse,
barrelhouses,
barreling,caroling,erelong,periling,perilling,carolling,barrelling,imperiling
barrelled,harreld,carolled,ariled,hareld,barreled,caroled
barrelling,caroling,carolling,barreling
barrelmaker,
barrelmaking,
barrel-packing,
barrel-roll,
barrels,imperils,jarrells,garrols,carols,sterols,karels,arils,carrels,garrels,ferrules,perils
barrel's,
barrelsful,
barrel-shaped,
barrel-vaulted,
barrelwise,
barren,ehren,charon,karen,farran,cerin,harran,lebaron,garran,scarron,barron,marin,aron,waren,karon,maclaren,haran,garron,faron,carron,sherin,mccarron,perron,teran,aaron,baren,marron,karan,serin,charron,heron,herren,farron,garonne,darin,gagarin,arron,karren,arawn,caren,karin,marrin,hairen,beran,sharon,ferran,aran,herin,pteron,aeron,mcfarren,geran,harren,garin,baron,herron,ferron,karyn,theron,ferrin,herrin,faren,mclaren,daren,maren,sherrin,varan,terran,narron,terin,yaron,geron,darrin,arran,kerin,seron,sharron,paran,veron,haren,paren,perrin,carin,schwerin,albarran,mehran,farren,guerin
barrener,
barrenest,
barrenly,
barrenness,taranis,varanus
barrennesses,
barrens,farrens,karens,barons
barrenwort,
barrer,
barrera,caldera,escalera,naira,becerra,altera,olvera,kuchera,herrera,basara,provera,ranchera,farrah,sferra,matera,avera,cabrera,tenera,aguilera,higuera,madera,cartera,kera,para-,fera,sclera,clara,para,chimera,sequeira,moreira,serra,kundera,guerra,mascara,gerah,teixeira,barbera,carrera,primavera,erra,cera,rivera,mcnamara,darragh,patera,gera,sahara,tavera,tera-,cara,terra,fichera,tara,figueira,ceroplasty,canberra,kara,riviera,bera,thera,pereira,zera,ribera,sierra,valera,nogueira,silveira,ohara,silvera,era,vieira,ferra,terre,najera,svizzera,sara,terah,olivera,cerra,guayabera,mwera,leora,farah,sarah,perera,hara,severa,cervera,frontera,vera,berra
barrer-off,
barres,barz,superstars,haars,maars,magyars,hectares,renoirs,starrs,barrs,cigars,guitars,minicars,chars,ours,avatars,scars,stars,sars,jars,marz,bars,cars,tokars,motorcars,bazaars,marrs,ares,spars,sitars,reservoirs,kahrs,feldspars,handlebars,registrars,mars,boxcars,dinars,tsars,lars,gars,nars,memoirs,jaguars,baars,vars,seminars,czars,railcars,aerostars,sidebars,pars,radars
barret,sarrett,garrot,garrotte,marat,garrett,starrett,garotte,sharrett,jarret,caret,arret,claret,jarratt,parrett,carotte,garrott,marett,barrett,barratt,arraught,carot,marut,garett,bharat,carrot,garritt
barretor,
barretors,
barretry,
barretries,
barrets,
barrett,parrott,barret,ferret,garrot,garrotte,merrit,merit,garratt,marat,verrett,garrett,sterett,starrett,demerit,gerrit,garotte,marrett,verit,jarret,caret,arret,lerot,kerat-,kerat,claret,merrett,jarratt,gehret,parrett,disparate,carotte,teret,cerat,garrott,berrett,marett,barratt,herat,arraught,karet,carot,parrot,garret,sterrett,merritt,marut,terret,garett,bharat,jarrett,karat,carrot,carat,cerat-,inherit,wherret,garritt,meritt
barrette,onset,brett,avocet,nett,baronet,brunette,chet,debt,coronet,let,colette,fret,epithet,internet,silhouette,upset,jet,pret,abet,get,beget,headset,vet,parapet,vette,minaret,cigarette,cabriolet,lett,duet,gimlet,met,sobriquet,sublet,preset,vignette,calumet,typeset,offset,charrette,inlet,cadet,regret,pet,piet,ethernet,tet,suffragette,set,wet,minuet,flageolet,quartet,quintet,outset,mindset,reset,smet,heavyset,inset,tibet,marmoset,sunset,lorgnette,joliet,asset,pipette,tete,threat,gazette,beset,rosette,baguette,et,dragnet,alphabet,clarinet,subset,cassette,outlet,forget,ret,whet,sweat,vedette,corvette,cornet,antoinette,roulette,soviet,octet,net,anisette,sextet,bayonet,lafayette,yet,bet,stet
barretter,
barrettes,
barri,
barry,preliminary,airy,parry,literary,luminary,fiduciary,dairy,imaginary,library,unitary,emissary,salutary,commentary,pulmonary,secondary,tertiary,raspberry,arie,lapidary,carry,ferry,missionary,judiciary,confectionary,ary,subsidiary,contemporary,secretary,sanctuary,pecuniary,culinary,capillary,berry,cemetery,revolutionary,arbitrary,fairy,beneficiary,gooseberry,february,ordinary,tarry,legendary,mercenary,blueberry,veterinary,canary,monetary,monastery,huckleberry,cautionary,stationary,solitary,military,sedentary,customary,mulberry,sanitary,scary,marry,very,nary,hereditary,eyrie,seminary,visionary,temporary,epistolary,corollary,vary,apothecary,bury,extraordinary,barre,cherry,estuary,aerie,confectionery,tributary,discretionary,ancillary,stationery,reactionary,itinerary,wary,hairy,contrary,strawberry,harry,obituary,primary,necessary,dictionary,unnecessary,proprietary,adversary,mary,merry,vocabulary,prairie
barry-bendy,
barricade,fusillade,jade,hade,conveyed,glade,degrade,braid,centigrade,stayed,laid,brigade,paid,quaid,serenade,prepaid,lemonade,tirade,maid,weighed,relayed,decade,staid,pervade,afraid,inlaid,promenade,quayd,betrayed,manmade,dissuade,marmalade,arcade,spade,overlaid,portrayed,mermaid,played,charade,trade,masquerade,sauteed,raid,payed,swayed,blockade,displayed,cade,buffeted,delayed,palisade,fade,grenade,clade,aide,slade,unafraid,made,cavalcade,accolade,cascade,forbade,ade,homemade,motorcade,blade,downgrade,suede,dismayed,parade,splayed,cliched,marinade,colonnade,renegade,allayed,arrayed,stade,escapade,located,invade,frayed,evade,wade,grade,upbraid,upgrade,crusade,bade,waylaid,persuade,aid,shade,lade,brocade,nsaid,haid,adelaide,retrograde,nightshade,handmade
barricaded,serenaded,faded,waded,traded,laded,bladed,upbraided,blockaded,paraded,downgraded,invaded,evaded,raided,pervaded,spaded,dissuaded,degraded,graded,shaded,braided,unaided,persuaded,aided,cascaded,jaded,upgraded
barricader,
barricaders,
barricades,switchblades,motorcades,accolades,gades,persuades,clades,promenades,brocades,charades,fades,invades,palisades,jades,parades,bridesmaids,raids,blockades,wades,decades,everglades,renegades,grenades,degrades,conrades,shades,pervades,braids,ades,escapades,evades,brigades,nsaids,blaydes,lades,marinades,hades,aides,trades,arcades,suedes,maids,crusades,blades,grades,aids,spades,cades,downgrades,marmalades,rollerblades,upgrades,cascades,tirades,mermaids,glades
barricade's,
barricading,
barricado,
barricadoed,
barricadoes,
barricadoing,
barricados,
barrico,
barricoes,
barricos,
barrie,preliminary,airy,parry,literary,luminary,fiduciary,dairy,imaginary,library,unitary,emissary,salutary,commentary,pulmonary,secondary,tertiary,raspberry,arie,lapidary,carry,ferry,missionary,judiciary,confectionary,ary,subsidiary,contemporary,secretary,sanctuary,pecuniary,culinary,capillary,berry,cemetery,revolutionary,arbitrary,fairy,beneficiary,gooseberry,february,ordinary,tarry,legendary,mercenary,blueberry,veterinary,canary,monetary,monastery,huckleberry,cautionary,stationary,solitary,military,sedentary,customary,mulberry,sanitary,scary,marry,very,nary,hereditary,eyrie,seminary,visionary,temporary,epistolary,corollary,vary,apothecary,bury,extraordinary,barre,cherry,estuary,aerie,confectionery,tributary,discretionary,ancillary,stationery,reactionary,itinerary,wary,hairy,contrary,strawberry,harry,obituary,primary,necessary,dictionary,unnecessary,proprietary,adversary,mary,merry,vocabulary,prairie
barrientos,
barrier,marrier,glarier,harier,verier,verrier,tarrier,perrier,terrier,harrier,ferrier,charrier,guerrier,scarier,varier,merrier,berrier,carrier,warier,cherrier,airier,farrier,marier,burier
barriers,carriers,ferriers,terriers,harriers
barrier's,
barriguda,
barrigudo,
barrigudos,
barrikin,
barrymore,pour,snore,ashore,oar,wore,roar,corps,decor,sycamore,indoor,swore,before,flor,explore,moore,spore,shore,labrador,boar,gore,nor,folklore,onshore,evermore,chore,implore,salvador,ecuador,boer,guarantor,eyesore,yore,therefor,orr,adore,bore,stevedore,dore,your,troubadour,door,floor,lor,therefore,store,ore,seashore,pore,fore,bookstore,more,deplore,hoar,for,ignore,matador,furthermore,mentor,tor,whore,hardcore,lore,heretofore,rapport,doar,dior,offshore,cor,dinosaur,singapore,restore,anymore,core,sore,tore,abhor,or,crore,sophomore,carnivore,soar,commodore,centaur,mor,drugstore,four,encore,outdoor,score,war,backdoor,drawer,galore,underscore,thor,uproar,herbivore
barry-nebuly,
barriness,
barring,parring,jarring,charring,tarring,marring,sparring,taring,starring,gnarring,scarring
barringer,garringer,carringer
barrington,tharrington,airington,errington,carrington,arrington,derrington,cherrington,harrington,darrington,ferrington,terrington,yarrington,herrington,herington,farrington
barringtonia,
barrio,daddario,hilario,delrosario,dimario,levario,cesario,demario,ferrario,rosario,mario,vallario,nazario,vicario,candelario
barrio-dwellers,
barrios,dedios,palacios,trios,berrios,meows,larios,leos,zedillos
barry-pily,
barris,ahasuerus,pharris,arris,carus,sarris,glaris,ferris,terrace,kaross,faris,embarrass,caris,carris,derus,terrasse,serrous,glareous,terris,calveras,laris,harris,glarus,ferrous,paris,varisse,garous,barrus,fitzharris,harriss,clarrisse,nerice,parris,farris,heiress,sclerous,clarisse,meris,varus,claris,maris,pharis,larus,nonferrous,cerus,marris,varices,gehris,ferriss,marous,cerris,polaris,scarus,mcdaris,derose,gerris,solaris,derris,garis,peras,garris,parus,parous,haris
barrister,
barrister-at-law,
barristerial,
barristers,
barristership,
barristress,
barryton,
barrytown,
barryville,
barry-wavy,
barrnet,
barron,ehren,charon,karen,farran,cerin,harran,lebaron,garran,scarron,marin,aron,waren,karon,maclaren,haran,garron,faron,carron,sherin,mccarron,perron,barren,teran,aaron,baren,marron,karan,serin,charron,heron,herren,farron,garonne,darin,gagarin,arron,karren,arawn,caren,karin,marrin,hairen,beran,sharon,ferran,aran,herin,pteron,aeron,mcfarren,geran,harren,garin,baron,herron,ferron,karyn,theron,ferrin,herrin,faren,mclaren,daren,maren,sherrin,varan,terran,narron,terin,yaron,geron,darrin,arran,kerin,seron,sharron,paran,veron,haren,paren,perrin,carin,schwerin,albarran,mehran,farren,guerin
barronett,
barroom,reaume,bridegroom,broom,consume,playroom,spume,reassume,pneum,schoolroom,gloom,kaboom,legroom,boom,doom,mailroom,handloom,costume,darkroom,classroom,legume,zoom,presume,lunchroom,flume,storeroom,plume,boardroom,showroom,sloom,sunroom,headroom,rheum,khartoum,neume,toolroom,bloom,hume,brume,phleum,fume,womb,whom,newsroom,stoom,room,spoom,ballroom,cloom,choom,courtroom,perfume,backroom,washroom,vroom,heirloom,loom,bathroom,broome,workroom,abloom,resume,assume,tomb,stockroom,exhume,cloakroom,glume,entomb,groom,grume,blum,coombe,blume,elbowroom,restroom,bedroom,livingroom,croom
barrooms,
barros,borrows,farrows,debarros,jaros,mesaros,aros,sorrows,baros,meszaros
barrow,parrow,bero,pharaoh,escudero,amero,ranchero,romero,quintero,cantero,camero,meroe,mescalero,ferro,garrow,sclero-,aero-,sphero-,sendero,embarcadero,merrow,lucero,ferro-,spero,faro,ribeiro,barbero,arrow,otero,marrero,bracero,vero,marrow,companero,herrero,acero,gero,carneiro,mero,cerro,varo,xero-,ptero,darrow,sparrow,ferrero,sharrow,caballero,narrow,larrow,sphero,guerrero,taro,herro,fero,serow,passero,cuero,sombrero,varro,wheelbarrow,aguero,dondero,pharoah,charro,cordero,camaro,sclero,harrow,rivero,madero,carrow,monteiro,valero,montero,garo,bolero,soltero,ibero,pinheiro,pinero,aero
barrow-boy,
barrowcoat,
barrowful,
barrow-in-furness,
barrowist,
barrowman,
barrow-man,
barrow-men,
barrows,ceniceros,sparrows,wheelbarrows,ontiveros,pharaohs,speros,marrows,pharoahs,arrose,oliveros,quinteros,arrows,narrows,viveros,yaros,harrows
barrulee,
barrulet,
barrulety,
barruly,
barrus,pharris,arris,carus,sarris,kaross,caris,carris,laris,glarus,paris,varisse,garous,fitzharris,harriss,clarrisse,barris,clarisse,varus,pharis,larus,marris,varices,scarus,mcdaris,garis,garris,parus
bars,pars,barz,superstars,haars,maars,barres,magyars,hectares,renoirs,starrs,barrs,cigars,guitars,minicars,ours,avatars,scars,stars,sars,jars,marz,cars,tokars,motorcars,bazaars,marrs,ares,spars,sitars,reservoirs,kahrs,feldspars,handlebars,registrars,mars,boxcars,dinars,tsars,lars,gars,nars,memoirs,jaguars,baars,vars,seminars,czars,railcars,aerostars,sidebars,chars,radars
bar's,
barsac,carsick
barse,farse,sparse,tarse,farce,sarse,arce,carse,marse,parse,arsch
barsky,piekarski,bojarski,stolarski,kucharski,lubarsky,tokarski,wlodarski,lazarski,winiarski,sucharski,pilarski,pisarski,snarski,kaczmarski,kotarski,wolitarsky,mocarski,parsky,konarski
barsom,
barspoon,
barstool,
barstools,
barstow,winnow,blow,grotto,beau,aglow,dough,tomorrow,slow,ratio,doe,glow,tableau,co,escrow,bio,yoe,otto,show,hoe,ho,buffalo,gusto,potato,apropos,patio,fallow,snow,low,coco,forgo,foe,lo,plough,indigo,aficionado,so,hello,woe,photo,sew,know,grow,veto,rococo,cameo,flow,no,tempo,shadow,portfolio,borrow,audio,willow,row,joe,glo,tornado,below,bowe,rhino,mow,virago,micro,o,roe,dado,owe,calypso,studio,torso,throw,pro,radio,vertigo,bestow,although,plateau,quo,archipelago,whoa,portico,rainbow,forego,toe,manifesto,adagio,undergo,torpedo,espresso,mo,overthrow,hydro,though,tomato,go,meadow,crow,tow
bart,upstart,reinhardt,clart,heart,elkhart,tart,walmart,haart,carte,counterpart,harte,oxcart,restart,kmart,newhart,lionheart,go-cart,dart,headstart,skart,charte,multipart,start,chart,marte,urquhart,bonaparte,part,impart,outsmart,hart,fart,scart,bogart,descartes,lockhart,parte,capehart,goulart,art,flowchart,jumpstart,smart,apart,artcc,eckhart,mart,sweetheart,tarte,cart,hardt,stuttgart,mouthpart,depart,hobart
bart.,
barta,marta,vallarta,djakarta,sparta,smarta,jakarta,encarta,charta,carta
bar-tailed,
bartel,hartl,hartle,artal,hartel,bartle,smartle,hartell,hartal,bartol,artel,startle,bartl,dartle
bartelso,
bartend,
bartended,
bartender,tender,cavender,fasbender,lender,eastender,fassbender,pretender,brendor,vandevender,callender,offender,extender,einbender,zender,zehnder,weekender,stender,yender,spender,endor,defender,suspender,bittenbender,challender,allender,transgender,trender,fender,splendor,wender,brender,sender,gender,contender,mender,skender,ender,vender,render,surrender,bender,pender,vendor,engender,schlender,slender,blender,kender
bartenders,endres,tenders,extenders,benders,defenders,blenders,penders,venders,enders,surrenders,offenders,vendors,senders,renders,spenders,eastenders,fenders,lenders,suspenders,contenders,pretenders,genders,wenders
bartender's,
bartending,
bartends,
barter,marter,carter,mcartor,nonstarter,hartter,martyr,karter,harter,sartor,arter,mccarter,tartar,smarter,tarter,parter,garter,vanmarter,charter,darter,starter
bartered,chartered,gartered,martyred,unchartered
barterer,
barterers,
bartering,chartering,martyring,gartering
barters,parterres
barth,hackbarth,harth,wohlfarth,marth,hogarth,arth,sparth,neuharth,garth,breitbarth,hearth,darth,seyfarth,applegarth
barthel,
barthelemy,elemi,bellomy,bellamy
barthian,
barthianism,
barthite,
barthol,
barthold,diebold,leopold,patrolled,roald,nold,centerfold,manifold,pigeonholed,scold,potholed,sevenfold,bold,hold,controlled,foothold,enrolled,soled,withhold,rolled,woald,mold,uncontrolled,stranglehold,wold,nolde,polled,handhold,holed,resold,olde,billfold,sixfold,eightfold,stoled,consoled,strolled,ahold,bankrolled,tholed,toled,bowled,threefold,behold,told,souled,extolled,cold,foretold,remold,threshold,fourfold,tolled,ninefold,paroled,penfold,griswold,chokehold,twofold,freehold,undersold,unfold,household,cajoled,enfold,oversold,sold,marigold,golde,trolled,leasehold,fivefold,wolde,fold,uphold,blindfold,untold,mangold,poled,shoaled,foaled,gold,doled,twould,old,mould,nould,toehold,stronghold,unsold,tenfold
bartholdi,
bartholemy,
bartholinitis,
bartholomean,
bartholomeo,
bartholomeus,
bartholomew,guru,sue,purview,crew,subdue,bamboo,yahoo,to,debut,dew,slew,lulu,into,ensue,yew,coup,flu,poo,do,canoe,new,thru,ado,roux,redo,cue,vu,eschew,renew,spew,revenue,through,accrue,pursue,few,boo,shoe,true,lieu,review,queue,glue,zoo,who,brew,clue,hitherto,askew,rue,que,you,outdo,interview,anew,hue,tattoo,goo,tissue,skew,woo,loo,hew,gnu,taboo,construe,ewe,residue,adieu,statue,retinue,emu,blue,chew,barbecue,due,strew,mew,pew,ingenue,q,too,overview,coo,breakthrough,rendezvous,cuckoo,screw,flue,undue,undo,shrew,vue,imbue,xu,avenue,stew,shue,two,u,view
bartholomewtide,
bartholomite,
barthou,
barty,
bartie,
bartisan,
bartisans,
bartizan,partizan
bartizaned,
bartizans,
bartko,
bartle,hartl,bartel,hartle,artal,hartel,smartle,hartell,hartal,bartol,artel,startle,bartl,dartle
bartley,partly,gartley,artley,tartly,artly,hartley,smartly
bartlemy,
bartlesville,till,brill,refill,zil,stil,gil,distill,fille,advil,bill,phil,abril,dill,chill,demille,belleville,goodwill,landfill,grille,kill,prill,fulfill,swill,anthill,bil,wil,sil,cowgill,treadmill,fill,gill,drill,trill,lil,hill,krill,rille,molehill,skill,mil,sill,pil,nil,schill,thill,thrill,grill,bastille,windmill,lille,spill,foothill,instill,zill,brazil,crill,bougainville,ill,dphil,quill,deville,until,uphill,sawmill,albertville,mandeville,daffodil,nill,handbill,standstill,shrill,tamil,til,still,pill,fil,frill,overfill,twill,shill,il,jill,mille,overkill,downhill,mill,hornbill,will,ghyll,rill,distil,ville,seville
bartlet,
bartlett,partlet,heartlet,martlet,tartlet
bartletts,
barto,artow,suharto,sarto
bartok,cathartic,artic,bartak,antarctic,arctic,kartik
bartolemo,
bartolome,
bartolomeo,mindanao,mayeaux,demayo,matteo,deyoe,ayo,shigeo,keio,takeo,hideo,cacao,mateo,maio,meyo,mondeo,montevideo,lacayo,teo,judeo,aguayo,lmfao,mayo,pelayo,moncayo,galileo,deyo
bartolommeo,
bartolozzi,
barton,tartan,mccarten,parton,gartin,martyn,mccartin,kindergarten,spartan,smarten,partin,sartin,parten,carton,martin,garton,garten,weingarten,barten,hallgarten,demartin,mcmartin,hartin,mccartan,harten,gilmartin,harton,kilmartin,darton,guilmartin,bongarten,marton,hearten,rosengarten,marten
bartonella,
bartonia,
bartonsville,
bartonville,
bartosch,
bartow,winnow,blow,grotto,beau,aglow,dough,tomorrow,slow,ratio,doe,glow,tableau,co,escrow,bio,yoe,otto,show,hoe,ho,buffalo,gusto,potato,apropos,patio,fallow,snow,low,coco,forgo,foe,lo,plough,indigo,aficionado,so,hello,woe,photo,sew,know,grow,veto,rococo,cameo,flow,no,tempo,shadow,portfolio,borrow,audio,willow,row,joe,glo,tornado,below,bowe,rhino,mow,virago,micro,o,roe,dado,owe,calypso,studio,torso,throw,pro,radio,vertigo,bestow,although,plateau,quo,archipelago,whoa,portico,rainbow,forego,toe,manifesto,adagio,undergo,torpedo,espresso,mo,overthrow,hydro,though,tomato,go,meadow,crow,tow
bartram,alam,dithyramb,ham,sham,sdram,clam,bam,flimflam,milligram,sram,plam,gramme,lam,histogram,pam,hamm,flambe,jam,abraham,graham,tram,oxfam,scam,cham,epigram,graeme,telegram,goddam,rotterdam,electrocardiogram,yam,durham,spam,madame,am,cam,kam,birmingham,logogram,damme,abram,stam,dagenham,dam,bram,jamb,dram,tam,polygram,coram,goddamn,fram,potsdam,monogram,slam,mme,anagram,ram,programme,tottenham,nottingham,damn,swam,sonogram,exam,diagram,wham,lamb,scram,kilogram,priam,flam,microgram,gram,diaphragm,siam,buckingham,amsterdam,mammogram,hologram,wolfram,logjam,program,stram,cram,engram,cunningham,centigram,tham,sam,beckham,nam,damm
bartramia,
bartramiaceae,
bartramian,
bartree,
bartsia,
baru,
baruch,steuck,stueck,leuk-,rebuke,leuc-,spruik,lachenbruch,muecke,tuk,souk,luick,datuk,leuck,kueck,spuke,nuke,produc,fluke,dubuque,stook,luke,duke,louque,chook,boock,wouk,farouk,luc,duque,archduke,spook,dziuk,hoock,puke,juke,kook,mameluke,luque,marmaduke,stuke,glueck,luecke,brueck,fuke
barukhzy,
barundi,
baruria,
barvel,
barvell,
barvick,
barway,
barways,
barwal,
barware,
barwares,
barwick,sidekick,kick,spick,quick,dipstick,pick,flick,thick,mic,hick,triassic,schick,homesick,crick,picnic,frick,stick,nick,kwik,bric,bailiwick,firebrick,nic,slapstick,quik,klick,snick,seasick,glick,click,nik,nonstick,rick,chick,knick,broomstick,politic,mc,whilk,pik,sic,lunatic,ric,uptick,trick,candlestick,arithmetic,mick,yardstick,realpolitik,rilke,wyk,fick,gick,vick,tick,lipstick,brick,impolitic,prick,joystick,vic,dic,thilk,bick,peacenik,toothpick,nightstick,ostpolitik,lick,wrick,pickwick,chopstick,blick,shtick,pic,bolshevik,sick,bic,spic,lasik,strick,dick,slick,handpick,schtick,kubrick,wick,tic
barwin,
barwing,
barwise,
barwood,tarwood
bar-wound,
barzani,
bas,
basad,chassid,placid,antacid,acid,massad,casad,prasad,miracid,fracid,jassid
basal,nascal,eysell,haysel,kasal
basale,
basalia,
basally,
basal-nerved,
basalt,gault,hault,walt,creditanstalt,hanawalt,assault,halt,salt,mault,pennwalt,pinsoneault,sault,kreditanstalt,exalt,default,ault,brault,perrault,treuhandanstalt,renault,somersault,pinault,dault,cobalt,ehrenhalt,fault,vault,thunderbolt,galt,rachelvolt,galipault,kalt,faribault,kuralt,asphalt,malt,greenawalt,nault,stirewalt,covault,alt,anawalt
basaltes,
basaltic,
basaltiform,
basaltine,
basaltoid,
basalt-porphyry,
basalts,teicholz,somersaults,schmaltz,assaults,walts,salts,halts,exalts,waltz,vaults,faults,defaults,malts,paltz
basaltware,
basan,clayson,caison,zazen,brasen,hazen,maison,layson,raisin,jayson,mayson,bazan,greisen,faison,pasan,chazen,payson,blazon,hazan,masan,brazen,rayson,kazin,chazan,emblazon,glazen,kazan,hasan
basanite,
basaree,
basat,
basc,
bascinet,assonate,basinet
bascio,
basco,rackow,pasco,osco,rasco,frasco,glasco,nolasco,pasko,marasco,belasco,stasko,blasco,velasco,manasco,cordasco,lasco,blasko,wasco,waskow,tosco,bosco,rockow,moskow,tomasko,carrasco,roscoe,rosasco,wasko,zelasko,probasco,posco,falasco,fosco,vasko,menasco,jasko
bascology,
bascom,
bascomb,
basculation,
bascule,
bascules,
bascunan,
base,mais,diabase,thrace,misplace,workplace,aerospace,bass,grace,displace,efface,replace,deface,airspace,chace,dace,diastase,interlace,anyplace,space,briefcase,graisse,debase,boldface,everyplace,glace,showcase,mace,chase,birthplace,showplace,suitcase,cyberspace,retrace,pace,wace,encase,footrace,staircase,fireplace,caisse,worst-case,polymerase,incase,lovelace,scarface,maltase,race,dnase,orthoclase,vase,someplace,typeface,airbase,lace,erase,face,case,shoelace,nace,bookcase,ace,interface,database,trace,place,wheelbase,outpace,apace,brace,reiterates,rais,lactase,marketplace,embrace,steeplechase,disgrace,commonplace
baseball,mothball,enthral,bawl,handball,cannonball,protocol,softball,landfall,gall,aerosol,loll,cortisol,fastball,thrall,oddball,dol,stall,retinol,raul,all,overhaul,meatball,dall,tal,call,forestall,sol,shawl,footfall,pratfall,mall,bol,fireball,alcohol,screwball,neanderthal,spall,saul,befall,gaul,banal,cabal,nepal,waterfall,maul,snowball,cholesterol,ethanol,drywall,catchall,blackball,volleyball,nightfall,shortfall,small,stonewall,downfall,catcall,overall,pall,pol,eyeball,scrawl,wall,wherewithal,tall,luminol,coll,windfall,natal,install,rainfall,moll,caul,dahl,brawl,trawl,haul,pitfall,freefall,crawl,football,sprawl,senegal,ball,doll,recall,appall,mol,butterball,hall,hardball,paul,atoll,basketball,drawl,fall,squall
base-ball,
baseballdom,
baseballer,
baseballs,alls,gauls,spaceballs,crawls,mauls,fireballs,eyeballs,butterballs,bawls,overhauls,riyals,aerosols,ralls,windfalls,mcgols,qualls,dols,bahls,schmalz,dolls,drawls,appalls,shawls,palls,rawles,forestalls,sauls,trackballs,installs,overalls,beachballs,brawls,coveralls,sprawls,scrawls,pauls,salls,footballs,valls,stalls,rainfalls,idaho-falls,pitfalls,calls,neanderthals,casals,trawls,handballs,oddballs,snowballs,rawls,ingalls,dalles,hauls,walz,marshalls,smalls,paules,colles,galls,catcalls,meatballs,balls,halls,lolls,shortfalls,fastballs,mcfalls,softballs,basketballs,salz,waterfalls,mothballs,walls,falls,pratfalls,recalls,befalls,squalls,ryals,malls,balz,reinstalls,protocols,nalls
baseball's,
baseband,
base-begged,
base-begot,
baseboard,blackboard,record,concorde,unexplored,dashboard,pegboard,horde,ward,springboard,clavichord,inboard,ignored,underscored,fjord,onboard,fnord,ford,chord,scored,roared,concord,keyboard,chipboard,dartboard,verwoerd,surfboard,wallboard,scoreboard,fingerboard,hoard,chessboard,gaylord,clapboard,mord,sword,paperboard,sward,abhorred,snowboard,storyboard,overlord,stored,landlord,acord,bored,afford,untoward,billboard,nord,deplored,seaboard,implored,ord,aboveboard,soared,broadsword,gored,harpsichord,pored,floored,lord,reboard,hardboard,aboard,restored,toward,skateboard,cardboard,reward,poured,floorboard,accord,warlord,switchboard,cord,checkerboard,explored,washboard,outboard,smorgasbord,award,njord,clipboard,gourd,oared,headboard,hord,notochord,adored,fiberboard,overboard,board
baseboards,accords,affords,bordes,snowboards,gourds,hoards,dashboards,fords,headboards,swords,switchboards,chessboards,records,cords,checkerboards,hordes,outboards,cordes,blackboards,boards,starboards,rewards,pegboards,sordes,landlords,floorboards,billboards,lourdes,chords,cardboards,clapboards,wards,warlords,awards,towards,fjords,keyboards,surfboards,overlords,lords
baseboard's,
baseborn,
base-born,
basebred,
baseburner,base-burner
base-burner,baseburner
basecoat,
basecourt,
base-court,
based,displaced,baste,misplaced,interlaced,placed,graced,cased,haste,allwaste,chased,laste,raced,waist,foretaste,paced,disgraced,distaste,debased,laced,toothpaste,encased,aced,chaste,spaced,aist,paste,mayst,replaced,waste,taste,braced,outpaced,unplaced,retraced,erased,embraced,yorkbased,broadbased,faced,traced,showcased,aftertaste,defaced,kleinpaste,lambaste
base-forming,
basehearted,
baseheartedness,
basehor,
basel,rozell,schnozzle,causal,sozzle,clausell,nozzle,clausal,rozzell
baselard,
baseler,
baseless,placeless,traceless,laceless,faceless,spaceless,graceless
baselessly,gracelessly
baselessness,gracelessness
baselevel,
basely,
baselike,
baseline,vine,aline,cline,guideline,zine,tine,rine,resign,thine,line,asinine,intertwine,outshine,sideline,online,decline,whine,dine,dopamine,genuine,shine,porcupine,spline,streamline,consign,endocrine,wine,undermine,sunshine,fein,canine,alpine,underline,pipeline,feline,palatine,grapevine,malign,quinine,punchline,clementine,opine,bovine,nine,shrine,trine,byline,spine,confine,stine,airline,crystalline,devine,define,hotline,brine,skyline,assign,valentine,incline,iodine,lupine,supine,frontline,sign,eglantine,refine,outline,lifeline,swine,entwine,deadline,mine,saccharine,divine,combine,tagline,stein,headline,ballantine,design,moonshine,byzantine,concubine,enshrine,benign,alkaline,sine,storyline,equine,affine,chine,borderline,serpentine,pine,fine,align,twine,turpentine
baseliner,
baselines,brines,sines,combines,reclines,coastlines,bloodlines,inclines,burdines,declines,undermines,wynes,guynes,opines,quarantines,aligns,headlines,glines,concubines,alines,underlines,porcupines,shines,heines,twines,defines,allgemeines,neyens,whines,karlheinz,guidelines,tynes,tines,rynes,canines,affines,airlines,chines,heins,dines,storylines,landmines,hynes,datelines,clines,nightlines,kinds,huffines,spines,villines,dynes,bines,mines,deadlines,heinz,rhines,hines,valentines,pipelines,refines,sidelines,lynes,vines,splines,bynes,designs,shrines,skylines,lifelines,kines,outshines,gines,steins,resigns,hotlines,swines,rhynes,grapevines,pines,hemlines,strandlines,confines,rines,heinze,zines,fines,signs,felines,redefines,assigns,wines,steines,lines,columbines,jines,outlines,nines,stines,pynes
baseline's,
basella,
basellaceae,
basellaceous,
basel-land,
basel-mulhouse,
basel-stadt,
baseman,kaseman,haseman
basemen,
basement,casement,placement,emplacement,outplacement,retracement,debasement,replacement,displacement
basementless,
basements,emplacements,casements,replacements,displacements,placements
basement's,
basementward,
base-mettled,
base-minded,
base-mindedly,
base-mindedness,
basename,
baseness,
basenesses,
basenet,
basenji,kenji,benjy
basenjis,
baseplate,faceplate
baseplug,
basepoint,
baser,casar,raysor,tracor,bracer,eraser,pacer,tracer,chaser,racer,spacer,kacer,lacer,acer,facer,placer
baserunning,
bases,displaces,airspaces,braces,atlases,spaces,typefaces,oases,databases,workplaces,faces,suitcases,bookcases,fireplaces,chases,embraces,races,mesas,briefcases,macys,cases,basses,casease,laces,showcases,places,lacis,birthplaces,replaces,staircases,marketplaces,graces,shoelaces,aysos,erases,chasis,facies,paces,misplaces,interfaces,outpaces,vases,traces
base-souled,
base-spirited,
base-spiritedness,
basest,racist,bassist
base-witted,
bas-fond,
bash,gnash,abash,slash,lasch,splash,brasch,dash,noncash,clash,basch,nash,shash,moustache,balderdash,ash,whiplash,asche,tash,crash,lash,thrash,mishmash,plash,brash,smash,backslash,hasch,sash,mustache,cache,stash,potash,mash,nashe,kash,gash,hash,ashe,backlash,eyelash,rash,pash,flash,rasch,cybercash,jordache,slapdash,asch,rehash,trash,dasch,cash
bashalick,
basham,lashomb,bassham,hashem,hashim
bashan,sation,passion,fashion,paschen,tashin,compassion,impassion,ration,cashin,ascian,mcglashan,ashen,cashen,cashon
bashara,
bashaw,draw,ya,hurrah,yah,schwa,straw,awe,pa,chutzpah,yaw,faw,voila,slaw,naw,fermata,wa,baccarat,utah,ma,ra,haw,seesaw,rawe,xio,shah,chaw,paw,dumas,hacksaw,gras,blah,maw,whipsaw,ka,bois,squaw,ahh,wah,overdraw,da,arkansas,pshaw,baja,bourgeois,caw,pasha,hah,cha,sha,nah,ga,chihuahua,bah,dada,grandpa,sa,bylaw,flaw,thaw,rah,craw,saw,daw,scrimshaw,ona,panama,ottawa,jigsaw,macaw,ha,moi,aha,jaw,gaw,spa,na,draugh,redraw,omaha,aw,law,doha,la,ja,withdraw,hoopla,bra,claw,esau,ah,trois,gnaw,outlaw,qua,ta,raw,shaw,chainsaw,coleslaw,guffaw
bashawdom,
bashawism,
bashaws,
bashawship,
bashed,mashed,dashed,slashed,fashed,lashed,smashed,cashed,clashed,crashed,sashed,flashed,hashed,thrashed,abashed,gnashed,plashed,trashed,unabashed,gashed,mustached,rasht,stashed,cached,splashed
bashee,
bashemath,
bashemeth,
basher,bashor,smasher,rasher,dasher,hasher,thrasher,flasher,frasher,bashore,casher,brasher,asher,splasher,masher,slasher,ashur,lasher,ascher,crasher
bashers,hashers,flashers,brashers,slashers,crashers,rashers,dashers,thrashers
bashes,whiplashes,cashes,thrashes,slashes,gashes,mattias,lashes,smashes,caches,hashes,trashes,splashes,crashes,stashes,backslashes,ashes,dashes,rashes,flashes,eyelashes,backlashes,mashes,gnashes,mustaches,clashes,sashes
bashful,gashful
bashfully,
bashfulness,
bashfulnesses,
bashibazouk,
bashi-bazouk,
bashi-bazoukery,
bashilange,
bashyle,
bashing,hashing,caching,clashing,plashing,trashing,fasching,gnashing,stashing,cashing,lashing,crashing,smashing,rehashing,splashing,slashing,fashing,flashing,mashing,dashing,thrashing,gashing
bashkir,lashkar,ashir,kasher
bashkiria,
bashless,cashless
bashlik,
bashlyk,
bashlyks,
bashment,
bashmuric,
basho,
bashuk,
basi-,fossey,dossey,flossy,licausi,saucy,lossy,aussie,tomassi,benassi,delacy,demasi,galassi,fossae,byassee,lagasse,fauci,glossy,flossie,dibiase,degrasse,cacaci,delrossi,drosky,diblasi,gervasi,rossi,anastasi,fausey,dimasi,debiase,dosie,eminase,stasi,mossey,cortopassi,ossie,distasi,quasi,posse,croci,bossy,masi,cossey,biasi,rossie,quasi-,tomasi,tossy,nastasi,gerbasi,glossae,mossi,drossy,lambiase,lacasse,losey,mossy,dawsey,bossie,denosse,bosky,basi,abbasi
basia,plasia
basial,
basialveolar,
basiarachnitis,
basiarachnoiditis,
basiate,
basiated,
basiating,
basiation,
basibracteolate,
basibranchial,
basibranchiate,
basibregmatic,
basic,caseic,baisakh,hesik,diabasic
basically,
basicerite,
basichromatic,
basichromatin,
basichromatinic,
basichromiole,
basicity,
basicities,
basicytoparaplastin,
basic-lined,
basicranial,
basics,basix
basic's,
basidia,pisidia,piscidia
basidial,
basidigital,
basidigitale,
basidigitalia,
basidiocarp,
basidiogenetic,
basidiolichen,
basidiolichenes,
basidiomycete,
basidiomycetes,
basidiomycetous,
basidiophore,
basidiospore,
basidiosporous,
basidium,aecidium
basidorsal,
basie,pavese,dazey,mazie,lanese,crazy,buthelezi,blasi,slazy,scorsese,albanese,calabrese,leccese,cortese,bolognese,swayze,hazy,bruzzese,glazy,abruzzese,cassese,matarese,cicalese,colaizzi,jasey,palese,abbruzzese,daisy,butulesi,lazy,razee,francese,plasy,lucchese,catanese,chianese,savarese,pugliese,maisie,farese,coglianese,danese,franzese,annese
basye,dassie,tassie,glasseye
basifacial,
basify,
basification,
basified,
basifier,
basifiers,
basifies,
basifying,
basifixed,
basifugal,
basigamy,
basigamous,
basigenic,
basigenous,
basigynium,
basiglandular,
basihyal,
basihyoid,
basil,brazell,razzle,gazel,brazill,hazell,tazel,brazel,brazzell,dazzle,jazel,frazil,bazzell,brazzel,frazzle,bazzle,drazel,lazzell
basyl,
basilan,resilin
basilar,dazzler
basilarchia,
basilard,
basilary,
basilateral,
basildon,
basile,throstle,docile,apostle,wassel,cawsl,jostle,dossil,dosel,colossal,postle,trostle,fossil,drossel,hosel,roselle,dossel,wassell,bhosle,stossel,krossel,rossel,wasil,vasile,rossell,glossal,microfossil,nosel,tossel,possehl,fossel,losel
basilect,
basileis,
basilemma,
basileus,asilus
basilian,azilian
basilic,
basilica,silica
basilicae,
basilical,
basilicalike,
basilican,
basilicas,
basilicata,
basilicate,
basilicock,
basilicon,
basilics,
basilidan,
basilidian,
basilidianism,
,
